coin,timestamp_ms,rate,datetime
ADA,1786139442530,-0.021335,2026-08-07 21:50
ADA,1786139442530,-0.003711,2026-08-07 21:50
ADA,1786139442530,-0.001467,2026-08-07 21:50
ADA,1786139442530,-0.001363,2026-08-07 21:50
ADA,1786139442530,-0.001128,2026-08-07 21:50
ADA,1786139442530,-0.001105,2026-08-07 21:50
ADA,1786139442530,-0.001053,2026-08-07 21:50
ADA,1786139442530,-0.000999,2026-08-07 21:50
ADA,1786139442530,-0.000793,2026-08-07 21:50
ADA,1786139442530,-0.000714,2026-08-07 21:50
ADA,1786139442530,-0.000706,2026-08-07 21:50
ADA,1786139442530,-0.000682,2026-08-07 21:50
ADA,1786139442530,-0.00056,2026-08-07 21:50
ADA,1786139442530,-0.000496,2026-08-07 21:50
ADA,1786139442530,-0.000443,2026-08-07 21:50
ADA,1786139442530,-0.000434,2026-08-07 21:50
ADA,1786139442530,-0.000365,2026-08-07 21:50
ADA,1786139442530,-0.000345,2026-08-07 21:50
ADA,1786139442530,-0.000343,2026-08-07 21:50
ADA,1786139442530,-0.000341,2026-08-07 21:50
ADA,1786139442530,-0.000338,2026-08-07 21:50
ADA,1786139442530,-0.000327,2026-08-07 21:50
ADA,1786139442530,-0.000285,2026-08-07 21:50
ADA,1786139442530,-0.000262,2026-08-07 21:50
ADA,1786139442530,-0.000257,2026-08-07 21:50
ADA,1786139442530,-0.000236,2026-08-07 21:50
ADA,1786139442530,-0.000232,2026-08-07 21:50
ADA,1786139442530,-0.000214,2026-08-07 21:50
ADA,1786139442530,-0.000202,2026-08-07 21:50
ADA,1786139442530,-0.0002,2026-08-07 21:50
ADA,1786139442530,-0.0002,2026-08-07 21:50
ADA,1786139442530,-0.0002,2026-08-07 21:50
ADA,1786139442530,-0.0002,2026-08-07 21:50
ADA,1786139442530,-0.0002,2026-08-07 21:50
ADA,1786139442530,-0.000196,2026-08-07 21:50
ADA,1786139442530,-0.00019,2026-08-07 21:50
ADA,1786139442530,-0.000186,2026-08-07 21:50
ADA,1786139442530,-0.000166,2026-08-07 21:50
ADA,1786139442530,-0.000162,2026-08-07 21:50
ADA,1786139442530,-0.000162,2026-08-07 21:50
ADA,1786139442530,-0.000146,2026-08-07 21:50
ADA,1786139442530,-0.000144,2026-08-07 21:50
ADA,1786139442530,-0.000144,2026-08-07 21:50
ADA,1786139442530,-0.000143,2026-08-07 21:50
ADA,1786139442530,-0.000142,2026-08-07 21:50
ADA,1786139442530,-0.000141,2026-08-07 21:50
ADA,1786139442530,-0.000137,2026-08-07 21:50
ADA,1786139442530,-0.000136,2026-08-07 21:50
ADA,1786139442530,-0.000133,2026-08-07 21:50
ADA,1786139442530,-0.000132,2026-08-07 21:50
ADA,1786139442530,-0.000124,2026-08-07 21:50
ADA,1786139442530,-0.00012,2026-08-07 21:50
ADA,1786139442530,-0.00011,2026-08-07 21:50
ADA,1786139442530,-0.000108,2026-08-07 21:50
ADA,1786139442530,-0.000107,2026-08-07 21:50
ADA,1786139442530,-0.000105,2026-08-07 21:50
ADA,1786139442530,-0.000102,2026-08-07 21:50
ADA,1786139442530,-0.000101,2026-08-07 21:50
ADA,1786139442530,-9.4e-05,2026-08-07 21:50
ADA,1786139442530,-9.4e-05,2026-08-07 21:50
ADA,1786139442530,-8.7e-05,2026-08-07 21:50
ADA,1786139442530,-8.4e-05,2026-08-07 21:50
ADA,1786139442530,-8.4e-05,2026-08-07 21:50
ADA,1786139442530,-8e-05,2026-08-07 21:50
ADA,1786139442530,-7e-05,2026-08-07 21:50
ADA,1786139442530,-6.5e-05,2026-08-07 21:50
ADA,1786139442530,-6.1e-05,2026-08-07 21:50
ADA,1786139442530,-5.6e-05,2026-08-07 21:50
ADA,1786139442530,-5.6e-05,2026-08-07 21:50
ADA,1786139442530,-5.4e-05,2026-08-07 21:50
ADA,1786139442530,-5.2e-05,2026-08-07 21:50
ADA,1786139442530,-5e-05,2026-08-07 21:50
ADA,1786139442530,-4.8e-05,2026-08-07 21:50
ADA,1786139442530,-4.8e-05,2026-08-07 21:50
ADA,1786139442530,-4.6e-05,2026-08-07 21:50
ADA,1786139442530,-4.6e-05,2026-08-07 21:50
ADA,1786139442530,-3.1e-05,2026-08-07 21:50
ADA,1786139442530,-3.1e-05,2026-08-07 21:50
ADA,1786139442530,-3.1e-05,2026-08-07 21:50
ADA,1786139442530,-3e-05,2026-08-07 21:50
ADA,1786139442530,-2.4e-05,2026-08-07 21:50
ADA,1786139442530,-2.2e-05,2026-08-07 21:50
ADA,1786139442530,-2e-05,2026-08-07 21:50
ADA,1786139442530,-1.9e-05,2026-08-07 21:50
ADA,1786139442530,-1.8e-05,2026-08-07 21:50
ADA,1786139442530,-1.7e-05,2026-08-07 21:50
ADA,1786139442530,-1.5e-05,2026-08-07 21:50
ADA,1786139442530,-1.5e-05,2026-08-07 21:50
ADA,1786139442530,-1.4e-05,2026-08-07 21:50
ADA,1786139442530,-1.4e-05,2026-08-07 21:50
ADA,1786139442530,-1.3e-05,2026-08-07 21:50
ADA,1786139442530,-1.3e-05,2026-08-07 21:50
ADA,1786139442530,-1.3e-05,2026-08-07 21:50
ADA,1786139442530,-1.2e-05,2026-08-07 21:50
ADA,1786139442530,-1e-05,2026-08-07 21:50
ADA,1786139442530,-9e-06,2026-08-07 21:50
ADA,1786139442530,-7e-06,2026-08-07 21:50
ADA,1786139442530,-7e-06,2026-08-07 21:50
ADA,1786139442530,-7e-06,2026-08-07 21:50
ADA,1786139442530,-6e-06,2026-08-07 21:50
ADA,1786139442530,-6e-06,2026-08-07 21:50
ADA,1786139442530,-2e-06,2026-08-07 21:50
ADA,1786139442530,-2e-06,2026-08-07 21:50
ADA,1786139442530,0.0,2026-08-07 21:50
ADA,1786139442530,0.0,2026-08-07 21:50
ADA,1786139442530,0.0,2026-08-07 21:50
ADA,1786139442530,0.0,2026-08-07 21:50
ADA,1786139442530,0.0,2026-08-07 21:50
ADA,1786139442530,0.0,2026-08-07 21:50
ADA,1786139442530,0.0,2026-08-07 21:50
ADA,1786139442530,0.0,2026-08-07 21:50
ADA,1786139442530,0.0,2026-08-07 21:50
ADA,1786139442530,0.0,2026-08-07 21:50
ADA,1786139442530,0.0,2026-08-07 21:50
ADA,1786139442530,0.0,2026-08-07 21:50
ADA,1786139442530,0.0,2026-08-07 21:50
ADA,1786139442530,0.0,2026-08-07 21:50
ADA,1786139442530,0.0,2026-08-07 21:50
ADA,1786139442530,0.0,2026-08-07 21:50
ADA,1786139442530,0.0,2026-08-07 21:50
ADA,1786139442530,0.0,2026-08-07 21:50
ADA,1786139442530,0.0,2026-08-07 21:50
ADA,1786139442530,0.0,2026-08-07 21:50
ADA,1786139442530,0.0,2026-08-07 21:50
ADA,1786139442530,0.0,2026-08-07 21:50
ADA,1786139442530,0.0,2026-08-07 21:50
ADA,1786139442530,0.0,2026-08-07 21:50
ADA,1786139442530,0.0,2026-08-07 21:50
ADA,1786139442530,0.0,2026-08-07 21:50
ADA,1786139442530,0.0,2026-08-07 21:50
ADA,1786139442530,0.0,2026-08-07 21:50
ADA,1786139442530,0.0,2026-08-07 21:50
ADA,1786139442530,0.0,2026-08-07 21:50
ADA,1786139442530,0.0,2026-08-07 21:50
ADA,1786139442530,0.0,2026-08-07 21:50
ADA,1786139442530,0.0,2026-08-07 21:50
ADA,1786139442530,0.0,2026-08-07 21:50
ADA,1786139442530,0.0,2026-08-07 21:50
ADA,1786139442530,0.0,2026-08-07 21:50
ADA,1786139442530,0.0,2026-08-07 21:50
ADA,1786139442530,0.0,2026-08-07 21:50
ADA,1786139442530,0.0,2026-08-07 21:50
ADA,1786139442530,0.0,2026-08-07 21:50
ADA,1786139442530,0.0,2026-08-07 21:50
ADA,1786139442530,0.0,2026-08-07 21:50
ADA,1786139442530,0.0,2026-08-07 21:50
ADA,1786139442530,0.0,2026-08-07 21:50
ADA,1786139442530,0.0,2026-08-07 21:50
ADA,1786139442530,0.0,2026-08-07 21:50
ADA,1786139442530,0.0,2026-08-07 21:50
ADA,1786139442530,0.0,2026-08-07 21:50
ADA,1786139442530,0.0,2026-08-07 21:50
ADA,1786139442530,0.0,2026-08-07 21:50
ADA,1786139442530,0.0,2026-08-07 21:50
ADA,1786139442530,0.0,2026-08-07 21:50
ADA,1786139442530,0.0,2026-08-07 21:50
ADA,1786139442530,0.0,2026-08-07 21:50
ADA,1786139442530,0.0,2026-08-07 21:50
ADA,1786139442530,0.0,2026-08-07 21:50
ADA,1786139442530,0.0,2026-08-07 21:50
ADA,1786139442530,0.0,2026-08-07 21:50
ADA,1786139442530,0.0,2026-08-07 21:50
ADA,1786139442530,1e-06,2026-08-07 21:50
ADA,1786139442530,1e-06,2026-08-07 21:50
ADA,1786139442530,2e-06,2026-08-07 21:50
ADA,1786139442530,3e-06,2026-08-07 21:50
ADA,1786139442530,5e-06,2026-08-07 21:50
ADA,1786139442530,5e-06,2026-08-07 21:50
ADA,1786139442530,6e-06,2026-08-07 21:50
ADA,1786139442530,6e-06,2026-08-07 21:50
ADA,1786139442530,6e-06,2026-08-07 21:50
ADA,1786139442530,6e-06,2026-08-07 21:50
ADA,1786139442530,9e-06,2026-08-07 21:50
ADA,1786139442530,1e-05,2026-08-07 21:50
ADA,1786139442530,1.2e-05,2026-08-07 21:50
ADA,1786139442530,1.4e-05,2026-08-07 21:50
ADA,1786139442530,1.4e-05,2026-08-07 21:50
ADA,1786139442530,1.5e-05,2026-08-07 21:50
ADA,1786139442530,1.7e-05,2026-08-07 21:50
ADA,1786139442530,1.8e-05,2026-08-07 21:50
ADA,1786139442530,1.9e-05,2026-08-07 21:50
ADA,1786139442530,2.1e-05,2026-08-07 21:50
ADA,1786139442530,2.4e-05,2026-08-07 21:50
ADA,1786139442530,2.4e-05,2026-08-07 21:50
ADA,1786139442530,2.4e-05,2026-08-07 21:50
ADA,1786139442530,2.5e-05,2026-08-07 21:50
ADA,1786139442530,2.8e-05,2026-08-07 21:50
ADA,1786139442530,2.8e-05,2026-08-07 21:50
ADA,1786139442530,3e-05,2026-08-07 21:50
ADA,1786139442530,3.2e-05,2026-08-07 21:50
ADA,1786139442530,3.2e-05,2026-08-07 21:50
ADA,1786139442530,3.2e-05,2026-08-07 21:50
ADA,1786139442530,3.4e-05,2026-08-07 21:50
ADA,1786139442530,3.5e-05,2026-08-07 21:50
ADA,1786139442530,3.6e-05,2026-08-07 21:50
ADA,1786139442530,4.4e-05,2026-08-07 21:50
ADA,1786139442530,5e-05,2026-08-07 21:50
ADA,1786139442530,5e-05,2026-08-07 21:50
ADA,1786139442530,5e-05,2026-08-07 21:50
ADA,1786139442530,5e-05,2026-08-07 21:50
ADA,1786139442530,5e-05,2026-08-07 21:50
ADA,1786139442530,5e-05,2026-08-07 21:50
ADA,1786139442530,5e-05,2026-08-07 21:50
ADA,1786139442530,5e-05,2026-08-07 21:50
ADA,1786139442530,5e-05,2026-08-07 21:50
ADA,1786139442530,5e-05,2026-08-07 21:50
ADA,1786139442530,5e-05,2026-08-07 21:50
ADA,1786139442530,5e-05,2026-08-07 21:50
ADA,1786139442530,5e-05,2026-08-07 21:50
ADA,1786139442530,5e-05,2026-08-07 21:50
ADA,1786139442530,5e-05,2026-08-07 21:50
ADA,1786139442530,5e-05,2026-08-07 21:50
ADA,1786139442530,5e-05,2026-08-07 21:50
ADA,1786139442530,5e-05,2026-08-07 21:50
ADA,1786139442530,5e-05,2026-08-07 21:50
ADA,1786139442530,5e-05,2026-08-07 21:50
ADA,1786139442530,5e-05,2026-08-07 21:50
ADA,1786139442530,5e-05,2026-08-07 21:50
ADA,1786139442530,5e-05,2026-08-07 21:50
ADA,1786139442530,5e-05,2026-08-07 21:50
ADA,1786139442530,5e-05,2026-08-07 21:50
ADA,1786139442530,5e-05,2026-08-07 21:50
ADA,1786139442530,5e-05,2026-08-07 21:50
ADA,1786139442530,5e-05,2026-08-07 21:50
ADA,1786139442530,5e-05,2026-08-07 21:50
ADA,1786139442530,5e-05,2026-08-07 21:50
ADA,1786139442530,5e-05,2026-08-07 21:50
ADA,1786139442530,5e-05,2026-08-07 21:50
ADA,1786139442530,5e-05,2026-08-07 21:50
ADA,1786139442530,5e-05,2026-08-07 21:50
ADA,1786139442530,5e-05,2026-08-07 21:50
ADA,1786139442530,5e-05,2026-08-07 21:50
ADA,1786139442530,5e-05,2026-08-07 21:50
ADA,1786139442530,5e-05,2026-08-07 21:50
ADA,1786139442530,5e-05,2026-08-07 21:50
ADA,1786139442530,5e-05,2026-08-07 21:50
ADA,1786139442530,5e-05,2026-08-07 21:50
ADA,1786139442530,5e-05,2026-08-07 21:50
ADA,1786139442530,5e-05,2026-08-07 21:50
ADA,1786139442530,5e-05,2026-08-07 21:50
ADA,1786139442530,5e-05,2026-08-07 21:50
ADA,1786139442530,5e-05,2026-08-07 21:50
ADA,1786139442530,5e-05,2026-08-07 21:50
ADA,1786139442530,5e-05,2026-08-07 21:50
ADA,1786139442530,5e-05,2026-08-07 21:50
ADA,1786139442530,5e-05,2026-08-07 21:50
ADA,1786139442530,5e-05,2026-08-07 21:50
ADA,1786139442530,5e-05,2026-08-07 21:50
ADA,1786139442530,5e-05,2026-08-07 21:50
ADA,1786139442530,5e-05,2026-08-07 21:50
ADA,1786139442530,5e-05,2026-08-07 21:50
ADA,1786139442530,5e-05,2026-08-07 21:50
ADA,1786139442530,5e-05,2026-08-07 21:50
ADA,1786139442530,5e-05,2026-08-07 21:50
ADA,1786139442530,5e-05,2026-08-07 21:50
ADA,1786139442530,5e-05,2026-08-07 21:50
ADA,1786139442530,5e-05,2026-08-07 21:50
ADA,1786139442530,5e-05,2026-08-07 21:50
ADA,1786139442530,5e-05,2026-08-07 21:50
ADA,1786139442530,5e-05,2026-08-07 21:50
ADA,1786139442530,5e-05,2026-08-07 21:50
ADA,1786139442530,5e-05,2026-08-07 21:50
ADA,1786139442530,5e-05,2026-08-07 21:50
ADA,1786139442530,5e-05,2026-08-07 21:50
ADA,1786139442530,5e-05,2026-08-07 21:50
ADA,1786139442530,5e-05,2026-08-07 21:50
ADA,1786139442530,5e-05,2026-08-07 21:50
ADA,1786139442530,5e-05,2026-08-07 21:50
ADA,1786139442530,5e-05,2026-08-07 21:50
ADA,1786139442530,5e-05,2026-08-07 21:50
ADA,1786139442530,5e-05,2026-08-07 21:50
ADA,1786139442530,5e-05,2026-08-07 21:50
ADA,1786139442530,5e-05,2026-08-07 21:50
ADA,1786139442530,5e-05,2026-08-07 21:50
ADA,1786139442530,5e-05,2026-08-07 21:50
ADA,1786139442530,5e-05,2026-08-07 21:50
ADA,1786139442530,5e-05,2026-08-07 21:50
ADA,1786139442530,5e-05,2026-08-07 21:50
ADA,1786139442530,5e-05,2026-08-07 21:50
ADA,1786139442530,5e-05,2026-08-07 21:50
ADA,1786139442530,5e-05,2026-08-07 21:50
ADA,1786139442530,5e-05,2026-08-07 21:50
ADA,1786139442530,5e-05,2026-08-07 21:50
ADA,1786139442530,5e-05,2026-08-07 21:50
ADA,1786139442530,5e-05,2026-08-07 21:50
ADA,1786139442530,5e-05,2026-08-07 21:50
ADA,1786139442530,5e-05,2026-08-07 21:50
ADA,1786139442530,5e-05,2026-08-07 21:50
ADA,1786139442530,5e-05,2026-08-07 21:50
ADA,1786139442530,5e-05,2026-08-07 21:50
ADA,1786139442530,5e-05,2026-08-07 21:50
ADA,1786139442530,5e-05,2026-08-07 21:50
ADA,1786139442530,5e-05,2026-08-07 21:50
ADA,1786139442530,5e-05,2026-08-07 21:50
ADA,1786139442530,5e-05,2026-08-07 21:50
ADA,1786139442530,5e-05,2026-08-07 21:50
ADA,1786139442530,5e-05,2026-08-07 21:50
ADA,1786139442530,5e-05,2026-08-07 21:50
ADA,1786139442530,5e-05,2026-08-07 21:50
ADA,1786139442530,5e-05,2026-08-07 21:50
ADA,1786139442530,5e-05,2026-08-07 21:50
ADA,1786139442530,5e-05,2026-08-07 21:50
ADA,1786139442530,5.1e-05,2026-08-07 21:50
ADA,1786139442530,5.5e-05,2026-08-07 21:50
ADA,1786139442530,5.6e-05,2026-08-07 21:50
ADA,1786139442530,5.7e-05,2026-08-07 21:50
ADA,1786139442530,5.7e-05,2026-08-07 21:50
ADA,1786139442530,6.5e-05,2026-08-07 21:50
ADA,1786139442530,6.5e-05,2026-08-07 21:50
ADA,1786139442530,6.9e-05,2026-08-07 21:50
ADA,1786139442530,6.9e-05,2026-08-07 21:50
ADA,1786139442530,7.1e-05,2026-08-07 21:50
ADA,1786139442530,7.2e-05,2026-08-07 21:50
ADA,1786139442530,7.4e-05,2026-08-07 21:50
ADA,1786139442530,7.5e-05,2026-08-07 21:50
ADA,1786139442530,7.8e-05,2026-08-07 21:50
ADA,1786139442530,7.9e-05,2026-08-07 21:50
ADA,1786139442530,8.3e-05,2026-08-07 21:50
ADA,1786139442530,8.3e-05,2026-08-07 21:50
ADA,1786139442530,8.6e-05,2026-08-07 21:50
ADA,1786139442530,8.7e-05,2026-08-07 21:50
ADA,1786139442530,9.3e-05,2026-08-07 21:50
ADA,1786139442530,9.7e-05,2026-08-07 21:50
ADA,1786139442530,9.9e-05,2026-08-07 21:50
ADA,1786139442530,0.0001,2026-08-07 21:50
ADA,1786139442530,0.0001,2026-08-07 21:50
ADA,1786139442530,0.0001,2026-08-07 21:50
ADA,1786139442530,0.0001,2026-08-07 21:50
ADA,1786139442530,0.0001,2026-08-07 21:50
ADA,1786139442530,0.0001,2026-08-07 21:50
ADA,1786139442530,0.0001,2026-08-07 21:50
ADA,1786139442530,0.0001,2026-08-07 21:50
ADA,1786139442530,0.0001,2026-08-07 21:50
ADA,1786139442530,0.0001,2026-08-07 21:50
ADA,1786139442530,0.0001,2026-08-07 21:50
ADA,1786139442530,0.0001,2026-08-07 21:50
ADA,1786139442530,0.0001,2026-08-07 21:50
ADA,1786139442530,0.0001,2026-08-07 21:50
ADA,1786139442530,0.0001,2026-08-07 21:50
ADA,1786139442530,0.0001,2026-08-07 21:50
ADA,1786139442530,0.0001,2026-08-07 21:50
ADA,1786139442530,0.0001,2026-08-07 21:50
ADA,1786139442530,0.0001,2026-08-07 21:50
ADA,1786139442530,0.0001,2026-08-07 21:50
ADA,1786139442530,0.0001,2026-08-07 21:50
ADA,1786139442530,0.0001,2026-08-07 21:50
ADA,1786139442530,0.0001,2026-08-07 21:50
ADA,1786139442530,0.0001,2026-08-07 21:50
ADA,1786139442530,0.0001,2026-08-07 21:50
ADA,1786139442530,0.0001,2026-08-07 21:50
ADA,1786139442530,0.0001,2026-08-07 21:50
ADA,1786139442530,0.0001,2026-08-07 21:50
ADA,1786139442530,0.000105,2026-08-07 21:50
ADA,1786139442530,0.000111,2026-08-07 21:50
ADA,1786139442530,0.000112,2026-08-07 21:50
ADA,1786139442530,0.000115,2026-08-07 21:50
ADA,1786139442530,0.00012,2026-08-07 21:50
ADA,1786139442530,0.000121,2026-08-07 21:50
ADA,1786139442530,0.00013,2026-08-07 21:50
ADA,1786139442530,0.000131,2026-08-07 21:50
ADA,1786139442530,0.000134,2026-08-07 21:50
ADA,1786139442530,0.000137,2026-08-07 21:50
ADA,1786139442530,0.000149,2026-08-07 21:50
ADA,1786139442530,0.000152,2026-08-07 21:50
ADA,1786139442530,0.000155,2026-08-07 21:50
ADA,1786139442530,0.000192,2026-08-07 21:50
ADA,1786139442530,0.0002,2026-08-07 21:50
ADA,1786139442530,0.0002,2026-08-07 21:50
ADA,1786139442530,0.0002,2026-08-07 21:50
ADA,1786139442530,0.0002,2026-08-07 21:50
ADA,1786139442530,0.0002,2026-08-07 21:50
ADA,1786139442530,0.0002,2026-08-07 21:50
ADA,1786139442530,0.0002,2026-08-07 21:50
ADA,1786139442530,0.0002,2026-08-07 21:50
ADA,1786139442530,0.0002,2026-08-07 21:50
ADA,1786139442530,0.0002,2026-08-07 21:50
ADA,1786139442530,0.0002,2026-08-07 21:50
ADA,1786139442530,0.0002,2026-08-07 21:50
ADA,1786139442530,0.0002,2026-08-07 21:50
ADA,1786139442530,0.0002,2026-08-07 21:50
ADA,1786139442530,0.0002,2026-08-07 21:50
ADA,1786139442530,0.0002,2026-08-07 21:50
ADA,1786139442530,0.0002,2026-08-07 21:50
ADA,1786139442530,0.0002,2026-08-07 21:50
ADA,1786139442530,0.0002,2026-08-07 21:50
ADA,1786139442530,0.0002,2026-08-07 21:50
ADA,1786139442530,0.000202,2026-08-07 21:50
ADA,1786139442530,0.000207,2026-08-07 21:50
ADA,1786139442530,0.00021,2026-08-07 21:50
ADA,1786139442530,0.000215,2026-08-07 21:50
ADA,1786139442530,0.000228,2026-08-07 21:50
ADA,1786139442530,0.000238,2026-08-07 21:50
ADA,1786139442530,0.000243,2026-08-07 21:50
ADA,1786139442530,0.000278,2026-08-07 21:50
ADA,1786139442530,0.000282,2026-08-07 21:50
ADA,1786139442530,0.000288,2026-08-07 21:50
ADA,1786139442530,0.000295,2026-08-07 21:50
ADA,1786139442530,0.000306,2026-08-07 21:50
ADA,1786139442530,0.000342,2026-08-07 21:50
ADA,1786139442530,0.000372,2026-08-07 21:50
ADA,1786139442530,0.000378,2026-08-07 21:50
ADA,1786139442530,0.000434,2026-08-07 21:50
ADA,1786139442530,0.000459,2026-08-07 21:50
ADA,1786139442530,0.000475,2026-08-07 21:50
ADA,1786139442530,0.000491,2026-08-07 21:50
ADA,1786139442530,0.000523,2026-08-07 21:50
ADA,1786139442530,0.000582,2026-08-07 21:50
ADA,1786139442530,0.000817,2026-08-07 21:50
ADA,1786139442530,0.001067,2026-08-07 21:50
ADA,1786139442531,-0.002676,2026-08-07 21:50
ADA,1786139442531,-0.002549,2026-08-07 21:50
ADA,1786139442531,-0.002374,2026-08-07 21:50
ADA,1786139442531,-0.001262,2026-08-07 21:50
ADA,1786139442531,-0.001183,2026-08-07 21:50
ADA,1786139442531,-0.000907,2026-08-07 21:50
ADA,1786139442531,-0.000665,2026-08-07 21:50
ADA,1786139442531,-0.000614,2026-08-07 21:50
ADA,1786139442531,-0.00056,2026-08-07 21:50
ADA,1786139442531,-0.000439,2026-08-07 21:50
ADA,1786139442531,-0.000413,2026-08-07 21:50
ADA,1786139442531,-0.000383,2026-08-07 21:50
ADA,1786139442531,-0.000345,2026-08-07 21:50
ADA,1786139442531,-0.000301,2026-08-07 21:50
ADA,1786139442531,-0.000298,2026-08-07 21:50
ADA,1786139442531,-0.000277,2026-08-07 21:50
ADA,1786139442531,-0.000238,2026-08-07 21:50
ADA,1786139442531,-0.000223,2026-08-07 21:50
ADA,1786139442531,-0.000217,2026-08-07 21:50
ADA,1786139442531,-0.0002,2026-08-07 21:50
ADA,1786139442531,-0.0002,2026-08-07 21:50
ADA,1786139442531,-0.0002,2026-08-07 21:50
ADA,1786139442531,-0.0002,2026-08-07 21:50
ADA,1786139442531,-0.0002,2026-08-07 21:50
ADA,1786139442531,-0.0002,2026-08-07 21:50
ADA,1786139442531,-0.0002,2026-08-07 21:50
ADA,1786139442531,-0.0002,2026-08-07 21:50
ADA,1786139442531,-0.0002,2026-08-07 21:50
ADA,1786139442531,-0.00019,2026-08-07 21:50
ADA,1786139442531,-0.000182,2026-08-07 21:50
ADA,1786139442531,-0.000167,2026-08-07 21:50
ADA,1786139442531,-0.00016,2026-08-07 21:50
ADA,1786139442531,-0.000156,2026-08-07 21:50
ADA,1786139442531,-0.000154,2026-08-07 21:50
ADA,1786139442531,-0.000149,2026-08-07 21:50
ADA,1786139442531,-0.000148,2026-08-07 21:50
ADA,1786139442531,-0.000148,2026-08-07 21:50
ADA,1786139442531,-0.000147,2026-08-07 21:50
ADA,1786139442531,-0.000146,2026-08-07 21:50
ADA,1786139442531,-0.000145,2026-08-07 21:50
ADA,1786139442531,-0.000145,2026-08-07 21:50
ADA,1786139442531,-0.000144,2026-08-07 21:50
ADA,1786139442531,-0.000141,2026-08-07 21:50
ADA,1786139442531,-0.000141,2026-08-07 21:50
ADA,1786139442531,-0.000141,2026-08-07 21:50
ADA,1786139442531,-0.00014,2026-08-07 21:50
ADA,1786139442531,-0.00014,2026-08-07 21:50
ADA,1786139442531,-0.00014,2026-08-07 21:50
ADA,1786139442531,-0.000139,2026-08-07 21:50
ADA,1786139442531,-0.000138,2026-08-07 21:50
ADA,1786139442531,-0.000137,2026-08-07 21:50
ADA,1786139442531,-0.000136,2026-08-07 21:50
ADA,1786139442531,-0.000136,2026-08-07 21:50
ADA,1786139442531,-0.000134,2026-08-07 21:50
ADA,1786139442531,-0.000133,2026-08-07 21:50
ADA,1786139442531,-0.000133,2026-08-07 21:50
ADA,1786139442531,-0.000133,2026-08-07 21:50
ADA,1786139442531,-0.000132,2026-08-07 21:50
ADA,1786139442531,-0.000132,2026-08-07 21:50
ADA,1786139442531,-0.000132,2026-08-07 21:50
ADA,1786139442531,-0.000132,2026-08-07 21:50
ADA,1786139442531,-0.000131,2026-08-07 21:50
ADA,1786139442531,-0.000131,2026-08-07 21:50
ADA,1786139442531,-0.000131,2026-08-07 21:50
ADA,1786139442531,-0.00013,2026-08-07 21:50
ADA,1786139442531,-0.000129,2026-08-07 21:50
ADA,1786139442531,-0.000129,2026-08-07 21:50
ADA,1786139442531,-0.000128,2026-08-07 21:50
ADA,1786139442531,-0.000128,2026-08-07 21:50
ADA,1786139442531,-0.000127,2026-08-07 21:50
ADA,1786139442531,-0.000127,2026-08-07 21:50
ADA,1786139442531,-0.000127,2026-08-07 21:50
ADA,1786139442531,-0.000126,2026-08-07 21:50
ADA,1786139442531,-0.000121,2026-08-07 21:50
ADA,1786139442531,-0.000121,2026-08-07 21:50
ADA,1786139442531,-0.000121,2026-08-07 21:50
ADA,1786139442531,-0.000117,2026-08-07 21:50
ADA,1786139442531,-0.000117,2026-08-07 21:50
ADA,1786139442531,-0.000115,2026-08-07 21:50
ADA,1786139442531,-0.000115,2026-08-07 21:50
ADA,1786139442531,-0.000114,2026-08-07 21:50
ADA,1786139442531,-0.000113,2026-08-07 21:50
ADA,1786139442531,-0.000111,2026-08-07 21:50
ADA,1786139442531,-0.000109,2026-08-07 21:50
ADA,1786139442531,-0.000109,2026-08-07 21:50
ADA,1786139442531,-9.7e-05,2026-08-07 21:50
ADA,1786139442531,-9.6e-05,2026-08-07 21:50
ADA,1786139442531,-9.3e-05,2026-08-07 21:50
ADA,1786139442531,-9.1e-05,2026-08-07 21:50
ADA,1786139442531,-8.9e-05,2026-08-07 21:50
ADA,1786139442531,-8.7e-05,2026-08-07 21:50
ADA,1786139442531,-8.5e-05,2026-08-07 21:50
ADA,1786139442531,-8.3e-05,2026-08-07 21:50
ADA,1786139442531,-7.8e-05,2026-08-07 21:50
ADA,1786139442531,-7.5e-05,2026-08-07 21:50
ADA,1786139442531,-7.4e-05,2026-08-07 21:50
ADA,1786139442531,-6.2e-05,2026-08-07 21:50
ADA,1786139442531,-6.1e-05,2026-08-07 21:50
ADA,1786139442531,-5.2e-05,2026-08-07 21:50
ADA,1786139442531,-5.2e-05,2026-08-07 21:50
ADA,1786139442531,-4.9e-05,2026-08-07 21:50
ADA,1786139442531,-4.9e-05,2026-08-07 21:50
ADA,1786139442531,-4.6e-05,2026-08-07 21:50
ADA,1786139442531,-4.5e-05,2026-08-07 21:50
ADA,1786139442531,-3.3e-05,2026-08-07 21:50
ADA,1786139442531,-2.9e-05,2026-08-07 21:50
ADA,1786139442531,-2.9e-05,2026-08-07 21:50
ADA,1786139442531,-2.9e-05,2026-08-07 21:50
ADA,1786139442531,-2.8e-05,2026-08-07 21:50
ADA,1786139442531,-2.5e-05,2026-08-07 21:50
ADA,1786139442531,-1.7e-05,2026-08-07 21:50
ADA,1786139442531,-1.7e-05,2026-08-07 21:50
ADA,1786139442531,-1.3e-05,2026-08-07 21:50
ADA,1786139442531,-1.3e-05,2026-08-07 21:50
ADA,1786139442531,-1.2e-05,2026-08-07 21:50
ADA,1786139442531,-1.1e-05,2026-08-07 21:50
ADA,1786139442531,-1e-05,2026-08-07 21:50
ADA,1786139442531,-9e-06,2026-08-07 21:50
ADA,1786139442531,-7e-06,2026-08-07 21:50
ADA,1786139442531,-7e-06,2026-08-07 21:50
ADA,1786139442531,-7e-06,2026-08-07 21:50
ADA,1786139442531,-5e-06,2026-08-07 21:50
ADA,1786139442531,-4e-06,2026-08-07 21:50
ADA,1786139442531,-4e-06,2026-08-07 21:50
ADA,1786139442531,0.0,2026-08-07 21:50
ADA,1786139442531,0.0,2026-08-07 21:50
ADA,1786139442531,0.0,2026-08-07 21:50
ADA,1786139442531,0.0,2026-08-07 21:50
ADA,1786139442531,0.0,2026-08-07 21:50
ADA,1786139442531,0.0,2026-08-07 21:50
ADA,1786139442531,0.0,2026-08-07 21:50
ADA,1786139442531,0.0,2026-08-07 21:50
ADA,1786139442531,0.0,2026-08-07 21:50
ADA,1786139442531,0.0,2026-08-07 21:50
ADA,1786139442531,0.0,2026-08-07 21:50
ADA,1786139442531,0.0,2026-08-07 21:50
ADA,1786139442531,0.0,2026-08-07 21:50
ADA,1786139442531,0.0,2026-08-07 21:50
ADA,1786139442531,0.0,2026-08-07 21:50
ADA,1786139442531,0.0,2026-08-07 21:50
ADA,1786139442531,0.0,2026-08-07 21:50
ADA,1786139442531,0.0,2026-08-07 21:50
ADA,1786139442531,0.0,2026-08-07 21:50
ADA,1786139442531,0.0,2026-08-07 21:50
ADA,1786139442531,0.0,2026-08-07 21:50
ADA,1786139442531,0.0,2026-08-07 21:50
ADA,1786139442531,0.0,2026-08-07 21:50
ADA,1786139442531,0.0,2026-08-07 21:50
ADA,1786139442531,0.0,2026-08-07 21:50
ADA,1786139442531,0.0,2026-08-07 21:50
ADA,1786139442531,0.0,2026-08-07 21:50
ADA,1786139442531,0.0,2026-08-07 21:50
ADA,1786139442531,0.0,2026-08-07 21:50
ADA,1786139442531,0.0,2026-08-07 21:50
ADA,1786139442531,0.0,2026-08-07 21:50
ADA,1786139442531,0.0,2026-08-07 21:50
ADA,1786139442531,0.0,2026-08-07 21:50
ADA,1786139442531,0.0,2026-08-07 21:50
ADA,1786139442531,0.0,2026-08-07 21:50
ADA,1786139442531,0.0,2026-08-07 21:50
ADA,1786139442531,0.0,2026-08-07 21:50
ADA,1786139442531,0.0,2026-08-07 21:50
ADA,1786139442531,0.0,2026-08-07 21:50
ADA,1786139442531,0.0,2026-08-07 21:50
ADA,1786139442531,0.0,2026-08-07 21:50
ADA,1786139442531,0.0,2026-08-07 21:50
ADA,1786139442531,0.0,2026-08-07 21:50
ADA,1786139442531,0.0,2026-08-07 21:50
ADA,1786139442531,0.0,2026-08-07 21:50
ADA,1786139442531,0.0,2026-08-07 21:50
ADA,1786139442531,0.0,2026-08-07 21:50
ADA,1786139442531,0.0,2026-08-07 21:50
ADA,1786139442531,0.0,2026-08-07 21:50
ADA,1786139442531,0.0,2026-08-07 21:50
ADA,1786139442531,0.0,2026-08-07 21:50
ADA,1786139442531,0.0,2026-08-07 21:50
ADA,1786139442531,0.0,2026-08-07 21:50
ADA,1786139442531,0.0,2026-08-07 21:50
ADA,1786139442531,0.0,2026-08-07 21:50
ADA,1786139442531,0.0,2026-08-07 21:50
ADA,1786139442531,0.0,2026-08-07 21:50
ADA,1786139442531,0.0,2026-08-07 21:50
ADA,1786139442531,0.0,2026-08-07 21:50
ADA,1786139442531,0.0,2026-08-07 21:50
ADA,1786139442531,0.0,2026-08-07 21:50
ADA,1786139442531,0.0,2026-08-07 21:50
ADA,1786139442531,0.0,2026-08-07 21:50
ADA,1786139442531,0.0,2026-08-07 21:50
ADA,1786139442531,0.0,2026-08-07 21:50
ADA,1786139442531,0.0,2026-08-07 21:50
ADA,1786139442531,0.0,2026-08-07 21:50
ADA,1786139442531,0.0,2026-08-07 21:50
ADA,1786139442531,0.0,2026-08-07 21:50
ADA,1786139442531,0.0,2026-08-07 21:50
ADA,1786139442531,0.0,2026-08-07 21:50
ADA,1786139442531,0.0,2026-08-07 21:50
ADA,1786139442531,0.0,2026-08-07 21:50
ADA,1786139442531,0.0,2026-08-07 21:50
ADA,1786139442531,0.0,2026-08-07 21:50
ADA,1786139442531,0.0,2026-08-07 21:50
ADA,1786139442531,0.0,2026-08-07 21:50
ADA,1786139442531,0.0,2026-08-07 21:50
ADA,1786139442531,0.0,2026-08-07 21:50
ADA,1786139442531,0.0,2026-08-07 21:50
ADA,1786139442531,0.0,2026-08-07 21:50
ADA,1786139442531,0.0,2026-08-07 21:50
ADA,1786139442531,0.0,2026-08-07 21:50
ADA,1786139442531,0.0,2026-08-07 21:50
ADA,1786139442531,0.0,2026-08-07 21:50
ADA,1786139442531,0.0,2026-08-07 21:50
ADA,1786139442531,0.0,2026-08-07 21:50
ADA,1786139442531,0.0,2026-08-07 21:50
ADA,1786139442531,0.0,2026-08-07 21:50
ADA,1786139442531,0.0,2026-08-07 21:50
ADA,1786139442531,0.0,2026-08-07 21:50
ADA,1786139442531,0.0,2026-08-07 21:50
ADA,1786139442531,0.0,2026-08-07 21:50
ADA,1786139442531,0.0,2026-08-07 21:50
ADA,1786139442531,0.0,2026-08-07 21:50
ADA,1786139442531,0.0,2026-08-07 21:50
ADA,1786139442531,0.0,2026-08-07 21:50
ADA,1786139442531,0.0,2026-08-07 21:50
ADA,1786139442531,0.0,2026-08-07 21:50
ADA,1786139442531,0.0,2026-08-07 21:50
ADA,1786139442531,0.0,2026-08-07 21:50
ADA,1786139442531,0.0,2026-08-07 21:50
ADA,1786139442531,0.0,2026-08-07 21:50
ADA,1786139442531,0.0,2026-08-07 21:50
ADA,1786139442531,0.0,2026-08-07 21:50
ADA,1786139442531,0.0,2026-08-07 21:50
ADA,1786139442531,0.0,2026-08-07 21:50
ADA,1786139442531,0.0,2026-08-07 21:50
ADA,1786139442531,0.0,2026-08-07 21:50
ADA,1786139442531,0.0,2026-08-07 21:50
ADA,1786139442531,0.0,2026-08-07 21:50
ADA,1786139442531,0.0,2026-08-07 21:50
ADA,1786139442531,0.0,2026-08-07 21:50
ADA,1786139442531,0.0,2026-08-07 21:50
ADA,1786139442531,0.0,2026-08-07 21:50
ADA,1786139442531,0.0,2026-08-07 21:50
ADA,1786139442531,0.0,2026-08-07 21:50
ADA,1786139442531,0.0,2026-08-07 21:50
ADA,1786139442531,0.0,2026-08-07 21:50
ADA,1786139442531,0.0,2026-08-07 21:50
ADA,1786139442531,0.0,2026-08-07 21:50
ADA,1786139442531,0.0,2026-08-07 21:50
ADA,1786139442531,0.0,2026-08-07 21:50
ADA,1786139442531,0.0,2026-08-07 21:50
ADA,1786139442531,0.0,2026-08-07 21:50
ADA,1786139442531,0.0,2026-08-07 21:50
ADA,1786139442531,1e-06,2026-08-07 21:50
ADA,1786139442531,1e-06,2026-08-07 21:50
ADA,1786139442531,3e-06,2026-08-07 21:50
ADA,1786139442531,3e-06,2026-08-07 21:50
ADA,1786139442531,4e-06,2026-08-07 21:50
ADA,1786139442531,6e-06,2026-08-07 21:50
ADA,1786139442531,6e-06,2026-08-07 21:50
ADA,1786139442531,6e-06,2026-08-07 21:50
ADA,1786139442531,7e-06,2026-08-07 21:50
ADA,1786139442531,9e-06,2026-08-07 21:50
ADA,1786139442531,9e-06,2026-08-07 21:50
ADA,1786139442531,1.4e-05,2026-08-07 21:50
ADA,1786139442531,1.4e-05,2026-08-07 21:50
ADA,1786139442531,1.7e-05,2026-08-07 21:50
ADA,1786139442531,1.8e-05,2026-08-07 21:50
ADA,1786139442531,1.9e-05,2026-08-07 21:50
ADA,1786139442531,1.9e-05,2026-08-07 21:50
ADA,1786139442531,2.3e-05,2026-08-07 21:50
ADA,1786139442531,2.4e-05,2026-08-07 21:50
ADA,1786139442531,2.4e-05,2026-08-07 21:50
ADA,1786139442531,2.6e-05,2026-08-07 21:50
ADA,1786139442531,2.7e-05,2026-08-07 21:50
ADA,1786139442531,2.8e-05,2026-08-07 21:50
ADA,1786139442531,2.9e-05,2026-08-07 21:50
ADA,1786139442531,3.1e-05,2026-08-07 21:50
ADA,1786139442531,3.3e-05,2026-08-07 21:50
ADA,1786139442531,3.7e-05,2026-08-07 21:50
ADA,1786139442531,3.8e-05,2026-08-07 21:50
ADA,1786139442531,3.9e-05,2026-08-07 21:50
ADA,1786139442531,3.9e-05,2026-08-07 21:50
ADA,1786139442531,4.1e-05,2026-08-07 21:50
ADA,1786139442531,4.2e-05,2026-08-07 21:50
ADA,1786139442531,4.3e-05,2026-08-07 21:50
ADA,1786139442531,4.3e-05,2026-08-07 21:50
ADA,1786139442531,5e-05,2026-08-07 21:50
ADA,1786139442531,5e-05,2026-08-07 21:50
ADA,1786139442531,5e-05,2026-08-07 21:50
ADA,1786139442531,5e-05,2026-08-07 21:50
ADA,1786139442531,5e-05,2026-08-07 21:50
ADA,1786139442531,5e-05,2026-08-07 21:50
ADA,1786139442531,5e-05,2026-08-07 21:50
ADA,1786139442531,5e-05,2026-08-07 21:50
ADA,1786139442531,5e-05,2026-08-07 21:50
ADA,1786139442531,5e-05,2026-08-07 21:50
ADA,1786139442531,5e-05,2026-08-07 21:50
ADA,1786139442531,5e-05,2026-08-07 21:50
ADA,1786139442531,5e-05,2026-08-07 21:50
ADA,1786139442531,5e-05,2026-08-07 21:50
ADA,1786139442531,5e-05,2026-08-07 21:50
ADA,1786139442531,5e-05,2026-08-07 21:50
ADA,1786139442531,5e-05,2026-08-07 21:50
ADA,1786139442531,5e-05,2026-08-07 21:50
ADA,1786139442531,5e-05,2026-08-07 21:50
ADA,1786139442531,5e-05,2026-08-07 21:50
ADA,1786139442531,5e-05,2026-08-07 21:50
ADA,1786139442531,5e-05,2026-08-07 21:50
ADA,1786139442531,5e-05,2026-08-07 21:50
ADA,1786139442531,5e-05,2026-08-07 21:50
ADA,1786139442531,5e-05,2026-08-07 21:50
ADA,1786139442531,5e-05,2026-08-07 21:50
ADA,1786139442531,5e-05,2026-08-07 21:50
ADA,1786139442531,5e-05,2026-08-07 21:50
ADA,1786139442531,5e-05,2026-08-07 21:50
ADA,1786139442531,5e-05,2026-08-07 21:50
ADA,1786139442531,5e-05,2026-08-07 21:50
ADA,1786139442531,5e-05,2026-08-07 21:50
ADA,1786139442531,5e-05,2026-08-07 21:50
ADA,1786139442531,5e-05,2026-08-07 21:50
ADA,1786139442531,5e-05,2026-08-07 21:50
ADA,1786139442531,5e-05,2026-08-07 21:50
ADA,1786139442531,5e-05,2026-08-07 21:50
ADA,1786139442531,5e-05,2026-08-07 21:50
ADA,1786139442531,5e-05,2026-08-07 21:50
ADA,1786139442531,5e-05,2026-08-07 21:50
ADA,1786139442531,5e-05,2026-08-07 21:50
ADA,1786139442531,5e-05,2026-08-07 21:50
ADA,1786139442531,5e-05,2026-08-07 21:50
ADA,1786139442531,5e-05,2026-08-07 21:50
ADA,1786139442531,5e-05,2026-08-07 21:50
ADA,1786139442531,5e-05,2026-08-07 21:50
ADA,1786139442531,5e-05,2026-08-07 21:50
ADA,1786139442531,5e-05,2026-08-07 21:50
ADA,1786139442531,5e-05,2026-08-07 21:50
ADA,1786139442531,5e-05,2026-08-07 21:50
ADA,1786139442531,5e-05,2026-08-07 21:50
ADA,1786139442531,5e-05,2026-08-07 21:50
ADA,1786139442531,5e-05,2026-08-07 21:50
ADA,1786139442531,5e-05,2026-08-07 21:50
ADA,1786139442531,5e-05,2026-08-07 21:50
ADA,1786139442531,5e-05,2026-08-07 21:50
ADA,1786139442531,5e-05,2026-08-07 21:50
ADA,1786139442531,5e-05,2026-08-07 21:50
ADA,1786139442531,5e-05,2026-08-07 21:50
ADA,1786139442531,5e-05,2026-08-07 21:50
ADA,1786139442531,5e-05,2026-08-07 21:50
ADA,1786139442531,5e-05,2026-08-07 21:50
ADA,1786139442531,5e-05,2026-08-07 21:50
ADA,1786139442531,5e-05,2026-08-07 21:50
ADA,1786139442531,5e-05,2026-08-07 21:50
ADA,1786139442531,5e-05,2026-08-07 21:50
ADA,1786139442531,5e-05,2026-08-07 21:50
ADA,1786139442531,5e-05,2026-08-07 21:50
ADA,1786139442531,5e-05,2026-08-07 21:50
ADA,1786139442531,5e-05,2026-08-07 21:50
ADA,1786139442531,5e-05,2026-08-07 21:50
ADA,1786139442531,5e-05,2026-08-07 21:50
ADA,1786139442531,5e-05,2026-08-07 21:50
ADA,1786139442531,5e-05,2026-08-07 21:50
ADA,1786139442531,5e-05,2026-08-07 21:50
ADA,1786139442531,5e-05,2026-08-07 21:50
ADA,1786139442531,5e-05,2026-08-07 21:50
ADA,1786139442531,5e-05,2026-08-07 21:50
ADA,1786139442531,5e-05,2026-08-07 21:50
ADA,1786139442531,5e-05,2026-08-07 21:50
ADA,1786139442531,5e-05,2026-08-07 21:50
ADA,1786139442531,5e-05,2026-08-07 21:50
ADA,1786139442531,5e-05,2026-08-07 21:50
ADA,1786139442531,5e-05,2026-08-07 21:50
ADA,1786139442531,5e-05,2026-08-07 21:50
ADA,1786139442531,5e-05,2026-08-07 21:50
ADA,1786139442531,5e-05,2026-08-07 21:50
ADA,1786139442531,5e-05,2026-08-07 21:50
ADA,1786139442531,5e-05,2026-08-07 21:50
ADA,1786139442531,5e-05,2026-08-07 21:50
ADA,1786139442531,5e-05,2026-08-07 21:50
ADA,1786139442531,5e-05,2026-08-07 21:50
ADA,1786139442531,5e-05,2026-08-07 21:50
ADA,1786139442531,5e-05,2026-08-07 21:50
ADA,1786139442531,5e-05,2026-08-07 21:50
ADA,1786139442531,5e-05,2026-08-07 21:50
ADA,1786139442531,5e-05,2026-08-07 21:50
ADA,1786139442531,5e-05,2026-08-07 21:50
ADA,1786139442531,5e-05,2026-08-07 21:50
ADA,1786139442531,5e-05,2026-08-07 21:50
ADA,1786139442531,5e-05,2026-08-07 21:50
ADA,1786139442531,5e-05,2026-08-07 21:50
ADA,1786139442531,5e-05,2026-08-07 21:50
ADA,1786139442531,5e-05,2026-08-07 21:50
ADA,1786139442531,5e-05,2026-08-07 21:50
ADA,1786139442531,5e-05,2026-08-07 21:50
ADA,1786139442531,5e-05,2026-08-07 21:50
ADA,1786139442531,5e-05,2026-08-07 21:50
ADA,1786139442531,5e-05,2026-08-07 21:50
ADA,1786139442531,5e-05,2026-08-07 21:50
ADA,1786139442531,5e-05,2026-08-07 21:50
ADA,1786139442531,5e-05,2026-08-07 21:50
ADA,1786139442531,5e-05,2026-08-07 21:50
ADA,1786139442531,5e-05,2026-08-07 21:50
ADA,1786139442531,5e-05,2026-08-07 21:50
ADA,1786139442531,5e-05,2026-08-07 21:50
ADA,1786139442531,5e-05,2026-08-07 21:50
ADA,1786139442531,5e-05,2026-08-07 21:50
ADA,1786139442531,5e-05,2026-08-07 21:50
ADA,1786139442531,5e-05,2026-08-07 21:50
ADA,1786139442531,5e-05,2026-08-07 21:50
ADA,1786139442531,5e-05,2026-08-07 21:50
ADA,1786139442531,5e-05,2026-08-07 21:50
ADA,1786139442531,5e-05,2026-08-07 21:50
ADA,1786139442531,5e-05,2026-08-07 21:50
ADA,1786139442531,5e-05,2026-08-07 21:50
ADA,1786139442531,5e-05,2026-08-07 21:50
ADA,1786139442531,5e-05,2026-08-07 21:50
ADA,1786139442531,5e-05,2026-08-07 21:50
ADA,1786139442531,5e-05,2026-08-07 21:50
ADA,1786139442531,5e-05,2026-08-07 21:50
ADA,1786139442531,5e-05,2026-08-07 21:50
ADA,1786139442531,5e-05,2026-08-07 21:50
ADA,1786139442531,5e-05,2026-08-07 21:50
ADA,1786139442531,5e-05,2026-08-07 21:50
ADA,1786139442531,5e-05,2026-08-07 21:50
ADA,1786139442531,5e-05,2026-08-07 21:50
ADA,1786139442531,5e-05,2026-08-07 21:50
ADA,1786139442531,5e-05,2026-08-07 21:50
ADA,1786139442531,5e-05,2026-08-07 21:50
ADA,1786139442531,5e-05,2026-08-07 21:50
ADA,1786139442531,5e-05,2026-08-07 21:50
ADA,1786139442531,5e-05,2026-08-07 21:50
ADA,1786139442531,5e-05,2026-08-07 21:50
ADA,1786139442531,5e-05,2026-08-07 21:50
ADA,1786139442531,5e-05,2026-08-07 21:50
ADA,1786139442531,5e-05,2026-08-07 21:50
ADA,1786139442531,5e-05,2026-08-07 21:50
ADA,1786139442531,5e-05,2026-08-07 21:50
ADA,1786139442531,5e-05,2026-08-07 21:50
ADA,1786139442531,5e-05,2026-08-07 21:50
ADA,1786139442531,5e-05,2026-08-07 21:50
ADA,1786139442531,5e-05,2026-08-07 21:50
ADA,1786139442531,5e-05,2026-08-07 21:50
ADA,1786139442531,5.4e-05,2026-08-07 21:50
ADA,1786139442531,5.5e-05,2026-08-07 21:50
ADA,1786139442531,6e-05,2026-08-07 21:50
ADA,1786139442531,6.3e-05,2026-08-07 21:50
ADA,1786139442531,6.4e-05,2026-08-07 21:50
ADA,1786139442531,6.6e-05,2026-08-07 21:50
ADA,1786139442531,6.9e-05,2026-08-07 21:50
ADA,1786139442531,6.9e-05,2026-08-07 21:50
ADA,1786139442531,7.5e-05,2026-08-07 21:50
ADA,1786139442531,7.7e-05,2026-08-07 21:50
ADA,1786139442531,8.1e-05,2026-08-07 21:50
ADA,1786139442531,8.6e-05,2026-08-07 21:50
ADA,1786139442531,8.6e-05,2026-08-07 21:50
ADA,1786139442531,8.6e-05,2026-08-07 21:50
ADA,1786139442531,8.7e-05,2026-08-07 21:50
ADA,1786139442531,9.2e-05,2026-08-07 21:50
ADA,1786139442531,9.6e-05,2026-08-07 21:50
ADA,1786139442531,9.9e-05,2026-08-07 21:50
ADA,1786139442531,0.0001,2026-08-07 21:50
ADA,1786139442531,0.0001,2026-08-07 21:50
ADA,1786139442531,0.0001,2026-08-07 21:50
ADA,1786139442531,0.0001,2026-08-07 21:50
ADA,1786139442531,0.0001,2026-08-07 21:50
ADA,1786139442531,0.0001,2026-08-07 21:50
ADA,1786139442531,0.0001,2026-08-07 21:50
ADA,1786139442531,0.0001,2026-08-07 21:50
ADA,1786139442531,0.0001,2026-08-07 21:50
ADA,1786139442531,0.0001,2026-08-07 21:50
ADA,1786139442531,0.0001,2026-08-07 21:50
ADA,1786139442531,0.0001,2026-08-07 21:50
ADA,1786139442531,0.0001,2026-08-07 21:50
ADA,1786139442531,0.0001,2026-08-07 21:50
ADA,1786139442531,0.0001,2026-08-07 21:50
ADA,1786139442531,0.0001,2026-08-07 21:50
ADA,1786139442531,0.0001,2026-08-07 21:50
ADA,1786139442531,0.0001,2026-08-07 21:50
ADA,1786139442531,0.0001,2026-08-07 21:50
ADA,1786139442531,0.0001,2026-08-07 21:50
ADA,1786139442531,0.0001,2026-08-07 21:50
ADA,1786139442531,0.0001,2026-08-07 21:50
ADA,1786139442531,0.0001,2026-08-07 21:50
ADA,1786139442531,0.0001,2026-08-07 21:50
ADA,1786139442531,0.0001,2026-08-07 21:50
ADA,1786139442531,0.0001,2026-08-07 21:50
ADA,1786139442531,0.0001,2026-08-07 21:50
ADA,1786139442531,0.0001,2026-08-07 21:50
ADA,1786139442531,0.0001,2026-08-07 21:50
ADA,1786139442531,0.0001,2026-08-07 21:50
ADA,1786139442531,0.0001,2026-08-07 21:50
ADA,1786139442531,0.0001,2026-08-07 21:50
ADA,1786139442531,0.0001,2026-08-07 21:50
ADA,1786139442531,0.0001,2026-08-07 21:50
ADA,1786139442531,0.0001,2026-08-07 21:50
ADA,1786139442531,0.0001,2026-08-07 21:50
ADA,1786139442531,0.0001,2026-08-07 21:50
ADA,1786139442531,0.0001,2026-08-07 21:50
ADA,1786139442531,0.0001,2026-08-07 21:50
ADA,1786139442531,0.000101,2026-08-07 21:50
ADA,1786139442531,0.000111,2026-08-07 21:50
ADA,1786139442531,0.000113,2026-08-07 21:50
ADA,1786139442531,0.000113,2026-08-07 21:50
ADA,1786139442531,0.000115,2026-08-07 21:50
ADA,1786139442531,0.000116,2026-08-07 21:50
ADA,1786139442531,0.000116,2026-08-07 21:50
ADA,1786139442531,0.00012,2026-08-07 21:50
ADA,1786139442531,0.000122,2026-08-07 21:50
ADA,1786139442531,0.000126,2026-08-07 21:50
ADA,1786139442531,0.000129,2026-08-07 21:50
ADA,1786139442531,0.000134,2026-08-07 21:50
ADA,1786139442531,0.000134,2026-08-07 21:50
ADA,1786139442531,0.000134,2026-08-07 21:50
ADA,1786139442531,0.000135,2026-08-07 21:50
ADA,1786139442531,0.000136,2026-08-07 21:50
ADA,1786139442531,0.000136,2026-08-07 21:50
ADA,1786139442531,0.000139,2026-08-07 21:50
ADA,1786139442531,0.000141,2026-08-07 21:50
ADA,1786139442531,0.000142,2026-08-07 21:50
ADA,1786139442531,0.000147,2026-08-07 21:50
ADA,1786139442531,0.000148,2026-08-07 21:50
ADA,1786139442531,0.000148,2026-08-07 21:50
ADA,1786139442531,0.00015,2026-08-07 21:50
ADA,1786139442531,0.000156,2026-08-07 21:50
ADA,1786139442531,0.000177,2026-08-07 21:50
ADA,1786139442531,0.000188,2026-08-07 21:50
ADA,1786139442531,0.000197,2026-08-07 21:50
ADA,1786139442531,0.0002,2026-08-07 21:50
ADA,1786139442531,0.0002,2026-08-07 21:50
ADA,1786139442531,0.0002,2026-08-07 21:50
ADA,1786139442531,0.0002,2026-08-07 21:50
ADA,1786139442531,0.0002,2026-08-07 21:50
ADA,1786139442531,0.0002,2026-08-07 21:50
ADA,1786139442531,0.0002,2026-08-07 21:50
ADA,1786139442531,0.0002,2026-08-07 21:50
ADA,1786139442531,0.0002,2026-08-07 21:50
ADA,1786139442531,0.0002,2026-08-07 21:50
ADA,1786139442531,0.0002,2026-08-07 21:50
ADA,1786139442531,0.0002,2026-08-07 21:50
ADA,1786139442531,0.0002,2026-08-07 21:50
ADA,1786139442531,0.0002,2026-08-07 21:50
ADA,1786139442531,0.0002,2026-08-07 21:50
ADA,1786139442531,0.0002,2026-08-07 21:50
ADA,1786139442531,0.0002,2026-08-07 21:50
ADA,1786139442531,0.0002,2026-08-07 21:50
ADA,1786139442531,0.0002,2026-08-07 21:50
ADA,1786139442531,0.0002,2026-08-07 21:50
ADA,1786139442531,0.0002,2026-08-07 21:50
ADA,1786139442531,0.0002,2026-08-07 21:50
ADA,1786139442531,0.0002,2026-08-07 21:50
ADA,1786139442531,0.0002,2026-08-07 21:50
ADA,1786139442531,0.0002,2026-08-07 21:50
ADA,1786139442531,0.0002,2026-08-07 21:50
ADA,1786139442531,0.0002,2026-08-07 21:50
ADA,1786139442531,0.0002,2026-08-07 21:50
ADA,1786139442531,0.0002,2026-08-07 21:50
ADA,1786139442531,0.000209,2026-08-07 21:50
ADA,1786139442531,0.000214,2026-08-07 21:50
ADA,1786139442531,0.000227,2026-08-07 21:50
ADA,1786139442531,0.000228,2026-08-07 21:50
ADA,1786139442531,0.000236,2026-08-07 21:50
ADA,1786139442531,0.000299,2026-08-07 21:50
ADA,1786139442531,0.0003,2026-08-07 21:50
ADA,1786139442531,0.000301,2026-08-07 21:50
ADA,1786139442531,0.000308,2026-08-07 21:50
ADA,1786139442531,0.000313,2026-08-07 21:50
ADA,1786139442531,0.000334,2026-08-07 21:50
ADA,1786139442531,0.000358,2026-08-07 21:50
ADA,1786139442531,0.00039,2026-08-07 21:50
ADA,1786139442531,0.000532,2026-08-07 21:50
ADA,1786139442531,0.000633,2026-08-07 21:50
ADA,1786139442531,0.00319,2026-08-07 21:50
ADA,1786139442532,-0.002251,2026-08-07 21:50
ADA,1786139442532,-0.002152,2026-08-07 21:50
ADA,1786139442532,-0.001363,2026-08-07 21:50
ADA,1786139442532,-0.000884,2026-08-07 21:50
ADA,1786139442532,-0.000793,2026-08-07 21:50
ADA,1786139442532,-0.00056,2026-08-07 21:50
ADA,1786139442532,-0.000485,2026-08-07 21:50
ADA,1786139442532,-0.000357,2026-08-07 21:50
ADA,1786139442532,-0.000341,2026-08-07 21:50
ADA,1786139442532,-0.0002,2026-08-07 21:50
ADA,1786139442532,-0.0002,2026-08-07 21:50
ADA,1786139442532,-0.0002,2026-08-07 21:50
ADA,1786139442532,-0.000164,2026-08-07 21:50
ADA,1786139442532,-0.000148,2026-08-07 21:50
ADA,1786139442532,-0.000148,2026-08-07 21:50
ADA,1786139442532,-0.000142,2026-08-07 21:50
ADA,1786139442532,-0.000139,2026-08-07 21:50
ADA,1786139442532,-0.000138,2026-08-07 21:50
ADA,1786139442532,-0.000137,2026-08-07 21:50
ADA,1786139442532,-0.000135,2026-08-07 21:50
ADA,1786139442532,-0.000131,2026-08-07 21:50
ADA,1786139442532,-0.000129,2026-08-07 21:50
ADA,1786139442532,-0.000124,2026-08-07 21:50
ADA,1786139442532,-0.000124,2026-08-07 21:50
ADA,1786139442532,-0.000124,2026-08-07 21:50
ADA,1786139442532,-0.000121,2026-08-07 21:50
ADA,1786139442532,-0.000117,2026-08-07 21:50
ADA,1786139442532,-0.000104,2026-08-07 21:50
ADA,1786139442532,-6.6e-05,2026-08-07 21:50
ADA,1786139442532,-5.2e-05,2026-08-07 21:50
ADA,1786139442532,-4.1e-05,2026-08-07 21:50
ADA,1786139442532,-3.9e-05,2026-08-07 21:50
ADA,1786139442532,-2.3e-05,2026-08-07 21:50
ADA,1786139442532,-2.2e-05,2026-08-07 21:50
ADA,1786139442532,-1.9e-05,2026-08-07 21:50
ADA,1786139442532,-1.7e-05,2026-08-07 21:50
ADA,1786139442532,-1.4e-05,2026-08-07 21:50
ADA,1786139442532,-1.4e-05,2026-08-07 21:50
ADA,1786139442532,-1e-05,2026-08-07 21:50
ADA,1786139442532,0.0,2026-08-07 21:50
ADA,1786139442532,0.0,2026-08-07 21:50
ADA,1786139442532,0.0,2026-08-07 21:50
ADA,1786139442532,0.0,2026-08-07 21:50
ADA,1786139442532,0.0,2026-08-07 21:50
ADA,1786139442532,0.0,2026-08-07 21:50
ADA,1786139442532,0.0,2026-08-07 21:50
ADA,1786139442532,0.0,2026-08-07 21:50
ADA,1786139442532,0.0,2026-08-07 21:50
ADA,1786139442532,0.0,2026-08-07 21:50
ADA,1786139442532,0.0,2026-08-07 21:50
ADA,1786139442532,0.0,2026-08-07 21:50
ADA,1786139442532,0.0,2026-08-07 21:50
ADA,1786139442532,0.0,2026-08-07 21:50
ADA,1786139442532,0.0,2026-08-07 21:50
ADA,1786139442532,0.0,2026-08-07 21:50
ADA,1786139442532,0.0,2026-08-07 21:50
ADA,1786139442532,0.0,2026-08-07 21:50
ADA,1786139442532,0.0,2026-08-07 21:50
ADA,1786139442532,0.0,2026-08-07 21:50
ADA,1786139442532,0.0,2026-08-07 21:50
ADA,1786139442532,0.0,2026-08-07 21:50
ADA,1786139442532,0.0,2026-08-07 21:50
ADA,1786139442532,2e-06,2026-08-07 21:50
ADA,1786139442532,5e-06,2026-08-07 21:50
ADA,1786139442532,5e-06,2026-08-07 21:50
ADA,1786139442532,6e-06,2026-08-07 21:50
ADA,1786139442532,6e-06,2026-08-07 21:50
ADA,1786139442532,1.3e-05,2026-08-07 21:50
ADA,1786139442532,3.2e-05,2026-08-07 21:50
ADA,1786139442532,3.4e-05,2026-08-07 21:50
ADA,1786139442532,4.5e-05,2026-08-07 21:50
ADA,1786139442532,4.6e-05,2026-08-07 21:50
ADA,1786139442532,5e-05,2026-08-07 21:50
ADA,1786139442532,5e-05,2026-08-07 21:50
ADA,1786139442532,5e-05,2026-08-07 21:50
ADA,1786139442532,5e-05,2026-08-07 21:50
ADA,1786139442532,5e-05,2026-08-07 21:50
ADA,1786139442532,5e-05,2026-08-07 21:50
ADA,1786139442532,5e-05,2026-08-07 21:50
ADA,1786139442532,5e-05,2026-08-07 21:50
ADA,1786139442532,5e-05,2026-08-07 21:50
ADA,1786139442532,5e-05,2026-08-07 21:50
ADA,1786139442532,5e-05,2026-08-07 21:50
ADA,1786139442532,5.2e-05,2026-08-07 21:50
ADA,1786139442532,5.7e-05,2026-08-07 21:50
ADA,1786139442532,6.8e-05,2026-08-07 21:50
ADA,1786139442532,6.9e-05,2026-08-07 21:50
ADA,1786139442532,7.7e-05,2026-08-07 21:50
ADA,1786139442532,7.9e-05,2026-08-07 21:50
ADA,1786139442532,8.3e-05,2026-08-07 21:50
ADA,1786139442532,8.3e-05,2026-08-07 21:50
ADA,1786139442532,9.1e-05,2026-08-07 21:50
ADA,1786139442532,9.6e-05,2026-08-07 21:50
ADA,1786139442532,0.0001,2026-08-07 21:50
ADA,1786139442532,0.0001,2026-08-07 21:50
ADA,1786139442532,0.0001,2026-08-07 21:50
ADA,1786139442532,0.0001,2026-08-07 21:50
ADA,1786139442532,0.0001,2026-08-07 21:50
ADA,1786139442532,0.0001,2026-08-07 21:50
ADA,1786139442532,0.0001,2026-08-07 21:50
ADA,1786139442532,0.0001,2026-08-07 21:50
ADA,1786139442532,0.0001,2026-08-07 21:50
ADA,1786139442532,0.000124,2026-08-07 21:50
ADA,1786139442532,0.00013,2026-08-07 21:50
ADA,1786139442532,0.000134,2026-08-07 21:50
ADA,1786139442532,0.000136,2026-08-07 21:50
ADA,1786139442532,0.0002,2026-08-07 21:50
ADA,1786139442532,0.0002,2026-08-07 21:50
ADA,1786139442532,0.0002,2026-08-07 21:50
ADA,1786139442532,0.0002,2026-08-07 21:50
ADA,1786139442532,0.0002,2026-08-07 21:50
ADA,1786139442532,0.0002,2026-08-07 21:50
ADA,1786139442532,0.0002,2026-08-07 21:50
ADA,1786139442532,0.0002,2026-08-07 21:50
ADA,1786139442532,0.000228,2026-08-07 21:50
ADA,1786139442532,0.000723,2026-08-07 21:50
ETH,1786139444645,-0.021335,2026-08-07 21:50
ETH,1786139444645,-0.003711,2026-08-07 21:50
ETH,1786139444645,-0.001467,2026-08-07 21:50
ETH,1786139444645,-0.001363,2026-08-07 21:50
ETH,1786139444645,-0.001183,2026-08-07 21:50
ETH,1786139444645,-0.001128,2026-08-07 21:50
ETH,1786139444645,-0.001105,2026-08-07 21:50
ETH,1786139444645,-0.001053,2026-08-07 21:50
ETH,1786139444645,-0.000999,2026-08-07 21:50
ETH,1786139444645,-0.000793,2026-08-07 21:50
ETH,1786139444645,-0.000714,2026-08-07 21:50
ETH,1786139444645,-0.000706,2026-08-07 21:50
ETH,1786139444645,-0.000682,2026-08-07 21:50
ETH,1786139444645,-0.00056,2026-08-07 21:50
ETH,1786139444645,-0.000496,2026-08-07 21:50
ETH,1786139444645,-0.000443,2026-08-07 21:50
ETH,1786139444645,-0.000434,2026-08-07 21:50
ETH,1786139444645,-0.000365,2026-08-07 21:50
ETH,1786139444645,-0.000345,2026-08-07 21:50
ETH,1786139444645,-0.000343,2026-08-07 21:50
ETH,1786139444645,-0.000341,2026-08-07 21:50
ETH,1786139444645,-0.000338,2026-08-07 21:50
ETH,1786139444645,-0.000327,2026-08-07 21:50
ETH,1786139444645,-0.000285,2026-08-07 21:50
ETH,1786139444645,-0.000262,2026-08-07 21:50
ETH,1786139444645,-0.000257,2026-08-07 21:50
ETH,1786139444645,-0.000236,2026-08-07 21:50
ETH,1786139444645,-0.000232,2026-08-07 21:50
ETH,1786139444645,-0.000214,2026-08-07 21:50
ETH,1786139444645,-0.000202,2026-08-07 21:50
ETH,1786139444645,-0.0002,2026-08-07 21:50
ETH,1786139444645,-0.0002,2026-08-07 21:50
ETH,1786139444645,-0.0002,2026-08-07 21:50
ETH,1786139444645,-0.0002,2026-08-07 21:50
ETH,1786139444645,-0.0002,2026-08-07 21:50
ETH,1786139444645,-0.000196,2026-08-07 21:50
ETH,1786139444645,-0.00019,2026-08-07 21:50
ETH,1786139444645,-0.000186,2026-08-07 21:50
ETH,1786139444645,-0.000166,2026-08-07 21:50
ETH,1786139444645,-0.000162,2026-08-07 21:50
ETH,1786139444645,-0.000162,2026-08-07 21:50
ETH,1786139444645,-0.000146,2026-08-07 21:50
ETH,1786139444645,-0.000144,2026-08-07 21:50
ETH,1786139444645,-0.000144,2026-08-07 21:50
ETH,1786139444645,-0.000143,2026-08-07 21:50
ETH,1786139444645,-0.000142,2026-08-07 21:50
ETH,1786139444645,-0.000141,2026-08-07 21:50
ETH,1786139444645,-0.000137,2026-08-07 21:50
ETH,1786139444645,-0.000136,2026-08-07 21:50
ETH,1786139444645,-0.000133,2026-08-07 21:50
ETH,1786139444645,-0.000132,2026-08-07 21:50
ETH,1786139444645,-0.000124,2026-08-07 21:50
ETH,1786139444645,-0.00012,2026-08-07 21:50
ETH,1786139444645,-0.00011,2026-08-07 21:50
ETH,1786139444645,-0.000108,2026-08-07 21:50
ETH,1786139444645,-0.000107,2026-08-07 21:50
ETH,1786139444645,-0.000105,2026-08-07 21:50
ETH,1786139444645,-0.000102,2026-08-07 21:50
ETH,1786139444645,-0.000101,2026-08-07 21:50
ETH,1786139444645,-9.4e-05,2026-08-07 21:50
ETH,1786139444645,-9.4e-05,2026-08-07 21:50
ETH,1786139444645,-8.7e-05,2026-08-07 21:50
ETH,1786139444645,-8.4e-05,2026-08-07 21:50
ETH,1786139444645,-8.4e-05,2026-08-07 21:50
ETH,1786139444645,-8e-05,2026-08-07 21:50
ETH,1786139444645,-7e-05,2026-08-07 21:50
ETH,1786139444645,-6.5e-05,2026-08-07 21:50
ETH,1786139444645,-6.1e-05,2026-08-07 21:50
ETH,1786139444645,-6.1e-05,2026-08-07 21:50
ETH,1786139444645,-5.6e-05,2026-08-07 21:50
ETH,1786139444645,-5.6e-05,2026-08-07 21:50
ETH,1786139444645,-5.4e-05,2026-08-07 21:50
ETH,1786139444645,-5.2e-05,2026-08-07 21:50
ETH,1786139444645,-5e-05,2026-08-07 21:50
ETH,1786139444645,-4.8e-05,2026-08-07 21:50
ETH,1786139444645,-4.8e-05,2026-08-07 21:50
ETH,1786139444645,-4.6e-05,2026-08-07 21:50
ETH,1786139444645,-4.6e-05,2026-08-07 21:50
ETH,1786139444645,-3.1e-05,2026-08-07 21:50
ETH,1786139444645,-3.1e-05,2026-08-07 21:50
ETH,1786139444645,-3.1e-05,2026-08-07 21:50
ETH,1786139444645,-3e-05,2026-08-07 21:50
ETH,1786139444645,-2.4e-05,2026-08-07 21:50
ETH,1786139444645,-2.2e-05,2026-08-07 21:50
ETH,1786139444645,-2e-05,2026-08-07 21:50
ETH,1786139444645,-1.9e-05,2026-08-07 21:50
ETH,1786139444645,-1.8e-05,2026-08-07 21:50
ETH,1786139444645,-1.7e-05,2026-08-07 21:50
ETH,1786139444645,-1.5e-05,2026-08-07 21:50
ETH,1786139444645,-1.5e-05,2026-08-07 21:50
ETH,1786139444645,-1.4e-05,2026-08-07 21:50
ETH,1786139444645,-1.4e-05,2026-08-07 21:50
ETH,1786139444645,-1.3e-05,2026-08-07 21:50
ETH,1786139444645,-1.3e-05,2026-08-07 21:50
ETH,1786139444645,-1.3e-05,2026-08-07 21:50
ETH,1786139444645,-1.2e-05,2026-08-07 21:50
ETH,1786139444645,-1e-05,2026-08-07 21:50
ETH,1786139444645,-9e-06,2026-08-07 21:50
ETH,1786139444645,-7e-06,2026-08-07 21:50
ETH,1786139444645,-7e-06,2026-08-07 21:50
ETH,1786139444645,-7e-06,2026-08-07 21:50
ETH,1786139444645,-6e-06,2026-08-07 21:50
ETH,1786139444645,-6e-06,2026-08-07 21:50
ETH,1786139444645,-2e-06,2026-08-07 21:50
ETH,1786139444645,-2e-06,2026-08-07 21:50
ETH,1786139444645,0.0,2026-08-07 21:50
ETH,1786139444645,0.0,2026-08-07 21:50
ETH,1786139444645,0.0,2026-08-07 21:50
ETH,1786139444645,0.0,2026-08-07 21:50
ETH,1786139444645,0.0,2026-08-07 21:50
ETH,1786139444645,0.0,2026-08-07 21:50
ETH,1786139444645,0.0,2026-08-07 21:50
ETH,1786139444645,0.0,2026-08-07 21:50
ETH,1786139444645,0.0,2026-08-07 21:50
ETH,1786139444645,0.0,2026-08-07 21:50
ETH,1786139444645,0.0,2026-08-07 21:50
ETH,1786139444645,0.0,2026-08-07 21:50
ETH,1786139444645,0.0,2026-08-07 21:50
ETH,1786139444645,0.0,2026-08-07 21:50
ETH,1786139444645,0.0,2026-08-07 21:50
ETH,1786139444645,0.0,2026-08-07 21:50
ETH,1786139444645,0.0,2026-08-07 21:50
ETH,1786139444645,0.0,2026-08-07 21:50
ETH,1786139444645,0.0,2026-08-07 21:50
ETH,1786139444645,0.0,2026-08-07 21:50
ETH,1786139444645,0.0,2026-08-07 21:50
ETH,1786139444645,0.0,2026-08-07 21:50
ETH,1786139444645,0.0,2026-08-07 21:50
ETH,1786139444645,0.0,2026-08-07 21:50
ETH,1786139444645,0.0,2026-08-07 21:50
ETH,1786139444645,0.0,2026-08-07 21:50
ETH,1786139444645,0.0,2026-08-07 21:50
ETH,1786139444645,0.0,2026-08-07 21:50
ETH,1786139444645,0.0,2026-08-07 21:50
ETH,1786139444645,0.0,2026-08-07 21:50
ETH,1786139444645,0.0,2026-08-07 21:50
ETH,1786139444645,0.0,2026-08-07 21:50
ETH,1786139444645,0.0,2026-08-07 21:50
ETH,1786139444645,0.0,2026-08-07 21:50
ETH,1786139444645,0.0,2026-08-07 21:50
ETH,1786139444645,0.0,2026-08-07 21:50
ETH,1786139444645,0.0,2026-08-07 21:50
ETH,1786139444645,0.0,2026-08-07 21:50
ETH,1786139444645,0.0,2026-08-07 21:50
ETH,1786139444645,0.0,2026-08-07 21:50
ETH,1786139444645,0.0,2026-08-07 21:50
ETH,1786139444645,0.0,2026-08-07 21:50
ETH,1786139444645,0.0,2026-08-07 21:50
ETH,1786139444645,0.0,2026-08-07 21:50
ETH,1786139444645,0.0,2026-08-07 21:50
ETH,1786139444645,0.0,2026-08-07 21:50
ETH,1786139444645,0.0,2026-08-07 21:50
ETH,1786139444645,0.0,2026-08-07 21:50
ETH,1786139444645,0.0,2026-08-07 21:50
ETH,1786139444645,0.0,2026-08-07 21:50
ETH,1786139444645,0.0,2026-08-07 21:50
ETH,1786139444645,0.0,2026-08-07 21:50
ETH,1786139444645,0.0,2026-08-07 21:50
ETH,1786139444645,0.0,2026-08-07 21:50
ETH,1786139444645,0.0,2026-08-07 21:50
ETH,1786139444645,0.0,2026-08-07 21:50
ETH,1786139444645,0.0,2026-08-07 21:50
ETH,1786139444645,0.0,2026-08-07 21:50
ETH,1786139444645,0.0,2026-08-07 21:50
ETH,1786139444645,0.0,2026-08-07 21:50
ETH,1786139444645,0.0,2026-08-07 21:50
ETH,1786139444645,0.0,2026-08-07 21:50
ETH,1786139444645,0.0,2026-08-07 21:50
ETH,1786139444645,1e-06,2026-08-07 21:50
ETH,1786139444645,1e-06,2026-08-07 21:50
ETH,1786139444645,2e-06,2026-08-07 21:50
ETH,1786139444645,3e-06,2026-08-07 21:50
ETH,1786139444645,4e-06,2026-08-07 21:50
ETH,1786139444645,5e-06,2026-08-07 21:50
ETH,1786139444645,5e-06,2026-08-07 21:50
ETH,1786139444645,6e-06,2026-08-07 21:50
ETH,1786139444645,6e-06,2026-08-07 21:50
ETH,1786139444645,6e-06,2026-08-07 21:50
ETH,1786139444645,6e-06,2026-08-07 21:50
ETH,1786139444645,9e-06,2026-08-07 21:50
ETH,1786139444645,1e-05,2026-08-07 21:50
ETH,1786139444645,1.2e-05,2026-08-07 21:50
ETH,1786139444645,1.4e-05,2026-08-07 21:50
ETH,1786139444645,1.4e-05,2026-08-07 21:50
ETH,1786139444645,1.5e-05,2026-08-07 21:50
ETH,1786139444645,1.7e-05,2026-08-07 21:50
ETH,1786139444645,1.8e-05,2026-08-07 21:50
ETH,1786139444645,1.9e-05,2026-08-07 21:50
ETH,1786139444645,2.1e-05,2026-08-07 21:50
ETH,1786139444645,2.4e-05,2026-08-07 21:50
ETH,1786139444645,2.4e-05,2026-08-07 21:50
ETH,1786139444645,2.4e-05,2026-08-07 21:50
ETH,1786139444645,2.5e-05,2026-08-07 21:50
ETH,1786139444645,2.8e-05,2026-08-07 21:50
ETH,1786139444645,2.8e-05,2026-08-07 21:50
ETH,1786139444645,3e-05,2026-08-07 21:50
ETH,1786139444645,3.2e-05,2026-08-07 21:50
ETH,1786139444645,3.2e-05,2026-08-07 21:50
ETH,1786139444645,3.2e-05,2026-08-07 21:50
ETH,1786139444645,3.4e-05,2026-08-07 21:50
ETH,1786139444645,3.5e-05,2026-08-07 21:50
ETH,1786139444645,3.6e-05,2026-08-07 21:50
ETH,1786139444645,3.9e-05,2026-08-07 21:50
ETH,1786139444645,4.1e-05,2026-08-07 21:50
ETH,1786139444645,4.4e-05,2026-08-07 21:50
ETH,1786139444645,5e-05,2026-08-07 21:50
ETH,1786139444645,5e-05,2026-08-07 21:50
ETH,1786139444645,5e-05,2026-08-07 21:50
ETH,1786139444645,5e-05,2026-08-07 21:50
ETH,1786139444645,5e-05,2026-08-07 21:50
ETH,1786139444645,5e-05,2026-08-07 21:50
ETH,1786139444645,5e-05,2026-08-07 21:50
ETH,1786139444645,5e-05,2026-08-07 21:50
ETH,1786139444645,5e-05,2026-08-07 21:50
ETH,1786139444645,5e-05,2026-08-07 21:50
ETH,1786139444645,5e-05,2026-08-07 21:50
ETH,1786139444645,5e-05,2026-08-07 21:50
ETH,1786139444645,5e-05,2026-08-07 21:50
ETH,1786139444645,5e-05,2026-08-07 21:50
ETH,1786139444645,5e-05,2026-08-07 21:50
ETH,1786139444645,5e-05,2026-08-07 21:50
ETH,1786139444645,5e-05,2026-08-07 21:50
ETH,1786139444645,5e-05,2026-08-07 21:50
ETH,1786139444645,5e-05,2026-08-07 21:50
ETH,1786139444645,5e-05,2026-08-07 21:50
ETH,1786139444645,5e-05,2026-08-07 21:50
ETH,1786139444645,5e-05,2026-08-07 21:50
ETH,1786139444645,5e-05,2026-08-07 21:50
ETH,1786139444645,5e-05,2026-08-07 21:50
ETH,1786139444645,5e-05,2026-08-07 21:50
ETH,1786139444645,5e-05,2026-08-07 21:50
ETH,1786139444645,5e-05,2026-08-07 21:50
ETH,1786139444645,5e-05,2026-08-07 21:50
ETH,1786139444645,5e-05,2026-08-07 21:50
ETH,1786139444645,5e-05,2026-08-07 21:50
ETH,1786139444645,5e-05,2026-08-07 21:50
ETH,1786139444645,5e-05,2026-08-07 21:50
ETH,1786139444645,5e-05,2026-08-07 21:50
ETH,1786139444645,5e-05,2026-08-07 21:50
ETH,1786139444645,5e-05,2026-08-07 21:50
ETH,1786139444645,5e-05,2026-08-07 21:50
ETH,1786139444645,5e-05,2026-08-07 21:50
ETH,1786139444645,5e-05,2026-08-07 21:50
ETH,1786139444645,5e-05,2026-08-07 21:50
ETH,1786139444645,5e-05,2026-08-07 21:50
ETH,1786139444645,5e-05,2026-08-07 21:50
ETH,1786139444645,5e-05,2026-08-07 21:50
ETH,1786139444645,5e-05,2026-08-07 21:50
ETH,1786139444645,5e-05,2026-08-07 21:50
ETH,1786139444645,5e-05,2026-08-07 21:50
ETH,1786139444645,5e-05,2026-08-07 21:50
ETH,1786139444645,5e-05,2026-08-07 21:50
ETH,1786139444645,5e-05,2026-08-07 21:50
ETH,1786139444645,5e-05,2026-08-07 21:50
ETH,1786139444645,5e-05,2026-08-07 21:50
ETH,1786139444645,5e-05,2026-08-07 21:50
ETH,1786139444645,5e-05,2026-08-07 21:50
ETH,1786139444645,5e-05,2026-08-07 21:50
ETH,1786139444645,5e-05,2026-08-07 21:50
ETH,1786139444645,5e-05,2026-08-07 21:50
ETH,1786139444645,5e-05,2026-08-07 21:50
ETH,1786139444645,5e-05,2026-08-07 21:50
ETH,1786139444645,5e-05,2026-08-07 21:50
ETH,1786139444645,5e-05,2026-08-07 21:50
ETH,1786139444645,5e-05,2026-08-07 21:50
ETH,1786139444645,5e-05,2026-08-07 21:50
ETH,1786139444645,5e-05,2026-08-07 21:50
ETH,1786139444645,5e-05,2026-08-07 21:50
ETH,1786139444645,5e-05,2026-08-07 21:50
ETH,1786139444645,5e-05,2026-08-07 21:50
ETH,1786139444645,5e-05,2026-08-07 21:50
ETH,1786139444645,5e-05,2026-08-07 21:50
ETH,1786139444645,5e-05,2026-08-07 21:50
ETH,1786139444645,5e-05,2026-08-07 21:50
ETH,1786139444645,5e-05,2026-08-07 21:50
ETH,1786139444645,5e-05,2026-08-07 21:50
ETH,1786139444645,5e-05,2026-08-07 21:50
ETH,1786139444645,5e-05,2026-08-07 21:50
ETH,1786139444645,5e-05,2026-08-07 21:50
ETH,1786139444645,5e-05,2026-08-07 21:50
ETH,1786139444645,5e-05,2026-08-07 21:50
ETH,1786139444645,5e-05,2026-08-07 21:50
ETH,1786139444645,5e-05,2026-08-07 21:50
ETH,1786139444645,5e-05,2026-08-07 21:50
ETH,1786139444645,5e-05,2026-08-07 21:50
ETH,1786139444645,5e-05,2026-08-07 21:50
ETH,1786139444645,5e-05,2026-08-07 21:50
ETH,1786139444645,5e-05,2026-08-07 21:50
ETH,1786139444645,5e-05,2026-08-07 21:50
ETH,1786139444645,5e-05,2026-08-07 21:50
ETH,1786139444645,5e-05,2026-08-07 21:50
ETH,1786139444645,5e-05,2026-08-07 21:50
ETH,1786139444645,5e-05,2026-08-07 21:50
ETH,1786139444645,5e-05,2026-08-07 21:50
ETH,1786139444645,5e-05,2026-08-07 21:50
ETH,1786139444645,5e-05,2026-08-07 21:50
ETH,1786139444645,5e-05,2026-08-07 21:50
ETH,1786139444645,5e-05,2026-08-07 21:50
ETH,1786139444645,5e-05,2026-08-07 21:50
ETH,1786139444645,5e-05,2026-08-07 21:50
ETH,1786139444645,5e-05,2026-08-07 21:50
ETH,1786139444645,5e-05,2026-08-07 21:50
ETH,1786139444645,5e-05,2026-08-07 21:50
ETH,1786139444645,5e-05,2026-08-07 21:50
ETH,1786139444645,5e-05,2026-08-07 21:50
ETH,1786139444645,5e-05,2026-08-07 21:50
ETH,1786139444645,5e-05,2026-08-07 21:50
ETH,1786139444645,5e-05,2026-08-07 21:50
ETH,1786139444645,5e-05,2026-08-07 21:50
ETH,1786139444645,5e-05,2026-08-07 21:50
ETH,1786139444645,5e-05,2026-08-07 21:50
ETH,1786139444645,5e-05,2026-08-07 21:50
ETH,1786139444645,5e-05,2026-08-07 21:50
ETH,1786139444645,5e-05,2026-08-07 21:50
ETH,1786139444645,5e-05,2026-08-07 21:50
ETH,1786139444645,5e-05,2026-08-07 21:50
ETH,1786139444645,5e-05,2026-08-07 21:50
ETH,1786139444645,5e-05,2026-08-07 21:50
ETH,1786139444645,5e-05,2026-08-07 21:50
ETH,1786139444645,5e-05,2026-08-07 21:50
ETH,1786139444645,5e-05,2026-08-07 21:50
ETH,1786139444645,5e-05,2026-08-07 21:50
ETH,1786139444645,5e-05,2026-08-07 21:50
ETH,1786139444645,5e-05,2026-08-07 21:50
ETH,1786139444645,5e-05,2026-08-07 21:50
ETH,1786139444645,5.1e-05,2026-08-07 21:50
ETH,1786139444645,5.5e-05,2026-08-07 21:50
ETH,1786139444645,5.6e-05,2026-08-07 21:50
ETH,1786139444645,5.7e-05,2026-08-07 21:50
ETH,1786139444645,5.7e-05,2026-08-07 21:50
ETH,1786139444645,6.5e-05,2026-08-07 21:50
ETH,1786139444645,6.5e-05,2026-08-07 21:50
ETH,1786139444645,6.9e-05,2026-08-07 21:50
ETH,1786139444645,6.9e-05,2026-08-07 21:50
ETH,1786139444645,7.1e-05,2026-08-07 21:50
ETH,1786139444645,7.2e-05,2026-08-07 21:50
ETH,1786139444645,7.4e-05,2026-08-07 21:50
ETH,1786139444645,7.5e-05,2026-08-07 21:50
ETH,1786139444645,7.8e-05,2026-08-07 21:50
ETH,1786139444645,7.9e-05,2026-08-07 21:50
ETH,1786139444645,8.3e-05,2026-08-07 21:50
ETH,1786139444645,8.3e-05,2026-08-07 21:50
ETH,1786139444645,8.6e-05,2026-08-07 21:50
ETH,1786139444645,8.7e-05,2026-08-07 21:50
ETH,1786139444645,9.3e-05,2026-08-07 21:50
ETH,1786139444645,9.6e-05,2026-08-07 21:50
ETH,1786139444645,9.7e-05,2026-08-07 21:50
ETH,1786139444645,9.9e-05,2026-08-07 21:50
ETH,1786139444645,0.0001,2026-08-07 21:50
ETH,1786139444645,0.0001,2026-08-07 21:50
ETH,1786139444645,0.0001,2026-08-07 21:50
ETH,1786139444645,0.0001,2026-08-07 21:50
ETH,1786139444645,0.0001,2026-08-07 21:50
ETH,1786139444645,0.0001,2026-08-07 21:50
ETH,1786139444645,0.0001,2026-08-07 21:50
ETH,1786139444645,0.0001,2026-08-07 21:50
ETH,1786139444645,0.0001,2026-08-07 21:50
ETH,1786139444645,0.0001,2026-08-07 21:50
ETH,1786139444645,0.0001,2026-08-07 21:50
ETH,1786139444645,0.0001,2026-08-07 21:50
ETH,1786139444645,0.0001,2026-08-07 21:50
ETH,1786139444645,0.0001,2026-08-07 21:50
ETH,1786139444645,0.0001,2026-08-07 21:50
ETH,1786139444645,0.0001,2026-08-07 21:50
ETH,1786139444645,0.0001,2026-08-07 21:50
ETH,1786139444645,0.0001,2026-08-07 21:50
ETH,1786139444645,0.0001,2026-08-07 21:50
ETH,1786139444645,0.0001,2026-08-07 21:50
ETH,1786139444645,0.0001,2026-08-07 21:50
ETH,1786139444645,0.0001,2026-08-07 21:50
ETH,1786139444645,0.0001,2026-08-07 21:50
ETH,1786139444645,0.0001,2026-08-07 21:50
ETH,1786139444645,0.0001,2026-08-07 21:50
ETH,1786139444645,0.0001,2026-08-07 21:50
ETH,1786139444645,0.0001,2026-08-07 21:50
ETH,1786139444645,0.0001,2026-08-07 21:50
ETH,1786139444645,0.0001,2026-08-07 21:50
ETH,1786139444645,0.000105,2026-08-07 21:50
ETH,1786139444645,0.000111,2026-08-07 21:50
ETH,1786139444645,0.000112,2026-08-07 21:50
ETH,1786139444645,0.000115,2026-08-07 21:50
ETH,1786139444645,0.00012,2026-08-07 21:50
ETH,1786139444645,0.000121,2026-08-07 21:50
ETH,1786139444645,0.00013,2026-08-07 21:50
ETH,1786139444645,0.000131,2026-08-07 21:50
ETH,1786139444645,0.000134,2026-08-07 21:50
ETH,1786139444645,0.000134,2026-08-07 21:50
ETH,1786139444645,0.000137,2026-08-07 21:50
ETH,1786139444645,0.000148,2026-08-07 21:50
ETH,1786139444645,0.000149,2026-08-07 21:50
ETH,1786139444645,0.000152,2026-08-07 21:50
ETH,1786139444645,0.000155,2026-08-07 21:50
ETH,1786139444645,0.000192,2026-08-07 21:50
ETH,1786139444645,0.0002,2026-08-07 21:50
ETH,1786139444645,0.0002,2026-08-07 21:50
ETH,1786139444645,0.0002,2026-08-07 21:50
ETH,1786139444645,0.0002,2026-08-07 21:50
ETH,1786139444645,0.0002,2026-08-07 21:50
ETH,1786139444645,0.0002,2026-08-07 21:50
ETH,1786139444645,0.0002,2026-08-07 21:50
ETH,1786139444645,0.0002,2026-08-07 21:50
ETH,1786139444645,0.0002,2026-08-07 21:50
ETH,1786139444645,0.0002,2026-08-07 21:50
ETH,1786139444645,0.0002,2026-08-07 21:50
ETH,1786139444645,0.0002,2026-08-07 21:50
ETH,1786139444645,0.0002,2026-08-07 21:50
ETH,1786139444645,0.0002,2026-08-07 21:50
ETH,1786139444645,0.0002,2026-08-07 21:50
ETH,1786139444645,0.0002,2026-08-07 21:50
ETH,1786139444645,0.0002,2026-08-07 21:50
ETH,1786139444645,0.0002,2026-08-07 21:50
ETH,1786139444645,0.0002,2026-08-07 21:50
ETH,1786139444645,0.0002,2026-08-07 21:50
ETH,1786139444645,0.000202,2026-08-07 21:50
ETH,1786139444645,0.000207,2026-08-07 21:50
ETH,1786139444645,0.00021,2026-08-07 21:50
ETH,1786139444645,0.000215,2026-08-07 21:50
ETH,1786139444645,0.000227,2026-08-07 21:50
ETH,1786139444645,0.000228,2026-08-07 21:50
ETH,1786139444645,0.000238,2026-08-07 21:50
ETH,1786139444645,0.000243,2026-08-07 21:50
ETH,1786139444645,0.000278,2026-08-07 21:50
ETH,1786139444645,0.000282,2026-08-07 21:50
ETH,1786139444645,0.000288,2026-08-07 21:50
ETH,1786139444645,0.000295,2026-08-07 21:50
ETH,1786139444645,0.000306,2026-08-07 21:50
ETH,1786139444645,0.000308,2026-08-07 21:50
ETH,1786139444645,0.000342,2026-08-07 21:50
ETH,1786139444645,0.000372,2026-08-07 21:50
ETH,1786139444645,0.000378,2026-08-07 21:50
ETH,1786139444645,0.000434,2026-08-07 21:50
ETH,1786139444645,0.000459,2026-08-07 21:50
ETH,1786139444645,0.000475,2026-08-07 21:50
ETH,1786139444645,0.000491,2026-08-07 21:50
ETH,1786139444645,0.000523,2026-08-07 21:50
ETH,1786139444645,0.000582,2026-08-07 21:50
ETH,1786139444645,0.000817,2026-08-07 21:50
ETH,1786139444645,0.001067,2026-08-07 21:50
ETH,1786139444646,-0.002676,2026-08-07 21:50
ETH,1786139444646,-0.002549,2026-08-07 21:50
ETH,1786139444646,-0.002374,2026-08-07 21:50
ETH,1786139444646,-0.002251,2026-08-07 21:50
ETH,1786139444646,-0.002152,2026-08-07 21:50
ETH,1786139444646,-0.001363,2026-08-07 21:50
ETH,1786139444646,-0.001262,2026-08-07 21:50
ETH,1786139444646,-0.000907,2026-08-07 21:50
ETH,1786139444646,-0.000884,2026-08-07 21:50
ETH,1786139444646,-0.000793,2026-08-07 21:50
ETH,1786139444646,-0.000665,2026-08-07 21:50
ETH,1786139444646,-0.000614,2026-08-07 21:50
ETH,1786139444646,-0.00056,2026-08-07 21:50
ETH,1786139444646,-0.00056,2026-08-07 21:50
ETH,1786139444646,-0.000485,2026-08-07 21:50
ETH,1786139444646,-0.000439,2026-08-07 21:50
ETH,1786139444646,-0.000413,2026-08-07 21:50
ETH,1786139444646,-0.000383,2026-08-07 21:50
ETH,1786139444646,-0.000357,2026-08-07 21:50
ETH,1786139444646,-0.000345,2026-08-07 21:50
ETH,1786139444646,-0.000341,2026-08-07 21:50
ETH,1786139444646,-0.000301,2026-08-07 21:50
ETH,1786139444646,-0.000298,2026-08-07 21:50
ETH,1786139444646,-0.000277,2026-08-07 21:50
ETH,1786139444646,-0.000238,2026-08-07 21:50
ETH,1786139444646,-0.000223,2026-08-07 21:50
ETH,1786139444646,-0.000217,2026-08-07 21:50
ETH,1786139444646,-0.0002,2026-08-07 21:50
ETH,1786139444646,-0.0002,2026-08-07 21:50
ETH,1786139444646,-0.0002,2026-08-07 21:50
ETH,1786139444646,-0.0002,2026-08-07 21:50
ETH,1786139444646,-0.0002,2026-08-07 21:50
ETH,1786139444646,-0.0002,2026-08-07 21:50
ETH,1786139444646,-0.0002,2026-08-07 21:50
ETH,1786139444646,-0.0002,2026-08-07 21:50
ETH,1786139444646,-0.0002,2026-08-07 21:50
ETH,1786139444646,-0.0002,2026-08-07 21:50
ETH,1786139444646,-0.0002,2026-08-07 21:50
ETH,1786139444646,-0.0002,2026-08-07 21:50
ETH,1786139444646,-0.00019,2026-08-07 21:50
ETH,1786139444646,-0.000182,2026-08-07 21:50
ETH,1786139444646,-0.000167,2026-08-07 21:50
ETH,1786139444646,-0.000164,2026-08-07 21:50
ETH,1786139444646,-0.00016,2026-08-07 21:50
ETH,1786139444646,-0.000156,2026-08-07 21:50
ETH,1786139444646,-0.000154,2026-08-07 21:50
ETH,1786139444646,-0.000149,2026-08-07 21:50
ETH,1786139444646,-0.000148,2026-08-07 21:50
ETH,1786139444646,-0.000148,2026-08-07 21:50
ETH,1786139444646,-0.000148,2026-08-07 21:50
ETH,1786139444646,-0.000148,2026-08-07 21:50
ETH,1786139444646,-0.000147,2026-08-07 21:50
ETH,1786139444646,-0.000146,2026-08-07 21:50
ETH,1786139444646,-0.000145,2026-08-07 21:50
ETH,1786139444646,-0.000145,2026-08-07 21:50
ETH,1786139444646,-0.000144,2026-08-07 21:50
ETH,1786139444646,-0.000142,2026-08-07 21:50
ETH,1786139444646,-0.000141,2026-08-07 21:50
ETH,1786139444646,-0.000141,2026-08-07 21:50
ETH,1786139444646,-0.000141,2026-08-07 21:50
ETH,1786139444646,-0.00014,2026-08-07 21:50
ETH,1786139444646,-0.00014,2026-08-07 21:50
ETH,1786139444646,-0.00014,2026-08-07 21:50
ETH,1786139444646,-0.000139,2026-08-07 21:50
ETH,1786139444646,-0.000139,2026-08-07 21:50
ETH,1786139444646,-0.000138,2026-08-07 21:50
ETH,1786139444646,-0.000138,2026-08-07 21:50
ETH,1786139444646,-0.000137,2026-08-07 21:50
ETH,1786139444646,-0.000137,2026-08-07 21:50
ETH,1786139444646,-0.000136,2026-08-07 21:50
ETH,1786139444646,-0.000136,2026-08-07 21:50
ETH,1786139444646,-0.000135,2026-08-07 21:50
ETH,1786139444646,-0.000134,2026-08-07 21:50
ETH,1786139444646,-0.000133,2026-08-07 21:50
ETH,1786139444646,-0.000133,2026-08-07 21:50
ETH,1786139444646,-0.000133,2026-08-07 21:50
ETH,1786139444646,-0.000132,2026-08-07 21:50
ETH,1786139444646,-0.000132,2026-08-07 21:50
ETH,1786139444646,-0.000132,2026-08-07 21:50
ETH,1786139444646,-0.000132,2026-08-07 21:50
ETH,1786139444646,-0.000131,2026-08-07 21:50
ETH,1786139444646,-0.000131,2026-08-07 21:50
ETH,1786139444646,-0.000131,2026-08-07 21:50
ETH,1786139444646,-0.000131,2026-08-07 21:50
ETH,1786139444646,-0.00013,2026-08-07 21:50
ETH,1786139444646,-0.000129,2026-08-07 21:50
ETH,1786139444646,-0.000129,2026-08-07 21:50
ETH,1786139444646,-0.000129,2026-08-07 21:50
ETH,1786139444646,-0.000128,2026-08-07 21:50
ETH,1786139444646,-0.000128,2026-08-07 21:50
ETH,1786139444646,-0.000127,2026-08-07 21:50
ETH,1786139444646,-0.000127,2026-08-07 21:50
ETH,1786139444646,-0.000127,2026-08-07 21:50
ETH,1786139444646,-0.000126,2026-08-07 21:50
ETH,1786139444646,-0.000124,2026-08-07 21:50
ETH,1786139444646,-0.000124,2026-08-07 21:50
ETH,1786139444646,-0.000124,2026-08-07 21:50
ETH,1786139444646,-0.000121,2026-08-07 21:50
ETH,1786139444646,-0.000121,2026-08-07 21:50
ETH,1786139444646,-0.000121,2026-08-07 21:50
ETH,1786139444646,-0.000121,2026-08-07 21:50
ETH,1786139444646,-0.000117,2026-08-07 21:50
ETH,1786139444646,-0.000117,2026-08-07 21:50
ETH,1786139444646,-0.000117,2026-08-07 21:50
ETH,1786139444646,-0.000115,2026-08-07 21:50
ETH,1786139444646,-0.000115,2026-08-07 21:50
ETH,1786139444646,-0.000114,2026-08-07 21:50
ETH,1786139444646,-0.000113,2026-08-07 21:50
ETH,1786139444646,-0.000111,2026-08-07 21:50
ETH,1786139444646,-0.000109,2026-08-07 21:50
ETH,1786139444646,-0.000109,2026-08-07 21:50
ETH,1786139444646,-0.000104,2026-08-07 21:50
ETH,1786139444646,-9.7e-05,2026-08-07 21:50
ETH,1786139444646,-9.6e-05,2026-08-07 21:50
ETH,1786139444646,-9.3e-05,2026-08-07 21:50
ETH,1786139444646,-9.1e-05,2026-08-07 21:50
ETH,1786139444646,-8.9e-05,2026-08-07 21:50
ETH,1786139444646,-8.7e-05,2026-08-07 21:50
ETH,1786139444646,-8.5e-05,2026-08-07 21:50
ETH,1786139444646,-8.3e-05,2026-08-07 21:50
ETH,1786139444646,-7.8e-05,2026-08-07 21:50
ETH,1786139444646,-7.5e-05,2026-08-07 21:50
ETH,1786139444646,-7.4e-05,2026-08-07 21:50
ETH,1786139444646,-6.6e-05,2026-08-07 21:50
ETH,1786139444646,-6.2e-05,2026-08-07 21:50
ETH,1786139444646,-5.2e-05,2026-08-07 21:50
ETH,1786139444646,-5.2e-05,2026-08-07 21:50
ETH,1786139444646,-5.2e-05,2026-08-07 21:50
ETH,1786139444646,-4.9e-05,2026-08-07 21:50
ETH,1786139444646,-4.9e-05,2026-08-07 21:50
ETH,1786139444646,-4.6e-05,2026-08-07 21:50
ETH,1786139444646,-4.5e-05,2026-08-07 21:50
ETH,1786139444646,-4.1e-05,2026-08-07 21:50
ETH,1786139444646,-3.9e-05,2026-08-07 21:50
ETH,1786139444646,-3.3e-05,2026-08-07 21:50
ETH,1786139444646,-2.9e-05,2026-08-07 21:50
ETH,1786139444646,-2.9e-05,2026-08-07 21:50
ETH,1786139444646,-2.9e-05,2026-08-07 21:50
ETH,1786139444646,-2.8e-05,2026-08-07 21:50
ETH,1786139444646,-2.5e-05,2026-08-07 21:50
ETH,1786139444646,-2.3e-05,2026-08-07 21:50
ETH,1786139444646,-2.2e-05,2026-08-07 21:50
ETH,1786139444646,-1.9e-05,2026-08-07 21:50
ETH,1786139444646,-1.7e-05,2026-08-07 21:50
ETH,1786139444646,-1.7e-05,2026-08-07 21:50
ETH,1786139444646,-1.7e-05,2026-08-07 21:50
ETH,1786139444646,-1.4e-05,2026-08-07 21:50
ETH,1786139444646,-1.4e-05,2026-08-07 21:50
ETH,1786139444646,-1.3e-05,2026-08-07 21:50
ETH,1786139444646,-1.3e-05,2026-08-07 21:50
ETH,1786139444646,-1.2e-05,2026-08-07 21:50
ETH,1786139444646,-1.1e-05,2026-08-07 21:50
ETH,1786139444646,-1e-05,2026-08-07 21:50
ETH,1786139444646,-1e-05,2026-08-07 21:50
ETH,1786139444646,-9e-06,2026-08-07 21:50
ETH,1786139444646,-7e-06,2026-08-07 21:50
ETH,1786139444646,-7e-06,2026-08-07 21:50
ETH,1786139444646,-7e-06,2026-08-07 21:50
ETH,1786139444646,-5e-06,2026-08-07 21:50
ETH,1786139444646,-4e-06,2026-08-07 21:50
ETH,1786139444646,-4e-06,2026-08-07 21:50
ETH,1786139444646,0.0,2026-08-07 21:50
ETH,1786139444646,0.0,2026-08-07 21:50
ETH,1786139444646,0.0,2026-08-07 21:50
ETH,1786139444646,0.0,2026-08-07 21:50
ETH,1786139444646,0.0,2026-08-07 21:50
ETH,1786139444646,0.0,2026-08-07 21:50
ETH,1786139444646,0.0,2026-08-07 21:50
ETH,1786139444646,0.0,2026-08-07 21:50
ETH,1786139444646,0.0,2026-08-07 21:50
ETH,1786139444646,0.0,2026-08-07 21:50
ETH,1786139444646,0.0,2026-08-07 21:50
ETH,1786139444646,0.0,2026-08-07 21:50
ETH,1786139444646,0.0,2026-08-07 21:50
ETH,1786139444646,0.0,2026-08-07 21:50
ETH,1786139444646,0.0,2026-08-07 21:50
ETH,1786139444646,0.0,2026-08-07 21:50
ETH,1786139444646,0.0,2026-08-07 21:50
ETH,1786139444646,0.0,2026-08-07 21:50
ETH,1786139444646,0.0,2026-08-07 21:50
ETH,1786139444646,0.0,2026-08-07 21:50
ETH,1786139444646,0.0,2026-08-07 21:50
ETH,1786139444646,0.0,2026-08-07 21:50
ETH,1786139444646,0.0,2026-08-07 21:50
ETH,1786139444646,0.0,2026-08-07 21:50
ETH,1786139444646,0.0,2026-08-07 21:50
ETH,1786139444646,0.0,2026-08-07 21:50
ETH,1786139444646,0.0,2026-08-07 21:50
ETH,1786139444646,0.0,2026-08-07 21:50
ETH,1786139444646,0.0,2026-08-07 21:50
ETH,1786139444646,0.0,2026-08-07 21:50
ETH,1786139444646,0.0,2026-08-07 21:50
ETH,1786139444646,0.0,2026-08-07 21:50
ETH,1786139444646,0.0,2026-08-07 21:50
ETH,1786139444646,0.0,2026-08-07 21:50
ETH,1786139444646,0.0,2026-08-07 21:50
ETH,1786139444646,0.0,2026-08-07 21:50
ETH,1786139444646,0.0,2026-08-07 21:50
ETH,1786139444646,0.0,2026-08-07 21:50
ETH,1786139444646,0.0,2026-08-07 21:50
ETH,1786139444646,0.0,2026-08-07 21:50
ETH,1786139444646,0.0,2026-08-07 21:50
ETH,1786139444646,0.0,2026-08-07 21:50
ETH,1786139444646,0.0,2026-08-07 21:50
ETH,1786139444646,0.0,2026-08-07 21:50
ETH,1786139444646,0.0,2026-08-07 21:50
ETH,1786139444646,0.0,2026-08-07 21:50
ETH,1786139444646,0.0,2026-08-07 21:50
ETH,1786139444646,0.0,2026-08-07 21:50
ETH,1786139444646,0.0,2026-08-07 21:50
ETH,1786139444646,0.0,2026-08-07 21:50
ETH,1786139444646,0.0,2026-08-07 21:50
ETH,1786139444646,0.0,2026-08-07 21:50
ETH,1786139444646,0.0,2026-08-07 21:50
ETH,1786139444646,0.0,2026-08-07 21:50
ETH,1786139444646,0.0,2026-08-07 21:50
ETH,1786139444646,0.0,2026-08-07 21:50
ETH,1786139444646,0.0,2026-08-07 21:50
ETH,1786139444646,0.0,2026-08-07 21:50
ETH,1786139444646,0.0,2026-08-07 21:50
ETH,1786139444646,0.0,2026-08-07 21:50
ETH,1786139444646,0.0,2026-08-07 21:50
ETH,1786139444646,0.0,2026-08-07 21:50
ETH,1786139444646,0.0,2026-08-07 21:50
ETH,1786139444646,0.0,2026-08-07 21:50
ETH,1786139444646,0.0,2026-08-07 21:50
ETH,1786139444646,0.0,2026-08-07 21:50
ETH,1786139444646,0.0,2026-08-07 21:50
ETH,1786139444646,0.0,2026-08-07 21:50
ETH,1786139444646,0.0,2026-08-07 21:50
ETH,1786139444646,0.0,2026-08-07 21:50
ETH,1786139444646,0.0,2026-08-07 21:50
ETH,1786139444646,0.0,2026-08-07 21:50
ETH,1786139444646,0.0,2026-08-07 21:50
ETH,1786139444646,0.0,2026-08-07 21:50
ETH,1786139444646,0.0,2026-08-07 21:50
ETH,1786139444646,0.0,2026-08-07 21:50
ETH,1786139444646,0.0,2026-08-07 21:50
ETH,1786139444646,0.0,2026-08-07 21:50
ETH,1786139444646,0.0,2026-08-07 21:50
ETH,1786139444646,0.0,2026-08-07 21:50
ETH,1786139444646,0.0,2026-08-07 21:50
ETH,1786139444646,0.0,2026-08-07 21:50
ETH,1786139444646,0.0,2026-08-07 21:50
ETH,1786139444646,0.0,2026-08-07 21:50
ETH,1786139444646,0.0,2026-08-07 21:50
ETH,1786139444646,0.0,2026-08-07 21:50
ETH,1786139444646,0.0,2026-08-07 21:50
ETH,1786139444646,0.0,2026-08-07 21:50
ETH,1786139444646,0.0,2026-08-07 21:50
ETH,1786139444646,0.0,2026-08-07 21:50
ETH,1786139444646,0.0,2026-08-07 21:50
ETH,1786139444646,0.0,2026-08-07 21:50
ETH,1786139444646,0.0,2026-08-07 21:50
ETH,1786139444646,0.0,2026-08-07 21:50
ETH,1786139444646,0.0,2026-08-07 21:50
ETH,1786139444646,0.0,2026-08-07 21:50
ETH,1786139444646,0.0,2026-08-07 21:50
ETH,1786139444646,0.0,2026-08-07 21:50
ETH,1786139444646,0.0,2026-08-07 21:50
ETH,1786139444646,0.0,2026-08-07 21:50
ETH,1786139444646,0.0,2026-08-07 21:50
ETH,1786139444646,0.0,2026-08-07 21:50
ETH,1786139444646,0.0,2026-08-07 21:50
ETH,1786139444646,0.0,2026-08-07 21:50
ETH,1786139444646,0.0,2026-08-07 21:50
ETH,1786139444646,0.0,2026-08-07 21:50
ETH,1786139444646,0.0,2026-08-07 21:50
ETH,1786139444646,0.0,2026-08-07 21:50
ETH,1786139444646,0.0,2026-08-07 21:50
ETH,1786139444646,0.0,2026-08-07 21:50
ETH,1786139444646,0.0,2026-08-07 21:50
ETH,1786139444646,0.0,2026-08-07 21:50
ETH,1786139444646,0.0,2026-08-07 21:50
ETH,1786139444646,0.0,2026-08-07 21:50
ETH,1786139444646,0.0,2026-08-07 21:50
ETH,1786139444646,0.0,2026-08-07 21:50
ETH,1786139444646,0.0,2026-08-07 21:50
ETH,1786139444646,0.0,2026-08-07 21:50
ETH,1786139444646,0.0,2026-08-07 21:50
ETH,1786139444646,0.0,2026-08-07 21:50
ETH,1786139444646,0.0,2026-08-07 21:50
ETH,1786139444646,0.0,2026-08-07 21:50
ETH,1786139444646,0.0,2026-08-07 21:50
ETH,1786139444646,0.0,2026-08-07 21:50
ETH,1786139444646,0.0,2026-08-07 21:50
ETH,1786139444646,0.0,2026-08-07 21:50
ETH,1786139444646,0.0,2026-08-07 21:50
ETH,1786139444646,0.0,2026-08-07 21:50
ETH,1786139444646,0.0,2026-08-07 21:50
ETH,1786139444646,0.0,2026-08-07 21:50
ETH,1786139444646,0.0,2026-08-07 21:50
ETH,1786139444646,0.0,2026-08-07 21:50
ETH,1786139444646,0.0,2026-08-07 21:50
ETH,1786139444646,0.0,2026-08-07 21:50
ETH,1786139444646,0.0,2026-08-07 21:50
ETH,1786139444646,0.0,2026-08-07 21:50
ETH,1786139444646,0.0,2026-08-07 21:50
ETH,1786139444646,0.0,2026-08-07 21:50
ETH,1786139444646,0.0,2026-08-07 21:50
ETH,1786139444646,0.0,2026-08-07 21:50
ETH,1786139444646,0.0,2026-08-07 21:50
ETH,1786139444646,0.0,2026-08-07 21:50
ETH,1786139444646,0.0,2026-08-07 21:50
ETH,1786139444646,0.0,2026-08-07 21:50
ETH,1786139444646,0.0,2026-08-07 21:50
ETH,1786139444646,1e-06,2026-08-07 21:50
ETH,1786139444646,1e-06,2026-08-07 21:50
ETH,1786139444646,2e-06,2026-08-07 21:50
ETH,1786139444646,3e-06,2026-08-07 21:50
ETH,1786139444646,3e-06,2026-08-07 21:50
ETH,1786139444646,5e-06,2026-08-07 21:50
ETH,1786139444646,5e-06,2026-08-07 21:50
ETH,1786139444646,6e-06,2026-08-07 21:50
ETH,1786139444646,6e-06,2026-08-07 21:50
ETH,1786139444646,6e-06,2026-08-07 21:50
ETH,1786139444646,6e-06,2026-08-07 21:50
ETH,1786139444646,6e-06,2026-08-07 21:50
ETH,1786139444646,7e-06,2026-08-07 21:50
ETH,1786139444646,9e-06,2026-08-07 21:50
ETH,1786139444646,9e-06,2026-08-07 21:50
ETH,1786139444646,1.3e-05,2026-08-07 21:50
ETH,1786139444646,1.4e-05,2026-08-07 21:50
ETH,1786139444646,1.4e-05,2026-08-07 21:50
ETH,1786139444646,1.7e-05,2026-08-07 21:50
ETH,1786139444646,1.8e-05,2026-08-07 21:50
ETH,1786139444646,1.9e-05,2026-08-07 21:50
ETH,1786139444646,1.9e-05,2026-08-07 21:50
ETH,1786139444646,2.3e-05,2026-08-07 21:50
ETH,1786139444646,2.4e-05,2026-08-07 21:50
ETH,1786139444646,2.4e-05,2026-08-07 21:50
ETH,1786139444646,2.6e-05,2026-08-07 21:50
ETH,1786139444646,2.7e-05,2026-08-07 21:50
ETH,1786139444646,2.8e-05,2026-08-07 21:50
ETH,1786139444646,2.9e-05,2026-08-07 21:50
ETH,1786139444646,3.1e-05,2026-08-07 21:50
ETH,1786139444646,3.2e-05,2026-08-07 21:50
ETH,1786139444646,3.3e-05,2026-08-07 21:50
ETH,1786139444646,3.4e-05,2026-08-07 21:50
ETH,1786139444646,3.7e-05,2026-08-07 21:50
ETH,1786139444646,3.8e-05,2026-08-07 21:50
ETH,1786139444646,3.9e-05,2026-08-07 21:50
ETH,1786139444646,4.2e-05,2026-08-07 21:50
ETH,1786139444646,4.3e-05,2026-08-07 21:50
ETH,1786139444646,4.3e-05,2026-08-07 21:50
ETH,1786139444646,4.5e-05,2026-08-07 21:50
ETH,1786139444646,4.6e-05,2026-08-07 21:50
ETH,1786139444646,5e-05,2026-08-07 21:50
ETH,1786139444646,5e-05,2026-08-07 21:50
ETH,1786139444646,5e-05,2026-08-07 21:50
ETH,1786139444646,5e-05,2026-08-07 21:50
ETH,1786139444646,5e-05,2026-08-07 21:50
ETH,1786139444646,5e-05,2026-08-07 21:50
ETH,1786139444646,5e-05,2026-08-07 21:50
ETH,1786139444646,5e-05,2026-08-07 21:50
ETH,1786139444646,5e-05,2026-08-07 21:50
ETH,1786139444646,5e-05,2026-08-07 21:50
ETH,1786139444646,5e-05,2026-08-07 21:50
ETH,1786139444646,5e-05,2026-08-07 21:50
ETH,1786139444646,5e-05,2026-08-07 21:50
ETH,1786139444646,5e-05,2026-08-07 21:50
ETH,1786139444646,5e-05,2026-08-07 21:50
ETH,1786139444646,5e-05,2026-08-07 21:50
ETH,1786139444646,5e-05,2026-08-07 21:50
ETH,1786139444646,5e-05,2026-08-07 21:50
ETH,1786139444646,5e-05,2026-08-07 21:50
ETH,1786139444646,5e-05,2026-08-07 21:50
ETH,1786139444646,5e-05,2026-08-07 21:50
ETH,1786139444646,5e-05,2026-08-07 21:50
ETH,1786139444646,5e-05,2026-08-07 21:50
ETH,1786139444646,5e-05,2026-08-07 21:50
ETH,1786139444646,5e-05,2026-08-07 21:50
ETH,1786139444646,5e-05,2026-08-07 21:50
ETH,1786139444646,5e-05,2026-08-07 21:50
ETH,1786139444646,5e-05,2026-08-07 21:50
ETH,1786139444646,5e-05,2026-08-07 21:50
ETH,1786139444646,5e-05,2026-08-07 21:50
ETH,1786139444646,5e-05,2026-08-07 21:50
ETH,1786139444646,5e-05,2026-08-07 21:50
ETH,1786139444646,5e-05,2026-08-07 21:50
ETH,1786139444646,5e-05,2026-08-07 21:50
ETH,1786139444646,5e-05,2026-08-07 21:50
ETH,1786139444646,5e-05,2026-08-07 21:50
ETH,1786139444646,5e-05,2026-08-07 21:50
ETH,1786139444646,5e-05,2026-08-07 21:50
ETH,1786139444646,5e-05,2026-08-07 21:50
ETH,1786139444646,5e-05,2026-08-07 21:50
ETH,1786139444646,5e-05,2026-08-07 21:50
ETH,1786139444646,5e-05,2026-08-07 21:50
ETH,1786139444646,5e-05,2026-08-07 21:50
ETH,1786139444646,5e-05,2026-08-07 21:50
ETH,1786139444646,5e-05,2026-08-07 21:50
ETH,1786139444646,5e-05,2026-08-07 21:50
ETH,1786139444646,5e-05,2026-08-07 21:50
ETH,1786139444646,5e-05,2026-08-07 21:50
ETH,1786139444646,5e-05,2026-08-07 21:50
ETH,1786139444646,5e-05,2026-08-07 21:50
ETH,1786139444646,5e-05,2026-08-07 21:50
ETH,1786139444646,5e-05,2026-08-07 21:50
ETH,1786139444646,5e-05,2026-08-07 21:50
ETH,1786139444646,5e-05,2026-08-07 21:50
ETH,1786139444646,5e-05,2026-08-07 21:50
ETH,1786139444646,5e-05,2026-08-07 21:50
ETH,1786139444646,5e-05,2026-08-07 21:50
ETH,1786139444646,5e-05,2026-08-07 21:50
ETH,1786139444646,5e-05,2026-08-07 21:50
ETH,1786139444646,5e-05,2026-08-07 21:50
ETH,1786139444646,5e-05,2026-08-07 21:50
ETH,1786139444646,5e-05,2026-08-07 21:50
ETH,1786139444646,5e-05,2026-08-07 21:50
ETH,1786139444646,5e-05,2026-08-07 21:50
ETH,1786139444646,5e-05,2026-08-07 21:50
ETH,1786139444646,5e-05,2026-08-07 21:50
ETH,1786139444646,5e-05,2026-08-07 21:50
ETH,1786139444646,5e-05,2026-08-07 21:50
ETH,1786139444646,5e-05,2026-08-07 21:50
ETH,1786139444646,5e-05,2026-08-07 21:50
ETH,1786139444646,5e-05,2026-08-07 21:50
ETH,1786139444646,5e-05,2026-08-07 21:50
ETH,1786139444646,5e-05,2026-08-07 21:50
ETH,1786139444646,5e-05,2026-08-07 21:50
ETH,1786139444646,5e-05,2026-08-07 21:50
ETH,1786139444646,5e-05,2026-08-07 21:50
ETH,1786139444646,5e-05,2026-08-07 21:50
ETH,1786139444646,5e-05,2026-08-07 21:50
ETH,1786139444646,5e-05,2026-08-07 21:50
ETH,1786139444646,5e-05,2026-08-07 21:50
ETH,1786139444646,5e-05,2026-08-07 21:50
ETH,1786139444646,5e-05,2026-08-07 21:50
ETH,1786139444646,5e-05,2026-08-07 21:50
ETH,1786139444646,5e-05,2026-08-07 21:50
ETH,1786139444646,5e-05,2026-08-07 21:50
ETH,1786139444646,5e-05,2026-08-07 21:50
ETH,1786139444646,5e-05,2026-08-07 21:50
ETH,1786139444646,5e-05,2026-08-07 21:50
ETH,1786139444646,5e-05,2026-08-07 21:50
ETH,1786139444646,5e-05,2026-08-07 21:50
ETH,1786139444646,5e-05,2026-08-07 21:50
ETH,1786139444646,5e-05,2026-08-07 21:50
ETH,1786139444646,5e-05,2026-08-07 21:50
ETH,1786139444646,5e-05,2026-08-07 21:50
ETH,1786139444646,5e-05,2026-08-07 21:50
ETH,1786139444646,5e-05,2026-08-07 21:50
ETH,1786139444646,5e-05,2026-08-07 21:50
ETH,1786139444646,5e-05,2026-08-07 21:50
ETH,1786139444646,5e-05,2026-08-07 21:50
ETH,1786139444646,5e-05,2026-08-07 21:50
ETH,1786139444646,5e-05,2026-08-07 21:50
ETH,1786139444646,5e-05,2026-08-07 21:50
ETH,1786139444646,5e-05,2026-08-07 21:50
ETH,1786139444646,5e-05,2026-08-07 21:50
ETH,1786139444646,5e-05,2026-08-07 21:50
ETH,1786139444646,5e-05,2026-08-07 21:50
ETH,1786139444646,5e-05,2026-08-07 21:50
ETH,1786139444646,5e-05,2026-08-07 21:50
ETH,1786139444646,5e-05,2026-08-07 21:50
ETH,1786139444646,5e-05,2026-08-07 21:50
ETH,1786139444646,5e-05,2026-08-07 21:50
ETH,1786139444646,5e-05,2026-08-07 21:50
ETH,1786139444646,5e-05,2026-08-07 21:50
ETH,1786139444646,5e-05,2026-08-07 21:50
ETH,1786139444646,5e-05,2026-08-07 21:50
ETH,1786139444646,5e-05,2026-08-07 21:50
ETH,1786139444646,5e-05,2026-08-07 21:50
ETH,1786139444646,5e-05,2026-08-07 21:50
ETH,1786139444646,5e-05,2026-08-07 21:50
ETH,1786139444646,5e-05,2026-08-07 21:50
ETH,1786139444646,5e-05,2026-08-07 21:50
ETH,1786139444646,5e-05,2026-08-07 21:50
ETH,1786139444646,5e-05,2026-08-07 21:50
ETH,1786139444646,5e-05,2026-08-07 21:50
ETH,1786139444646,5e-05,2026-08-07 21:50
ETH,1786139444646,5e-05,2026-08-07 21:50
ETH,1786139444646,5e-05,2026-08-07 21:50
ETH,1786139444646,5e-05,2026-08-07 21:50
ETH,1786139444646,5e-05,2026-08-07 21:50
ETH,1786139444646,5e-05,2026-08-07 21:50
ETH,1786139444646,5e-05,2026-08-07 21:50
ETH,1786139444646,5e-05,2026-08-07 21:50
ETH,1786139444646,5e-05,2026-08-07 21:50
ETH,1786139444646,5e-05,2026-08-07 21:50
ETH,1786139444646,5e-05,2026-08-07 21:50
ETH,1786139444646,5e-05,2026-08-07 21:50
ETH,1786139444646,5e-05,2026-08-07 21:50
ETH,1786139444646,5e-05,2026-08-07 21:50
ETH,1786139444646,5e-05,2026-08-07 21:50
ETH,1786139444646,5e-05,2026-08-07 21:50
ETH,1786139444646,5e-05,2026-08-07 21:50
ETH,1786139444646,5e-05,2026-08-07 21:50
ETH,1786139444646,5e-05,2026-08-07 21:50
ETH,1786139444646,5e-05,2026-08-07 21:50
ETH,1786139444646,5e-05,2026-08-07 21:50
ETH,1786139444646,5e-05,2026-08-07 21:50
ETH,1786139444646,5e-05,2026-08-07 21:50
ETH,1786139444646,5e-05,2026-08-07 21:50
ETH,1786139444646,5e-05,2026-08-07 21:50
ETH,1786139444646,5e-05,2026-08-07 21:50
ETH,1786139444646,5e-05,2026-08-07 21:50
ETH,1786139444646,5.2e-05,2026-08-07 21:50
ETH,1786139444646,5.4e-05,2026-08-07 21:50
ETH,1786139444646,5.5e-05,2026-08-07 21:50
ETH,1786139444646,5.7e-05,2026-08-07 21:50
ETH,1786139444646,6e-05,2026-08-07 21:50
ETH,1786139444646,6.3e-05,2026-08-07 21:50
ETH,1786139444646,6.4e-05,2026-08-07 21:50
ETH,1786139444646,6.6e-05,2026-08-07 21:50
ETH,1786139444646,6.8e-05,2026-08-07 21:50
ETH,1786139444646,6.9e-05,2026-08-07 21:50
ETH,1786139444646,6.9e-05,2026-08-07 21:50
ETH,1786139444646,6.9e-05,2026-08-07 21:50
ETH,1786139444646,7.5e-05,2026-08-07 21:50
ETH,1786139444646,7.7e-05,2026-08-07 21:50
ETH,1786139444646,7.7e-05,2026-08-07 21:50
ETH,1786139444646,7.9e-05,2026-08-07 21:50
ETH,1786139444646,8.1e-05,2026-08-07 21:50
ETH,1786139444646,8.3e-05,2026-08-07 21:50
ETH,1786139444646,8.3e-05,2026-08-07 21:50
ETH,1786139444646,8.6e-05,2026-08-07 21:50
ETH,1786139444646,8.6e-05,2026-08-07 21:50
ETH,1786139444646,8.6e-05,2026-08-07 21:50
ETH,1786139444646,8.7e-05,2026-08-07 21:50
ETH,1786139444646,9.1e-05,2026-08-07 21:50
ETH,1786139444646,9.2e-05,2026-08-07 21:50
ETH,1786139444646,9.6e-05,2026-08-07 21:50
ETH,1786139444646,9.9e-05,2026-08-07 21:50
ETH,1786139444646,0.0001,2026-08-07 21:50
ETH,1786139444646,0.0001,2026-08-07 21:50
ETH,1786139444646,0.0001,2026-08-07 21:50
ETH,1786139444646,0.0001,2026-08-07 21:50
ETH,1786139444646,0.0001,2026-08-07 21:50
ETH,1786139444646,0.0001,2026-08-07 21:50
ETH,1786139444646,0.0001,2026-08-07 21:50
ETH,1786139444646,0.0001,2026-08-07 21:50
ETH,1786139444646,0.0001,2026-08-07 21:50
ETH,1786139444646,0.0001,2026-08-07 21:50
ETH,1786139444646,0.0001,2026-08-07 21:50
ETH,1786139444646,0.0001,2026-08-07 21:50
ETH,1786139444646,0.0001,2026-08-07 21:50
ETH,1786139444646,0.0001,2026-08-07 21:50
ETH,1786139444646,0.0001,2026-08-07 21:50
ETH,1786139444646,0.0001,2026-08-07 21:50
ETH,1786139444646,0.0001,2026-08-07 21:50
ETH,1786139444646,0.0001,2026-08-07 21:50
ETH,1786139444646,0.0001,2026-08-07 21:50
ETH,1786139444646,0.0001,2026-08-07 21:50
ETH,1786139444646,0.0001,2026-08-07 21:50
ETH,1786139444646,0.0001,2026-08-07 21:50
ETH,1786139444646,0.0001,2026-08-07 21:50
ETH,1786139444646,0.0001,2026-08-07 21:50
ETH,1786139444646,0.0001,2026-08-07 21:50
ETH,1786139444646,0.0001,2026-08-07 21:50
ETH,1786139444646,0.0001,2026-08-07 21:50
ETH,1786139444646,0.0001,2026-08-07 21:50
ETH,1786139444646,0.0001,2026-08-07 21:50
ETH,1786139444646,0.0001,2026-08-07 21:50
ETH,1786139444646,0.0001,2026-08-07 21:50
ETH,1786139444646,0.0001,2026-08-07 21:50
ETH,1786139444646,0.0001,2026-08-07 21:50
ETH,1786139444646,0.0001,2026-08-07 21:50
ETH,1786139444646,0.0001,2026-08-07 21:50
ETH,1786139444646,0.0001,2026-08-07 21:50
ETH,1786139444646,0.0001,2026-08-07 21:50
ETH,1786139444646,0.0001,2026-08-07 21:50
ETH,1786139444646,0.0001,2026-08-07 21:50
ETH,1786139444646,0.0001,2026-08-07 21:50
ETH,1786139444646,0.0001,2026-08-07 21:50
ETH,1786139444646,0.0001,2026-08-07 21:50
ETH,1786139444646,0.0001,2026-08-07 21:50
ETH,1786139444646,0.0001,2026-08-07 21:50
ETH,1786139444646,0.0001,2026-08-07 21:50
ETH,1786139444646,0.0001,2026-08-07 21:50
ETH,1786139444646,0.0001,2026-08-07 21:50
ETH,1786139444646,0.000101,2026-08-07 21:50
ETH,1786139444646,0.000111,2026-08-07 21:50
ETH,1786139444646,0.000113,2026-08-07 21:50
ETH,1786139444646,0.000113,2026-08-07 21:50
ETH,1786139444646,0.000115,2026-08-07 21:50
ETH,1786139444646,0.000116,2026-08-07 21:50
ETH,1786139444646,0.000116,2026-08-07 21:50
ETH,1786139444646,0.00012,2026-08-07 21:50
ETH,1786139444646,0.000122,2026-08-07 21:50
ETH,1786139444646,0.000124,2026-08-07 21:50
ETH,1786139444646,0.000126,2026-08-07 21:50
ETH,1786139444646,0.000129,2026-08-07 21:50
ETH,1786139444646,0.00013,2026-08-07 21:50
ETH,1786139444646,0.000134,2026-08-07 21:50
ETH,1786139444646,0.000134,2026-08-07 21:50
ETH,1786139444646,0.000134,2026-08-07 21:50
ETH,1786139444646,0.000135,2026-08-07 21:50
ETH,1786139444646,0.000136,2026-08-07 21:50
ETH,1786139444646,0.000136,2026-08-07 21:50
ETH,1786139444646,0.000136,2026-08-07 21:50
ETH,1786139444646,0.000139,2026-08-07 21:50
ETH,1786139444646,0.000141,2026-08-07 21:50
ETH,1786139444646,0.000142,2026-08-07 21:50
ETH,1786139444646,0.000147,2026-08-07 21:50
ETH,1786139444646,0.000148,2026-08-07 21:50
ETH,1786139444646,0.00015,2026-08-07 21:50
ETH,1786139444646,0.000156,2026-08-07 21:50
ETH,1786139444646,0.000177,2026-08-07 21:50
ETH,1786139444646,0.000188,2026-08-07 21:50
ETH,1786139444646,0.000197,2026-08-07 21:50
ETH,1786139444646,0.0002,2026-08-07 21:50
ETH,1786139444646,0.0002,2026-08-07 21:50
ETH,1786139444646,0.0002,2026-08-07 21:50
ETH,1786139444646,0.0002,2026-08-07 21:50
ETH,1786139444646,0.0002,2026-08-07 21:50
ETH,1786139444646,0.0002,2026-08-07 21:50
ETH,1786139444646,0.0002,2026-08-07 21:50
ETH,1786139444646,0.0002,2026-08-07 21:50
ETH,1786139444646,0.0002,2026-08-07 21:50
ETH,1786139444646,0.0002,2026-08-07 21:50
ETH,1786139444646,0.0002,2026-08-07 21:50
ETH,1786139444646,0.0002,2026-08-07 21:50
ETH,1786139444646,0.0002,2026-08-07 21:50
ETH,1786139444646,0.0002,2026-08-07 21:50
ETH,1786139444646,0.0002,2026-08-07 21:50
ETH,1786139444646,0.0002,2026-08-07 21:50
ETH,1786139444646,0.0002,2026-08-07 21:50
ETH,1786139444646,0.0002,2026-08-07 21:50
ETH,1786139444646,0.0002,2026-08-07 21:50
ETH,1786139444646,0.0002,2026-08-07 21:50
ETH,1786139444646,0.0002,2026-08-07 21:50
ETH,1786139444646,0.0002,2026-08-07 21:50
ETH,1786139444646,0.0002,2026-08-07 21:50
ETH,1786139444646,0.0002,2026-08-07 21:50
ETH,1786139444646,0.0002,2026-08-07 21:50
ETH,1786139444646,0.0002,2026-08-07 21:50
ETH,1786139444646,0.0002,2026-08-07 21:50
ETH,1786139444646,0.0002,2026-08-07 21:50
ETH,1786139444646,0.0002,2026-08-07 21:50
ETH,1786139444646,0.0002,2026-08-07 21:50
ETH,1786139444646,0.0002,2026-08-07 21:50
ETH,1786139444646,0.0002,2026-08-07 21:50
ETH,1786139444646,0.0002,2026-08-07 21:50
ETH,1786139444646,0.0002,2026-08-07 21:50
ETH,1786139444646,0.0002,2026-08-07 21:50
ETH,1786139444646,0.0002,2026-08-07 21:50
ETH,1786139444646,0.0002,2026-08-07 21:50
ETH,1786139444646,0.000209,2026-08-07 21:50
ETH,1786139444646,0.000214,2026-08-07 21:50
ETH,1786139444646,0.000228,2026-08-07 21:50
ETH,1786139444646,0.000228,2026-08-07 21:50
ETH,1786139444646,0.000236,2026-08-07 21:50
ETH,1786139444646,0.000299,2026-08-07 21:50
ETH,1786139444646,0.0003,2026-08-07 21:50
ETH,1786139444646,0.000301,2026-08-07 21:50
ETH,1786139444646,0.000313,2026-08-07 21:50
ETH,1786139444646,0.000334,2026-08-07 21:50
ETH,1786139444646,0.000358,2026-08-07 21:50
ETH,1786139444646,0.00039,2026-08-07 21:50
ETH,1786139444646,0.000532,2026-08-07 21:50
ETH,1786139444646,0.000633,2026-08-07 21:50
ETH,1786139444646,0.000723,2026-08-07 21:50
ETH,1786139444646,0.00319,2026-08-07 21:50
XRP,1786139446896,-0.003711,2026-08-07 21:50
XRP,1786139446896,-0.001467,2026-08-07 21:50
XRP,1786139446896,-0.001363,2026-08-07 21:50
XRP,1786139446896,-0.000793,2026-08-07 21:50
XRP,1786139446896,-0.000682,2026-08-07 21:50
XRP,1786139446896,-0.00056,2026-08-07 21:50
XRP,1786139446896,-0.000345,2026-08-07 21:50
XRP,1786139446896,-0.000338,2026-08-07 21:50
XRP,1786139446896,-0.000327,2026-08-07 21:50
XRP,1786139446896,-0.000236,2026-08-07 21:50
XRP,1786139446896,-0.0002,2026-08-07 21:50
XRP,1786139446896,-0.000186,2026-08-07 21:50
XRP,1786139446896,-0.000146,2026-08-07 21:50
XRP,1786139446896,-0.000105,2026-08-07 21:50
XRP,1786139446896,-9.4e-05,2026-08-07 21:50
XRP,1786139446896,-8e-05,2026-08-07 21:50
XRP,1786139446896,-7e-05,2026-08-07 21:50
XRP,1786139446896,-5.6e-05,2026-08-07 21:50
XRP,1786139446896,-4.8e-05,2026-08-07 21:50
XRP,1786139446896,-4.6e-05,2026-08-07 21:50
XRP,1786139446896,-1.9e-05,2026-08-07 21:50
XRP,1786139446896,-1.3e-05,2026-08-07 21:50
XRP,1786139446896,-1e-05,2026-08-07 21:50
XRP,1786139446896,-6e-06,2026-08-07 21:50
XRP,1786139446896,-2e-06,2026-08-07 21:50
XRP,1786139446896,0.0,2026-08-07 21:50
XRP,1786139446896,0.0,2026-08-07 21:50
XRP,1786139446896,0.0,2026-08-07 21:50
XRP,1786139446896,0.0,2026-08-07 21:50
XRP,1786139446896,0.0,2026-08-07 21:50
XRP,1786139446896,0.0,2026-08-07 21:50
XRP,1786139446896,0.0,2026-08-07 21:50
XRP,1786139446896,3e-06,2026-08-07 21:50
XRP,1786139446896,5e-06,2026-08-07 21:50
XRP,1786139446896,5e-06,2026-08-07 21:50
XRP,1786139446896,6e-06,2026-08-07 21:50
XRP,1786139446896,1.7e-05,2026-08-07 21:50
XRP,1786139446896,1.8e-05,2026-08-07 21:50
XRP,1786139446896,2.5e-05,2026-08-07 21:50
XRP,1786139446896,2.8e-05,2026-08-07 21:50
XRP,1786139446896,3.2e-05,2026-08-07 21:50
XRP,1786139446896,3.2e-05,2026-08-07 21:50
XRP,1786139446896,3.4e-05,2026-08-07 21:50
XRP,1786139446896,3.5e-05,2026-08-07 21:50
XRP,1786139446896,5e-05,2026-08-07 21:50
XRP,1786139446896,5e-05,2026-08-07 21:50
XRP,1786139446896,5e-05,2026-08-07 21:50
XRP,1786139446896,5e-05,2026-08-07 21:50
XRP,1786139446896,5e-05,2026-08-07 21:50
XRP,1786139446896,5e-05,2026-08-07 21:50
XRP,1786139446896,5e-05,2026-08-07 21:50
XRP,1786139446896,5e-05,2026-08-07 21:50
XRP,1786139446896,5e-05,2026-08-07 21:50
XRP,1786139446896,5e-05,2026-08-07 21:50
XRP,1786139446896,5e-05,2026-08-07 21:50
XRP,1786139446896,5e-05,2026-08-07 21:50
XRP,1786139446896,5e-05,2026-08-07 21:50
XRP,1786139446896,5e-05,2026-08-07 21:50
XRP,1786139446896,5e-05,2026-08-07 21:50
XRP,1786139446896,5.7e-05,2026-08-07 21:50
XRP,1786139446896,5.7e-05,2026-08-07 21:50
XRP,1786139446896,6.5e-05,2026-08-07 21:50
XRP,1786139446896,6.5e-05,2026-08-07 21:50
XRP,1786139446896,6.9e-05,2026-08-07 21:50
XRP,1786139446896,6.9e-05,2026-08-07 21:50
XRP,1786139446896,7.9e-05,2026-08-07 21:50
XRP,1786139446896,8.3e-05,2026-08-07 21:50
XRP,1786139446896,9.3e-05,2026-08-07 21:50
XRP,1786139446896,0.000131,2026-08-07 21:50
XRP,1786139446896,0.000149,2026-08-07 21:50
XRP,1786139446896,0.0002,2026-08-07 21:50
XRP,1786139446896,0.0002,2026-08-07 21:50
XRP,1786139446896,0.0002,2026-08-07 21:50
XRP,1786139446896,0.000207,2026-08-07 21:50
XRP,1786139446896,0.000228,2026-08-07 21:50
XRP,1786139446896,0.000295,2026-08-07 21:50
XRP,1786139446896,0.000372,2026-08-07 21:50
XRP,1786139446896,0.000434,2026-08-07 21:50
XRP,1786139446896,0.000582,2026-08-07 21:50
XRP,1786139446896,0.001067,2026-08-07 21:50
XRP,1786139446897,-0.021335,2026-08-07 21:50
XRP,1786139446897,-0.002676,2026-08-07 21:50
XRP,1786139446897,-0.001183,2026-08-07 21:50
XRP,1786139446897,-0.001128,2026-08-07 21:50
XRP,1786139446897,-0.001105,2026-08-07 21:50
XRP,1786139446897,-0.001053,2026-08-07 21:50
XRP,1786139446897,-0.000999,2026-08-07 21:50
XRP,1786139446897,-0.000714,2026-08-07 21:50
XRP,1786139446897,-0.000706,2026-08-07 21:50
XRP,1786139446897,-0.00056,2026-08-07 21:50
XRP,1786139446897,-0.000496,2026-08-07 21:50
XRP,1786139446897,-0.000443,2026-08-07 21:50
XRP,1786139446897,-0.000434,2026-08-07 21:50
XRP,1786139446897,-0.000413,2026-08-07 21:50
XRP,1786139446897,-0.000383,2026-08-07 21:50
XRP,1786139446897,-0.000365,2026-08-07 21:50
XRP,1786139446897,-0.000345,2026-08-07 21:50
XRP,1786139446897,-0.000343,2026-08-07 21:50
XRP,1786139446897,-0.000341,2026-08-07 21:50
XRP,1786139446897,-0.000301,2026-08-07 21:50
XRP,1786139446897,-0.000298,2026-08-07 21:50
XRP,1786139446897,-0.000285,2026-08-07 21:50
XRP,1786139446897,-0.000277,2026-08-07 21:50
XRP,1786139446897,-0.000262,2026-08-07 21:50
XRP,1786139446897,-0.000257,2026-08-07 21:50
XRP,1786139446897,-0.000238,2026-08-07 21:50
XRP,1786139446897,-0.000232,2026-08-07 21:50
XRP,1786139446897,-0.000223,2026-08-07 21:50
XRP,1786139446897,-0.000217,2026-08-07 21:50
XRP,1786139446897,-0.000214,2026-08-07 21:50
XRP,1786139446897,-0.000202,2026-08-07 21:50
XRP,1786139446897,-0.0002,2026-08-07 21:50
XRP,1786139446897,-0.0002,2026-08-07 21:50
XRP,1786139446897,-0.0002,2026-08-07 21:50
XRP,1786139446897,-0.0002,2026-08-07 21:50
XRP,1786139446897,-0.0002,2026-08-07 21:50
XRP,1786139446897,-0.0002,2026-08-07 21:50
XRP,1786139446897,-0.0002,2026-08-07 21:50
XRP,1786139446897,-0.0002,2026-08-07 21:50
XRP,1786139446897,-0.0002,2026-08-07 21:50
XRP,1786139446897,-0.0002,2026-08-07 21:50
XRP,1786139446897,-0.0002,2026-08-07 21:50
XRP,1786139446897,-0.000196,2026-08-07 21:50
XRP,1786139446897,-0.00019,2026-08-07 21:50
XRP,1786139446897,-0.00019,2026-08-07 21:50
XRP,1786139446897,-0.000182,2026-08-07 21:50
XRP,1786139446897,-0.000167,2026-08-07 21:50
XRP,1786139446897,-0.000166,2026-08-07 21:50
XRP,1786139446897,-0.000162,2026-08-07 21:50
XRP,1786139446897,-0.000162,2026-08-07 21:50
XRP,1786139446897,-0.00016,2026-08-07 21:50
XRP,1786139446897,-0.000156,2026-08-07 21:50
XRP,1786139446897,-0.000154,2026-08-07 21:50
XRP,1786139446897,-0.000148,2026-08-07 21:50
XRP,1786139446897,-0.000148,2026-08-07 21:50
XRP,1786139446897,-0.000147,2026-08-07 21:50
XRP,1786139446897,-0.000145,2026-08-07 21:50
XRP,1786139446897,-0.000144,2026-08-07 21:50
XRP,1786139446897,-0.000144,2026-08-07 21:50
XRP,1786139446897,-0.000144,2026-08-07 21:50
XRP,1786139446897,-0.000143,2026-08-07 21:50
XRP,1786139446897,-0.000142,2026-08-07 21:50
XRP,1786139446897,-0.000141,2026-08-07 21:50
XRP,1786139446897,-0.000141,2026-08-07 21:50
XRP,1786139446897,-0.00014,2026-08-07 21:50
XRP,1786139446897,-0.00014,2026-08-07 21:50
XRP,1786139446897,-0.000138,2026-08-07 21:50
XRP,1786139446897,-0.000137,2026-08-07 21:50
XRP,1786139446897,-0.000137,2026-08-07 21:50
XRP,1786139446897,-0.000136,2026-08-07 21:50
XRP,1786139446897,-0.000136,2026-08-07 21:50
XRP,1786139446897,-0.000133,2026-08-07 21:50
XRP,1786139446897,-0.000133,2026-08-07 21:50
XRP,1786139446897,-0.000133,2026-08-07 21:50
XRP,1786139446897,-0.000132,2026-08-07 21:50
XRP,1786139446897,-0.000132,2026-08-07 21:50
XRP,1786139446897,-0.000132,2026-08-07 21:50
XRP,1786139446897,-0.000131,2026-08-07 21:50
XRP,1786139446897,-0.000131,2026-08-07 21:50
XRP,1786139446897,-0.000129,2026-08-07 21:50
XRP,1786139446897,-0.000129,2026-08-07 21:50
XRP,1786139446897,-0.000128,2026-08-07 21:50
XRP,1786139446897,-0.000128,2026-08-07 21:50
XRP,1786139446897,-0.000127,2026-08-07 21:50
XRP,1786139446897,-0.000127,2026-08-07 21:50
XRP,1786139446897,-0.000127,2026-08-07 21:50
XRP,1786139446897,-0.000126,2026-08-07 21:50
XRP,1786139446897,-0.000124,2026-08-07 21:50
XRP,1786139446897,-0.000121,2026-08-07 21:50
XRP,1786139446897,-0.000121,2026-08-07 21:50
XRP,1786139446897,-0.00012,2026-08-07 21:50
XRP,1786139446897,-0.000117,2026-08-07 21:50
XRP,1786139446897,-0.000117,2026-08-07 21:50
XRP,1786139446897,-0.000111,2026-08-07 21:50
XRP,1786139446897,-0.00011,2026-08-07 21:50
XRP,1786139446897,-0.000109,2026-08-07 21:50
XRP,1786139446897,-0.000109,2026-08-07 21:50
XRP,1786139446897,-0.000108,2026-08-07 21:50
XRP,1786139446897,-0.000107,2026-08-07 21:50
XRP,1786139446897,-0.000102,2026-08-07 21:50
XRP,1786139446897,-0.000101,2026-08-07 21:50
XRP,1786139446897,-9.7e-05,2026-08-07 21:50
XRP,1786139446897,-9.6e-05,2026-08-07 21:50
XRP,1786139446897,-9.4e-05,2026-08-07 21:50
XRP,1786139446897,-9.3e-05,2026-08-07 21:50
XRP,1786139446897,-9.1e-05,2026-08-07 21:50
XRP,1786139446897,-8.9e-05,2026-08-07 21:50
XRP,1786139446897,-8.7e-05,2026-08-07 21:50
XRP,1786139446897,-8.7e-05,2026-08-07 21:50
XRP,1786139446897,-8.5e-05,2026-08-07 21:50
XRP,1786139446897,-8.4e-05,2026-08-07 21:50
XRP,1786139446897,-8.4e-05,2026-08-07 21:50
XRP,1786139446897,-8.3e-05,2026-08-07 21:50
XRP,1786139446897,-7.8e-05,2026-08-07 21:50
XRP,1786139446897,-7.5e-05,2026-08-07 21:50
XRP,1786139446897,-7.4e-05,2026-08-07 21:50
XRP,1786139446897,-6.5e-05,2026-08-07 21:50
XRP,1786139446897,-6.2e-05,2026-08-07 21:50
XRP,1786139446897,-6.1e-05,2026-08-07 21:50
XRP,1786139446897,-6.1e-05,2026-08-07 21:50
XRP,1786139446897,-5.6e-05,2026-08-07 21:50
XRP,1786139446897,-5.4e-05,2026-08-07 21:50
XRP,1786139446897,-5.2e-05,2026-08-07 21:50
XRP,1786139446897,-5.2e-05,2026-08-07 21:50
XRP,1786139446897,-5e-05,2026-08-07 21:50
XRP,1786139446897,-4.9e-05,2026-08-07 21:50
XRP,1786139446897,-4.9e-05,2026-08-07 21:50
XRP,1786139446897,-4.8e-05,2026-08-07 21:50
XRP,1786139446897,-4.6e-05,2026-08-07 21:50
XRP,1786139446897,-3.3e-05,2026-08-07 21:50
XRP,1786139446897,-3.1e-05,2026-08-07 21:50
XRP,1786139446897,-3.1e-05,2026-08-07 21:50
XRP,1786139446897,-3.1e-05,2026-08-07 21:50
XRP,1786139446897,-3e-05,2026-08-07 21:50
XRP,1786139446897,-2.9e-05,2026-08-07 21:50
XRP,1786139446897,-2.9e-05,2026-08-07 21:50
XRP,1786139446897,-2.8e-05,2026-08-07 21:50
XRP,1786139446897,-2.4e-05,2026-08-07 21:50
XRP,1786139446897,-2.2e-05,2026-08-07 21:50
XRP,1786139446897,-2e-05,2026-08-07 21:50
XRP,1786139446897,-1.8e-05,2026-08-07 21:50
XRP,1786139446897,-1.7e-05,2026-08-07 21:50
XRP,1786139446897,-1.7e-05,2026-08-07 21:50
XRP,1786139446897,-1.5e-05,2026-08-07 21:50
XRP,1786139446897,-1.5e-05,2026-08-07 21:50
XRP,1786139446897,-1.4e-05,2026-08-07 21:50
XRP,1786139446897,-1.4e-05,2026-08-07 21:50
XRP,1786139446897,-1.3e-05,2026-08-07 21:50
XRP,1786139446897,-1.3e-05,2026-08-07 21:50
XRP,1786139446897,-1.3e-05,2026-08-07 21:50
XRP,1786139446897,-1.2e-05,2026-08-07 21:50
XRP,1786139446897,-1.2e-05,2026-08-07 21:50
XRP,1786139446897,-1.1e-05,2026-08-07 21:50
XRP,1786139446897,-9e-06,2026-08-07 21:50
XRP,1786139446897,-7e-06,2026-08-07 21:50
XRP,1786139446897,-7e-06,2026-08-07 21:50
XRP,1786139446897,-7e-06,2026-08-07 21:50
XRP,1786139446897,-7e-06,2026-08-07 21:50
XRP,1786139446897,-6e-06,2026-08-07 21:50
XRP,1786139446897,-5e-06,2026-08-07 21:50
XRP,1786139446897,-4e-06,2026-08-07 21:50
XRP,1786139446897,-4e-06,2026-08-07 21:50
XRP,1786139446897,-2e-06,2026-08-07 21:50
XRP,1786139446897,0.0,2026-08-07 21:50
XRP,1786139446897,0.0,2026-08-07 21:50
XRP,1786139446897,0.0,2026-08-07 21:50
XRP,1786139446897,0.0,2026-08-07 21:50
XRP,1786139446897,0.0,2026-08-07 21:50
XRP,1786139446897,0.0,2026-08-07 21:50
XRP,1786139446897,0.0,2026-08-07 21:50
XRP,1786139446897,0.0,2026-08-07 21:50
XRP,1786139446897,0.0,2026-08-07 21:50
XRP,1786139446897,0.0,2026-08-07 21:50
XRP,1786139446897,0.0,2026-08-07 21:50
XRP,1786139446897,0.0,2026-08-07 21:50
XRP,1786139446897,0.0,2026-08-07 21:50
XRP,1786139446897,0.0,2026-08-07 21:50
XRP,1786139446897,0.0,2026-08-07 21:50
XRP,1786139446897,0.0,2026-08-07 21:50
XRP,1786139446897,0.0,2026-08-07 21:50
XRP,1786139446897,0.0,2026-08-07 21:50
XRP,1786139446897,0.0,2026-08-07 21:50
XRP,1786139446897,0.0,2026-08-07 21:50
XRP,1786139446897,0.0,2026-08-07 21:50
XRP,1786139446897,0.0,2026-08-07 21:50
XRP,1786139446897,0.0,2026-08-07 21:50
XRP,1786139446897,0.0,2026-08-07 21:50
XRP,1786139446897,0.0,2026-08-07 21:50
XRP,1786139446897,0.0,2026-08-07 21:50
XRP,1786139446897,0.0,2026-08-07 21:50
XRP,1786139446897,0.0,2026-08-07 21:50
XRP,1786139446897,0.0,2026-08-07 21:50
XRP,1786139446897,0.0,2026-08-07 21:50
XRP,1786139446897,0.0,2026-08-07 21:50
XRP,1786139446897,0.0,2026-08-07 21:50
XRP,1786139446897,0.0,2026-08-07 21:50
XRP,1786139446897,0.0,2026-08-07 21:50
XRP,1786139446897,0.0,2026-08-07 21:50
XRP,1786139446897,0.0,2026-08-07 21:50
XRP,1786139446897,0.0,2026-08-07 21:50
XRP,1786139446897,0.0,2026-08-07 21:50
XRP,1786139446897,0.0,2026-08-07 21:50
XRP,1786139446897,0.0,2026-08-07 21:50
XRP,1786139446897,0.0,2026-08-07 21:50
XRP,1786139446897,0.0,2026-08-07 21:50
XRP,1786139446897,0.0,2026-08-07 21:50
XRP,1786139446897,0.0,2026-08-07 21:50
XRP,1786139446897,0.0,2026-08-07 21:50
XRP,1786139446897,0.0,2026-08-07 21:50
XRP,1786139446897,0.0,2026-08-07 21:50
XRP,1786139446897,0.0,2026-08-07 21:50
XRP,1786139446897,0.0,2026-08-07 21:50
XRP,1786139446897,0.0,2026-08-07 21:50
XRP,1786139446897,0.0,2026-08-07 21:50
XRP,1786139446897,0.0,2026-08-07 21:50
XRP,1786139446897,0.0,2026-08-07 21:50
XRP,1786139446897,0.0,2026-08-07 21:50
XRP,1786139446897,0.0,2026-08-07 21:50
XRP,1786139446897,0.0,2026-08-07 21:50
XRP,1786139446897,0.0,2026-08-07 21:50
XRP,1786139446897,0.0,2026-08-07 21:50
XRP,1786139446897,0.0,2026-08-07 21:50
XRP,1786139446897,0.0,2026-08-07 21:50
XRP,1786139446897,0.0,2026-08-07 21:50
XRP,1786139446897,0.0,2026-08-07 21:50
XRP,1786139446897,0.0,2026-08-07 21:50
XRP,1786139446897,0.0,2026-08-07 21:50
XRP,1786139446897,0.0,2026-08-07 21:50
XRP,1786139446897,0.0,2026-08-07 21:50
XRP,1786139446897,0.0,2026-08-07 21:50
XRP,1786139446897,0.0,2026-08-07 21:50
XRP,1786139446897,0.0,2026-08-07 21:50
XRP,1786139446897,0.0,2026-08-07 21:50
XRP,1786139446897,0.0,2026-08-07 21:50
XRP,1786139446897,0.0,2026-08-07 21:50
XRP,1786139446897,0.0,2026-08-07 21:50
XRP,1786139446897,0.0,2026-08-07 21:50
XRP,1786139446897,0.0,2026-08-07 21:50
XRP,1786139446897,0.0,2026-08-07 21:50
XRP,1786139446897,0.0,2026-08-07 21:50
XRP,1786139446897,0.0,2026-08-07 21:50
XRP,1786139446897,0.0,2026-08-07 21:50
XRP,1786139446897,0.0,2026-08-07 21:50
XRP,1786139446897,0.0,2026-08-07 21:50
XRP,1786139446897,0.0,2026-08-07 21:50
XRP,1786139446897,0.0,2026-08-07 21:50
XRP,1786139446897,0.0,2026-08-07 21:50
XRP,1786139446897,0.0,2026-08-07 21:50
XRP,1786139446897,0.0,2026-08-07 21:50
XRP,1786139446897,0.0,2026-08-07 21:50
XRP,1786139446897,0.0,2026-08-07 21:50
XRP,1786139446897,0.0,2026-08-07 21:50
XRP,1786139446897,0.0,2026-08-07 21:50
XRP,1786139446897,0.0,2026-08-07 21:50
XRP,1786139446897,0.0,2026-08-07 21:50
XRP,1786139446897,0.0,2026-08-07 21:50
XRP,1786139446897,0.0,2026-08-07 21:50
XRP,1786139446897,0.0,2026-08-07 21:50
XRP,1786139446897,0.0,2026-08-07 21:50
XRP,1786139446897,0.0,2026-08-07 21:50
XRP,1786139446897,0.0,2026-08-07 21:50
XRP,1786139446897,0.0,2026-08-07 21:50
XRP,1786139446897,0.0,2026-08-07 21:50
XRP,1786139446897,0.0,2026-08-07 21:50
XRP,1786139446897,0.0,2026-08-07 21:50
XRP,1786139446897,0.0,2026-08-07 21:50
XRP,1786139446897,0.0,2026-08-07 21:50
XRP,1786139446897,0.0,2026-08-07 21:50
XRP,1786139446897,0.0,2026-08-07 21:50
XRP,1786139446897,0.0,2026-08-07 21:50
XRP,1786139446897,0.0,2026-08-07 21:50
XRP,1786139446897,0.0,2026-08-07 21:50
XRP,1786139446897,0.0,2026-08-07 21:50
XRP,1786139446897,0.0,2026-08-07 21:50
XRP,1786139446897,0.0,2026-08-07 21:50
XRP,1786139446897,0.0,2026-08-07 21:50
XRP,1786139446897,0.0,2026-08-07 21:50
XRP,1786139446897,0.0,2026-08-07 21:50
XRP,1786139446897,0.0,2026-08-07 21:50
XRP,1786139446897,0.0,2026-08-07 21:50
XRP,1786139446897,0.0,2026-08-07 21:50
XRP,1786139446897,0.0,2026-08-07 21:50
XRP,1786139446897,0.0,2026-08-07 21:50
XRP,1786139446897,0.0,2026-08-07 21:50
XRP,1786139446897,0.0,2026-08-07 21:50
XRP,1786139446897,0.0,2026-08-07 21:50
XRP,1786139446897,0.0,2026-08-07 21:50
XRP,1786139446897,0.0,2026-08-07 21:50
XRP,1786139446897,0.0,2026-08-07 21:50
XRP,1786139446897,0.0,2026-08-07 21:50
XRP,1786139446897,0.0,2026-08-07 21:50
XRP,1786139446897,0.0,2026-08-07 21:50
XRP,1786139446897,0.0,2026-08-07 21:50
XRP,1786139446897,0.0,2026-08-07 21:50
XRP,1786139446897,0.0,2026-08-07 21:50
XRP,1786139446897,0.0,2026-08-07 21:50
XRP,1786139446897,0.0,2026-08-07 21:50
XRP,1786139446897,0.0,2026-08-07 21:50
XRP,1786139446897,0.0,2026-08-07 21:50
XRP,1786139446897,0.0,2026-08-07 21:50
XRP,1786139446897,0.0,2026-08-07 21:50
XRP,1786139446897,0.0,2026-08-07 21:50
XRP,1786139446897,0.0,2026-08-07 21:50
XRP,1786139446897,0.0,2026-08-07 21:50
XRP,1786139446897,0.0,2026-08-07 21:50
XRP,1786139446897,1e-06,2026-08-07 21:50
XRP,1786139446897,1e-06,2026-08-07 21:50
XRP,1786139446897,1e-06,2026-08-07 21:50
XRP,1786139446897,1e-06,2026-08-07 21:50
XRP,1786139446897,2e-06,2026-08-07 21:50
XRP,1786139446897,3e-06,2026-08-07 21:50
XRP,1786139446897,3e-06,2026-08-07 21:50
XRP,1786139446897,4e-06,2026-08-07 21:50
XRP,1786139446897,6e-06,2026-08-07 21:50
XRP,1786139446897,6e-06,2026-08-07 21:50
XRP,1786139446897,6e-06,2026-08-07 21:50
XRP,1786139446897,6e-06,2026-08-07 21:50
XRP,1786139446897,6e-06,2026-08-07 21:50
XRP,1786139446897,6e-06,2026-08-07 21:50
XRP,1786139446897,7e-06,2026-08-07 21:50
XRP,1786139446897,9e-06,2026-08-07 21:50
XRP,1786139446897,9e-06,2026-08-07 21:50
XRP,1786139446897,9e-06,2026-08-07 21:50
XRP,1786139446897,1e-05,2026-08-07 21:50
XRP,1786139446897,1.2e-05,2026-08-07 21:50
XRP,1786139446897,1.4e-05,2026-08-07 21:50
XRP,1786139446897,1.4e-05,2026-08-07 21:50
XRP,1786139446897,1.4e-05,2026-08-07 21:50
XRP,1786139446897,1.5e-05,2026-08-07 21:50
XRP,1786139446897,1.7e-05,2026-08-07 21:50
XRP,1786139446897,1.8e-05,2026-08-07 21:50
XRP,1786139446897,1.9e-05,2026-08-07 21:50
XRP,1786139446897,1.9e-05,2026-08-07 21:50
XRP,1786139446897,1.9e-05,2026-08-07 21:50
XRP,1786139446897,2.1e-05,2026-08-07 21:50
XRP,1786139446897,2.3e-05,2026-08-07 21:50
XRP,1786139446897,2.4e-05,2026-08-07 21:50
XRP,1786139446897,2.4e-05,2026-08-07 21:50
XRP,1786139446897,2.4e-05,2026-08-07 21:50
XRP,1786139446897,2.4e-05,2026-08-07 21:50
XRP,1786139446897,2.4e-05,2026-08-07 21:50
XRP,1786139446897,2.6e-05,2026-08-07 21:50
XRP,1786139446897,2.8e-05,2026-08-07 21:50
XRP,1786139446897,2.8e-05,2026-08-07 21:50
XRP,1786139446897,2.9e-05,2026-08-07 21:50
XRP,1786139446897,3e-05,2026-08-07 21:50
XRP,1786139446897,3.1e-05,2026-08-07 21:50
XRP,1786139446897,3.2e-05,2026-08-07 21:50
XRP,1786139446897,3.3e-05,2026-08-07 21:50
XRP,1786139446897,3.6e-05,2026-08-07 21:50
XRP,1786139446897,3.7e-05,2026-08-07 21:50
XRP,1786139446897,3.8e-05,2026-08-07 21:50
XRP,1786139446897,3.9e-05,2026-08-07 21:50
XRP,1786139446897,3.9e-05,2026-08-07 21:50
XRP,1786139446897,4.1e-05,2026-08-07 21:50
XRP,1786139446897,4.2e-05,2026-08-07 21:50
XRP,1786139446897,4.3e-05,2026-08-07 21:50
XRP,1786139446897,4.4e-05,2026-08-07 21:50
XRP,1786139446897,5e-05,2026-08-07 21:50
XRP,1786139446897,5e-05,2026-08-07 21:50
XRP,1786139446897,5e-05,2026-08-07 21:50
XRP,1786139446897,5e-05,2026-08-07 21:50
XRP,1786139446897,5e-05,2026-08-07 21:50
XRP,1786139446897,5e-05,2026-08-07 21:50
XRP,1786139446897,5e-05,2026-08-07 21:50
XRP,1786139446897,5e-05,2026-08-07 21:50
XRP,1786139446897,5e-05,2026-08-07 21:50
XRP,1786139446897,5e-05,2026-08-07 21:50
XRP,1786139446897,5e-05,2026-08-07 21:50
XRP,1786139446897,5e-05,2026-08-07 21:50
XRP,1786139446897,5e-05,2026-08-07 21:50
XRP,1786139446897,5e-05,2026-08-07 21:50
XRP,1786139446897,5e-05,2026-08-07 21:50
XRP,1786139446897,5e-05,2026-08-07 21:50
XRP,1786139446897,5e-05,2026-08-07 21:50
XRP,1786139446897,5e-05,2026-08-07 21:50
XRP,1786139446897,5e-05,2026-08-07 21:50
XRP,1786139446897,5e-05,2026-08-07 21:50
XRP,1786139446897,5e-05,2026-08-07 21:50
XRP,1786139446897,5e-05,2026-08-07 21:50
XRP,1786139446897,5e-05,2026-08-07 21:50
XRP,1786139446897,5e-05,2026-08-07 21:50
XRP,1786139446897,5e-05,2026-08-07 21:50
XRP,1786139446897,5e-05,2026-08-07 21:50
XRP,1786139446897,5e-05,2026-08-07 21:50
XRP,1786139446897,5e-05,2026-08-07 21:50
XRP,1786139446897,5e-05,2026-08-07 21:50
XRP,1786139446897,5e-05,2026-08-07 21:50
XRP,1786139446897,5e-05,2026-08-07 21:50
XRP,1786139446897,5e-05,2026-08-07 21:50
XRP,1786139446897,5e-05,2026-08-07 21:50
XRP,1786139446897,5e-05,2026-08-07 21:50
XRP,1786139446897,5e-05,2026-08-07 21:50
XRP,1786139446897,5e-05,2026-08-07 21:50
XRP,1786139446897,5e-05,2026-08-07 21:50
XRP,1786139446897,5e-05,2026-08-07 21:50
XRP,1786139446897,5e-05,2026-08-07 21:50
XRP,1786139446897,5e-05,2026-08-07 21:50
XRP,1786139446897,5e-05,2026-08-07 21:50
XRP,1786139446897,5e-05,2026-08-07 21:50
XRP,1786139446897,5e-05,2026-08-07 21:50
XRP,1786139446897,5e-05,2026-08-07 21:50
XRP,1786139446897,5e-05,2026-08-07 21:50
XRP,1786139446897,5e-05,2026-08-07 21:50
XRP,1786139446897,5e-05,2026-08-07 21:50
XRP,1786139446897,5e-05,2026-08-07 21:50
XRP,1786139446897,5e-05,2026-08-07 21:50
XRP,1786139446897,5e-05,2026-08-07 21:50
XRP,1786139446897,5e-05,2026-08-07 21:50
XRP,1786139446897,5e-05,2026-08-07 21:50
XRP,1786139446897,5e-05,2026-08-07 21:50
XRP,1786139446897,5e-05,2026-08-07 21:50
XRP,1786139446897,5e-05,2026-08-07 21:50
XRP,1786139446897,5e-05,2026-08-07 21:50
XRP,1786139446897,5e-05,2026-08-07 21:50
XRP,1786139446897,5e-05,2026-08-07 21:50
XRP,1786139446897,5e-05,2026-08-07 21:50
XRP,1786139446897,5e-05,2026-08-07 21:50
XRP,1786139446897,5e-05,2026-08-07 21:50
XRP,1786139446897,5e-05,2026-08-07 21:50
XRP,1786139446897,5e-05,2026-08-07 21:50
XRP,1786139446897,5e-05,2026-08-07 21:50
XRP,1786139446897,5e-05,2026-08-07 21:50
XRP,1786139446897,5e-05,2026-08-07 21:50
XRP,1786139446897,5e-05,2026-08-07 21:50
XRP,1786139446897,5e-05,2026-08-07 21:50
XRP,1786139446897,5e-05,2026-08-07 21:50
XRP,1786139446897,5e-05,2026-08-07 21:50
XRP,1786139446897,5e-05,2026-08-07 21:50
XRP,1786139446897,5e-05,2026-08-07 21:50
XRP,1786139446897,5e-05,2026-08-07 21:50
XRP,1786139446897,5e-05,2026-08-07 21:50
XRP,1786139446897,5e-05,2026-08-07 21:50
XRP,1786139446897,5e-05,2026-08-07 21:50
XRP,1786139446897,5e-05,2026-08-07 21:50
XRP,1786139446897,5e-05,2026-08-07 21:50
XRP,1786139446897,5e-05,2026-08-07 21:50
XRP,1786139446897,5e-05,2026-08-07 21:50
XRP,1786139446897,5e-05,2026-08-07 21:50
XRP,1786139446897,5e-05,2026-08-07 21:50
XRP,1786139446897,5e-05,2026-08-07 21:50
XRP,1786139446897,5e-05,2026-08-07 21:50
XRP,1786139446897,5e-05,2026-08-07 21:50
XRP,1786139446897,5e-05,2026-08-07 21:50
XRP,1786139446897,5e-05,2026-08-07 21:50
XRP,1786139446897,5e-05,2026-08-07 21:50
XRP,1786139446897,5e-05,2026-08-07 21:50
XRP,1786139446897,5e-05,2026-08-07 21:50
XRP,1786139446897,5e-05,2026-08-07 21:50
XRP,1786139446897,5e-05,2026-08-07 21:50
XRP,1786139446897,5e-05,2026-08-07 21:50
XRP,1786139446897,5e-05,2026-08-07 21:50
XRP,1786139446897,5e-05,2026-08-07 21:50
XRP,1786139446897,5e-05,2026-08-07 21:50
XRP,1786139446897,5e-05,2026-08-07 21:50
XRP,1786139446897,5e-05,2026-08-07 21:50
XRP,1786139446897,5e-05,2026-08-07 21:50
XRP,1786139446897,5e-05,2026-08-07 21:50
XRP,1786139446897,5e-05,2026-08-07 21:50
XRP,1786139446897,5e-05,2026-08-07 21:50
XRP,1786139446897,5e-05,2026-08-07 21:50
XRP,1786139446897,5e-05,2026-08-07 21:50
XRP,1786139446897,5e-05,2026-08-07 21:50
XRP,1786139446897,5e-05,2026-08-07 21:50
XRP,1786139446897,5e-05,2026-08-07 21:50
XRP,1786139446897,5e-05,2026-08-07 21:50
XRP,1786139446897,5e-05,2026-08-07 21:50
XRP,1786139446897,5e-05,2026-08-07 21:50
XRP,1786139446897,5e-05,2026-08-07 21:50
XRP,1786139446897,5e-05,2026-08-07 21:50
XRP,1786139446897,5e-05,2026-08-07 21:50
XRP,1786139446897,5e-05,2026-08-07 21:50
XRP,1786139446897,5e-05,2026-08-07 21:50
XRP,1786139446897,5e-05,2026-08-07 21:50
XRP,1786139446897,5e-05,2026-08-07 21:50
XRP,1786139446897,5e-05,2026-08-07 21:50
XRP,1786139446897,5e-05,2026-08-07 21:50
XRP,1786139446897,5e-05,2026-08-07 21:50
XRP,1786139446897,5e-05,2026-08-07 21:50
XRP,1786139446897,5e-05,2026-08-07 21:50
XRP,1786139446897,5e-05,2026-08-07 21:50
XRP,1786139446897,5e-05,2026-08-07 21:50
XRP,1786139446897,5e-05,2026-08-07 21:50
XRP,1786139446897,5e-05,2026-08-07 21:50
XRP,1786139446897,5e-05,2026-08-07 21:50
XRP,1786139446897,5e-05,2026-08-07 21:50
XRP,1786139446897,5e-05,2026-08-07 21:50
XRP,1786139446897,5e-05,2026-08-07 21:50
XRP,1786139446897,5e-05,2026-08-07 21:50
XRP,1786139446897,5e-05,2026-08-07 21:50
XRP,1786139446897,5e-05,2026-08-07 21:50
XRP,1786139446897,5e-05,2026-08-07 21:50
XRP,1786139446897,5e-05,2026-08-07 21:50
XRP,1786139446897,5e-05,2026-08-07 21:50
XRP,1786139446897,5e-05,2026-08-07 21:50
XRP,1786139446897,5e-05,2026-08-07 21:50
XRP,1786139446897,5e-05,2026-08-07 21:50
XRP,1786139446897,5e-05,2026-08-07 21:50
XRP,1786139446897,5e-05,2026-08-07 21:50
XRP,1786139446897,5e-05,2026-08-07 21:50
XRP,1786139446897,5e-05,2026-08-07 21:50
XRP,1786139446897,5e-05,2026-08-07 21:50
XRP,1786139446897,5e-05,2026-08-07 21:50
XRP,1786139446897,5e-05,2026-08-07 21:50
XRP,1786139446897,5e-05,2026-08-07 21:50
XRP,1786139446897,5e-05,2026-08-07 21:50
XRP,1786139446897,5e-05,2026-08-07 21:50
XRP,1786139446897,5e-05,2026-08-07 21:50
XRP,1786139446897,5e-05,2026-08-07 21:50
XRP,1786139446897,5e-05,2026-08-07 21:50
XRP,1786139446897,5e-05,2026-08-07 21:50
XRP,1786139446897,5e-05,2026-08-07 21:50
XRP,1786139446897,5e-05,2026-08-07 21:50
XRP,1786139446897,5e-05,2026-08-07 21:50
XRP,1786139446897,5e-05,2026-08-07 21:50
XRP,1786139446897,5e-05,2026-08-07 21:50
XRP,1786139446897,5e-05,2026-08-07 21:50
XRP,1786139446897,5e-05,2026-08-07 21:50
XRP,1786139446897,5e-05,2026-08-07 21:50
XRP,1786139446897,5e-05,2026-08-07 21:50
XRP,1786139446897,5e-05,2026-08-07 21:50
XRP,1786139446897,5e-05,2026-08-07 21:50
XRP,1786139446897,5e-05,2026-08-07 21:50
XRP,1786139446897,5e-05,2026-08-07 21:50
XRP,1786139446897,5e-05,2026-08-07 21:50
XRP,1786139446897,5e-05,2026-08-07 21:50
XRP,1786139446897,5e-05,2026-08-07 21:50
XRP,1786139446897,5e-05,2026-08-07 21:50
XRP,1786139446897,5e-05,2026-08-07 21:50
XRP,1786139446897,5e-05,2026-08-07 21:50
XRP,1786139446897,5e-05,2026-08-07 21:50
XRP,1786139446897,5e-05,2026-08-07 21:50
XRP,1786139446897,5e-05,2026-08-07 21:50
XRP,1786139446897,5e-05,2026-08-07 21:50
XRP,1786139446897,5e-05,2026-08-07 21:50
XRP,1786139446897,5e-05,2026-08-07 21:50
XRP,1786139446897,5e-05,2026-08-07 21:50
XRP,1786139446897,5e-05,2026-08-07 21:50
XRP,1786139446897,5e-05,2026-08-07 21:50
XRP,1786139446897,5e-05,2026-08-07 21:50
XRP,1786139446897,5e-05,2026-08-07 21:50
XRP,1786139446897,5e-05,2026-08-07 21:50
XRP,1786139446897,5e-05,2026-08-07 21:50
XRP,1786139446897,5e-05,2026-08-07 21:50
XRP,1786139446897,5e-05,2026-08-07 21:50
XRP,1786139446897,5e-05,2026-08-07 21:50
XRP,1786139446897,5e-05,2026-08-07 21:50
XRP,1786139446897,5e-05,2026-08-07 21:50
XRP,1786139446897,5e-05,2026-08-07 21:50
XRP,1786139446897,5e-05,2026-08-07 21:50
XRP,1786139446897,5e-05,2026-08-07 21:50
XRP,1786139446897,5e-05,2026-08-07 21:50
XRP,1786139446897,5e-05,2026-08-07 21:50
XRP,1786139446897,5e-05,2026-08-07 21:50
XRP,1786139446897,5e-05,2026-08-07 21:50
XRP,1786139446897,5e-05,2026-08-07 21:50
XRP,1786139446897,5e-05,2026-08-07 21:50
XRP,1786139446897,5e-05,2026-08-07 21:50
XRP,1786139446897,5e-05,2026-08-07 21:50
XRP,1786139446897,5e-05,2026-08-07 21:50
XRP,1786139446897,5e-05,2026-08-07 21:50
XRP,1786139446897,5e-05,2026-08-07 21:50
XRP,1786139446897,5e-05,2026-08-07 21:50
XRP,1786139446897,5e-05,2026-08-07 21:50
XRP,1786139446897,5e-05,2026-08-07 21:50
XRP,1786139446897,5e-05,2026-08-07 21:50
XRP,1786139446897,5e-05,2026-08-07 21:50
XRP,1786139446897,5e-05,2026-08-07 21:50
XRP,1786139446897,5e-05,2026-08-07 21:50
XRP,1786139446897,5e-05,2026-08-07 21:50
XRP,1786139446897,5e-05,2026-08-07 21:50
XRP,1786139446897,5e-05,2026-08-07 21:50
XRP,1786139446897,5e-05,2026-08-07 21:50
XRP,1786139446897,5e-05,2026-08-07 21:50
XRP,1786139446897,5e-05,2026-08-07 21:50
XRP,1786139446897,5e-05,2026-08-07 21:50
XRP,1786139446897,5e-05,2026-08-07 21:50
XRP,1786139446897,5e-05,2026-08-07 21:50
XRP,1786139446897,5e-05,2026-08-07 21:50
XRP,1786139446897,5e-05,2026-08-07 21:50
XRP,1786139446897,5e-05,2026-08-07 21:50
XRP,1786139446897,5e-05,2026-08-07 21:50
XRP,1786139446897,5e-05,2026-08-07 21:50
XRP,1786139446897,5e-05,2026-08-07 21:50
XRP,1786139446897,5e-05,2026-08-07 21:50
XRP,1786139446897,5e-05,2026-08-07 21:50
XRP,1786139446897,5e-05,2026-08-07 21:50
XRP,1786139446897,5e-05,2026-08-07 21:50
XRP,1786139446897,5e-05,2026-08-07 21:50
XRP,1786139446897,5.1e-05,2026-08-07 21:50
XRP,1786139446897,5.5e-05,2026-08-07 21:50
XRP,1786139446897,5.6e-05,2026-08-07 21:50
XRP,1786139446897,6e-05,2026-08-07 21:50
XRP,1786139446897,6.3e-05,2026-08-07 21:50
XRP,1786139446897,6.4e-05,2026-08-07 21:50
XRP,1786139446897,6.6e-05,2026-08-07 21:50
XRP,1786139446897,6.9e-05,2026-08-07 21:50
XRP,1786139446897,7.1e-05,2026-08-07 21:50
XRP,1786139446897,7.2e-05,2026-08-07 21:50
XRP,1786139446897,7.4e-05,2026-08-07 21:50
XRP,1786139446897,7.5e-05,2026-08-07 21:50
XRP,1786139446897,7.7e-05,2026-08-07 21:50
XRP,1786139446897,7.8e-05,2026-08-07 21:50
XRP,1786139446897,8.1e-05,2026-08-07 21:50
XRP,1786139446897,8.3e-05,2026-08-07 21:50
XRP,1786139446897,8.6e-05,2026-08-07 21:50
XRP,1786139446897,8.6e-05,2026-08-07 21:50
XRP,1786139446897,8.6e-05,2026-08-07 21:50
XRP,1786139446897,8.6e-05,2026-08-07 21:50
XRP,1786139446897,8.7e-05,2026-08-07 21:50
XRP,1786139446897,8.7e-05,2026-08-07 21:50
XRP,1786139446897,9.2e-05,2026-08-07 21:50
XRP,1786139446897,9.6e-05,2026-08-07 21:50
XRP,1786139446897,9.7e-05,2026-08-07 21:50
XRP,1786139446897,9.9e-05,2026-08-07 21:50
XRP,1786139446897,9.9e-05,2026-08-07 21:50
XRP,1786139446897,0.0001,2026-08-07 21:50
XRP,1786139446897,0.0001,2026-08-07 21:50
XRP,1786139446897,0.0001,2026-08-07 21:50
XRP,1786139446897,0.0001,2026-08-07 21:50
XRP,1786139446897,0.0001,2026-08-07 21:50
XRP,1786139446897,0.0001,2026-08-07 21:50
XRP,1786139446897,0.0001,2026-08-07 21:50
XRP,1786139446897,0.0001,2026-08-07 21:50
XRP,1786139446897,0.0001,2026-08-07 21:50
XRP,1786139446897,0.0001,2026-08-07 21:50
XRP,1786139446897,0.0001,2026-08-07 21:50
XRP,1786139446897,0.0001,2026-08-07 21:50
XRP,1786139446897,0.0001,2026-08-07 21:50
XRP,1786139446897,0.0001,2026-08-07 21:50
XRP,1786139446897,0.0001,2026-08-07 21:50
XRP,1786139446897,0.0001,2026-08-07 21:50
XRP,1786139446897,0.0001,2026-08-07 21:50
XRP,1786139446897,0.0001,2026-08-07 21:50
XRP,1786139446897,0.0001,2026-08-07 21:50
XRP,1786139446897,0.0001,2026-08-07 21:50
XRP,1786139446897,0.0001,2026-08-07 21:50
XRP,1786139446897,0.0001,2026-08-07 21:50
XRP,1786139446897,0.0001,2026-08-07 21:50
XRP,1786139446897,0.0001,2026-08-07 21:50
XRP,1786139446897,0.0001,2026-08-07 21:50
XRP,1786139446897,0.0001,2026-08-07 21:50
XRP,1786139446897,0.0001,2026-08-07 21:50
XRP,1786139446897,0.0001,2026-08-07 21:50
XRP,1786139446897,0.0001,2026-08-07 21:50
XRP,1786139446897,0.0001,2026-08-07 21:50
XRP,1786139446897,0.0001,2026-08-07 21:50
XRP,1786139446897,0.0001,2026-08-07 21:50
XRP,1786139446897,0.0001,2026-08-07 21:50
XRP,1786139446897,0.0001,2026-08-07 21:50
XRP,1786139446897,0.0001,2026-08-07 21:50
XRP,1786139446897,0.0001,2026-08-07 21:50
XRP,1786139446897,0.0001,2026-08-07 21:50
XRP,1786139446897,0.0001,2026-08-07 21:50
XRP,1786139446897,0.0001,2026-08-07 21:50
XRP,1786139446897,0.0001,2026-08-07 21:50
XRP,1786139446897,0.0001,2026-08-07 21:50
XRP,1786139446897,0.0001,2026-08-07 21:50
XRP,1786139446897,0.0001,2026-08-07 21:50
XRP,1786139446897,0.0001,2026-08-07 21:50
XRP,1786139446897,0.0001,2026-08-07 21:50
XRP,1786139446897,0.0001,2026-08-07 21:50
XRP,1786139446897,0.0001,2026-08-07 21:50
XRP,1786139446897,0.0001,2026-08-07 21:50
XRP,1786139446897,0.0001,2026-08-07 21:50
XRP,1786139446897,0.0001,2026-08-07 21:50
XRP,1786139446897,0.0001,2026-08-07 21:50
XRP,1786139446897,0.0001,2026-08-07 21:50
XRP,1786139446897,0.0001,2026-08-07 21:50
XRP,1786139446897,0.0001,2026-08-07 21:50
XRP,1786139446897,0.0001,2026-08-07 21:50
XRP,1786139446897,0.0001,2026-08-07 21:50
XRP,1786139446897,0.0001,2026-08-07 21:50
XRP,1786139446897,0.0001,2026-08-07 21:50
XRP,1786139446897,0.0001,2026-08-07 21:50
XRP,1786139446897,0.0001,2026-08-07 21:50
XRP,1786139446897,0.000101,2026-08-07 21:50
XRP,1786139446897,0.000105,2026-08-07 21:50
XRP,1786139446897,0.000111,2026-08-07 21:50
XRP,1786139446897,0.000111,2026-08-07 21:50
XRP,1786139446897,0.000112,2026-08-07 21:50
XRP,1786139446897,0.000113,2026-08-07 21:50
XRP,1786139446897,0.000113,2026-08-07 21:50
XRP,1786139446897,0.000115,2026-08-07 21:50
XRP,1786139446897,0.00012,2026-08-07 21:50
XRP,1786139446897,0.00012,2026-08-07 21:50
XRP,1786139446897,0.000121,2026-08-07 21:50
XRP,1786139446897,0.000122,2026-08-07 21:50
XRP,1786139446897,0.000126,2026-08-07 21:50
XRP,1786139446897,0.00013,2026-08-07 21:50
XRP,1786139446897,0.000134,2026-08-07 21:50
XRP,1786139446897,0.000134,2026-08-07 21:50
XRP,1786139446897,0.000134,2026-08-07 21:50
XRP,1786139446897,0.000134,2026-08-07 21:50
XRP,1786139446897,0.000135,2026-08-07 21:50
XRP,1786139446897,0.000137,2026-08-07 21:50
XRP,1786139446897,0.000139,2026-08-07 21:50
XRP,1786139446897,0.000141,2026-08-07 21:50
XRP,1786139446897,0.000142,2026-08-07 21:50
XRP,1786139446897,0.000147,2026-08-07 21:50
XRP,1786139446897,0.000148,2026-08-07 21:50
XRP,1786139446897,0.000148,2026-08-07 21:50
XRP,1786139446897,0.000152,2026-08-07 21:50
XRP,1786139446897,0.000155,2026-08-07 21:50
XRP,1786139446897,0.000188,2026-08-07 21:50
XRP,1786139446897,0.000192,2026-08-07 21:50
XRP,1786139446897,0.000197,2026-08-07 21:50
XRP,1786139446897,0.0002,2026-08-07 21:50
XRP,1786139446897,0.0002,2026-08-07 21:50
XRP,1786139446897,0.0002,2026-08-07 21:50
XRP,1786139446897,0.0002,2026-08-07 21:50
XRP,1786139446897,0.0002,2026-08-07 21:50
XRP,1786139446897,0.0002,2026-08-07 21:50
XRP,1786139446897,0.0002,2026-08-07 21:50
XRP,1786139446897,0.0002,2026-08-07 21:50
XRP,1786139446897,0.0002,2026-08-07 21:50
XRP,1786139446897,0.0002,2026-08-07 21:50
XRP,1786139446897,0.0002,2026-08-07 21:50
XRP,1786139446897,0.0002,2026-08-07 21:50
XRP,1786139446897,0.0002,2026-08-07 21:50
XRP,1786139446897,0.0002,2026-08-07 21:50
XRP,1786139446897,0.0002,2026-08-07 21:50
XRP,1786139446897,0.0002,2026-08-07 21:50
XRP,1786139446897,0.0002,2026-08-07 21:50
XRP,1786139446897,0.0002,2026-08-07 21:50
XRP,1786139446897,0.0002,2026-08-07 21:50
XRP,1786139446897,0.0002,2026-08-07 21:50
XRP,1786139446897,0.0002,2026-08-07 21:50
XRP,1786139446897,0.0002,2026-08-07 21:50
XRP,1786139446897,0.0002,2026-08-07 21:50
XRP,1786139446897,0.0002,2026-08-07 21:50
XRP,1786139446897,0.0002,2026-08-07 21:50
XRP,1786139446897,0.0002,2026-08-07 21:50
XRP,1786139446897,0.0002,2026-08-07 21:50
XRP,1786139446897,0.0002,2026-08-07 21:50
XRP,1786139446897,0.0002,2026-08-07 21:50
XRP,1786139446897,0.0002,2026-08-07 21:50
XRP,1786139446897,0.0002,2026-08-07 21:50
XRP,1786139446897,0.0002,2026-08-07 21:50
XRP,1786139446897,0.0002,2026-08-07 21:50
XRP,1786139446897,0.0002,2026-08-07 21:50
XRP,1786139446897,0.0002,2026-08-07 21:50
XRP,1786139446897,0.0002,2026-08-07 21:50
XRP,1786139446897,0.0002,2026-08-07 21:50
XRP,1786139446897,0.0002,2026-08-07 21:50
XRP,1786139446897,0.000202,2026-08-07 21:50
XRP,1786139446897,0.000209,2026-08-07 21:50
XRP,1786139446897,0.00021,2026-08-07 21:50
XRP,1786139446897,0.000215,2026-08-07 21:50
XRP,1786139446897,0.000227,2026-08-07 21:50
XRP,1786139446897,0.000228,2026-08-07 21:50
XRP,1786139446897,0.000236,2026-08-07 21:50
XRP,1786139446897,0.000238,2026-08-07 21:50
XRP,1786139446897,0.000243,2026-08-07 21:50
XRP,1786139446897,0.000278,2026-08-07 21:50
XRP,1786139446897,0.000282,2026-08-07 21:50
XRP,1786139446897,0.000288,2026-08-07 21:50
XRP,1786139446897,0.000299,2026-08-07 21:50
XRP,1786139446897,0.0003,2026-08-07 21:50
XRP,1786139446897,0.000301,2026-08-07 21:50
XRP,1786139446897,0.000306,2026-08-07 21:50
XRP,1786139446897,0.000308,2026-08-07 21:50
XRP,1786139446897,0.000313,2026-08-07 21:50
XRP,1786139446897,0.000334,2026-08-07 21:50
XRP,1786139446897,0.000342,2026-08-07 21:50
XRP,1786139446897,0.000378,2026-08-07 21:50
XRP,1786139446897,0.00039,2026-08-07 21:50
XRP,1786139446897,0.000459,2026-08-07 21:50
XRP,1786139446897,0.000475,2026-08-07 21:50
XRP,1786139446897,0.000491,2026-08-07 21:50
XRP,1786139446897,0.000523,2026-08-07 21:50
XRP,1786139446897,0.000532,2026-08-07 21:50
XRP,1786139446897,0.000633,2026-08-07 21:50
XRP,1786139446897,0.000817,2026-08-07 21:50
XRP,1786139446897,0.00319,2026-08-07 21:50
XRP,1786139446898,-0.002549,2026-08-07 21:50
XRP,1786139446898,-0.002374,2026-08-07 21:50
XRP,1786139446898,-0.002251,2026-08-07 21:50
XRP,1786139446898,-0.002152,2026-08-07 21:50
XRP,1786139446898,-0.001363,2026-08-07 21:50
XRP,1786139446898,-0.001262,2026-08-07 21:50
XRP,1786139446898,-0.000907,2026-08-07 21:50
XRP,1786139446898,-0.000884,2026-08-07 21:50
XRP,1786139446898,-0.000793,2026-08-07 21:50
XRP,1786139446898,-0.000665,2026-08-07 21:50
XRP,1786139446898,-0.000614,2026-08-07 21:50
XRP,1786139446898,-0.00056,2026-08-07 21:50
XRP,1786139446898,-0.000485,2026-08-07 21:50
XRP,1786139446898,-0.000439,2026-08-07 21:50
XRP,1786139446898,-0.000357,2026-08-07 21:50
XRP,1786139446898,-0.000341,2026-08-07 21:50
XRP,1786139446898,-0.0002,2026-08-07 21:50
XRP,1786139446898,-0.0002,2026-08-07 21:50
XRP,1786139446898,-0.0002,2026-08-07 21:50
XRP,1786139446898,-0.0002,2026-08-07 21:50
XRP,1786139446898,-0.0002,2026-08-07 21:50
XRP,1786139446898,-0.000164,2026-08-07 21:50
XRP,1786139446898,-0.000149,2026-08-07 21:50
XRP,1786139446898,-0.000148,2026-08-07 21:50
XRP,1786139446898,-0.000148,2026-08-07 21:50
XRP,1786139446898,-0.000146,2026-08-07 21:50
XRP,1786139446898,-0.000145,2026-08-07 21:50
XRP,1786139446898,-0.000142,2026-08-07 21:50
XRP,1786139446898,-0.000141,2026-08-07 21:50
XRP,1786139446898,-0.000141,2026-08-07 21:50
XRP,1786139446898,-0.00014,2026-08-07 21:50
XRP,1786139446898,-0.000139,2026-08-07 21:50
XRP,1786139446898,-0.000139,2026-08-07 21:50
XRP,1786139446898,-0.000138,2026-08-07 21:50
XRP,1786139446898,-0.000137,2026-08-07 21:50
XRP,1786139446898,-0.000136,2026-08-07 21:50
XRP,1786139446898,-0.000135,2026-08-07 21:50
XRP,1786139446898,-0.000134,2026-08-07 21:50
XRP,1786139446898,-0.000133,2026-08-07 21:50
XRP,1786139446898,-0.000132,2026-08-07 21:50
XRP,1786139446898,-0.000132,2026-08-07 21:50
XRP,1786139446898,-0.000131,2026-08-07 21:50
XRP,1786139446898,-0.000131,2026-08-07 21:50
XRP,1786139446898,-0.00013,2026-08-07 21:50
XRP,1786139446898,-0.000129,2026-08-07 21:50
XRP,1786139446898,-0.000124,2026-08-07 21:50
XRP,1786139446898,-0.000124,2026-08-07 21:50
XRP,1786139446898,-0.000124,2026-08-07 21:50
XRP,1786139446898,-0.000121,2026-08-07 21:50
XRP,1786139446898,-0.000121,2026-08-07 21:50
XRP,1786139446898,-0.000117,2026-08-07 21:50
XRP,1786139446898,-0.000115,2026-08-07 21:50
XRP,1786139446898,-0.000115,2026-08-07 21:50
XRP,1786139446898,-0.000114,2026-08-07 21:50
XRP,1786139446898,-0.000113,2026-08-07 21:50
XRP,1786139446898,-0.000104,2026-08-07 21:50
XRP,1786139446898,-6.6e-05,2026-08-07 21:50
XRP,1786139446898,-5.2e-05,2026-08-07 21:50
XRP,1786139446898,-5.2e-05,2026-08-07 21:50
XRP,1786139446898,-4.6e-05,2026-08-07 21:50
XRP,1786139446898,-4.5e-05,2026-08-07 21:50
XRP,1786139446898,-4.1e-05,2026-08-07 21:50
XRP,1786139446898,-3.9e-05,2026-08-07 21:50
XRP,1786139446898,-2.9e-05,2026-08-07 21:50
XRP,1786139446898,-2.5e-05,2026-08-07 21:50
XRP,1786139446898,-2.3e-05,2026-08-07 21:50
XRP,1786139446898,-2.2e-05,2026-08-07 21:50
XRP,1786139446898,-1.9e-05,2026-08-07 21:50
XRP,1786139446898,-1.7e-05,2026-08-07 21:50
XRP,1786139446898,-1.7e-05,2026-08-07 21:50
XRP,1786139446898,-1.4e-05,2026-08-07 21:50
XRP,1786139446898,-1.4e-05,2026-08-07 21:50
XRP,1786139446898,-1.3e-05,2026-08-07 21:50
XRP,1786139446898,-1e-05,2026-08-07 21:50
XRP,1786139446898,-1e-05,2026-08-07 21:50
XRP,1786139446898,-9e-06,2026-08-07 21:50
XRP,1786139446898,-7e-06,2026-08-07 21:50
XRP,1786139446898,-7e-06,2026-08-07 21:50
XRP,1786139446898,0.0,2026-08-07 21:50
XRP,1786139446898,0.0,2026-08-07 21:50
XRP,1786139446898,0.0,2026-08-07 21:50
XRP,1786139446898,0.0,2026-08-07 21:50
XRP,1786139446898,0.0,2026-08-07 21:50
XRP,1786139446898,0.0,2026-08-07 21:50
XRP,1786139446898,0.0,2026-08-07 21:50
XRP,1786139446898,0.0,2026-08-07 21:50
XRP,1786139446898,0.0,2026-08-07 21:50
XRP,1786139446898,0.0,2026-08-07 21:50
XRP,1786139446898,0.0,2026-08-07 21:50
XRP,1786139446898,0.0,2026-08-07 21:50
XRP,1786139446898,0.0,2026-08-07 21:50
XRP,1786139446898,0.0,2026-08-07 21:50
XRP,1786139446898,0.0,2026-08-07 21:50
XRP,1786139446898,0.0,2026-08-07 21:50
XRP,1786139446898,0.0,2026-08-07 21:50
XRP,1786139446898,0.0,2026-08-07 21:50
XRP,1786139446898,0.0,2026-08-07 21:50
XRP,1786139446898,0.0,2026-08-07 21:50
XRP,1786139446898,0.0,2026-08-07 21:50
XRP,1786139446898,0.0,2026-08-07 21:50
XRP,1786139446898,0.0,2026-08-07 21:50
XRP,1786139446898,0.0,2026-08-07 21:50
XRP,1786139446898,0.0,2026-08-07 21:50
XRP,1786139446898,0.0,2026-08-07 21:50
XRP,1786139446898,0.0,2026-08-07 21:50
XRP,1786139446898,0.0,2026-08-07 21:50
XRP,1786139446898,0.0,2026-08-07 21:50
XRP,1786139446898,0.0,2026-08-07 21:50
XRP,1786139446898,0.0,2026-08-07 21:50
XRP,1786139446898,0.0,2026-08-07 21:50
XRP,1786139446898,0.0,2026-08-07 21:50
XRP,1786139446898,0.0,2026-08-07 21:50
XRP,1786139446898,0.0,2026-08-07 21:50
XRP,1786139446898,0.0,2026-08-07 21:50
XRP,1786139446898,0.0,2026-08-07 21:50
XRP,1786139446898,0.0,2026-08-07 21:50
XRP,1786139446898,0.0,2026-08-07 21:50
XRP,1786139446898,0.0,2026-08-07 21:50
XRP,1786139446898,0.0,2026-08-07 21:50
XRP,1786139446898,0.0,2026-08-07 21:50
XRP,1786139446898,0.0,2026-08-07 21:50
XRP,1786139446898,0.0,2026-08-07 21:50
XRP,1786139446898,0.0,2026-08-07 21:50
XRP,1786139446898,0.0,2026-08-07 21:50
XRP,1786139446898,0.0,2026-08-07 21:50
XRP,1786139446898,0.0,2026-08-07 21:50
XRP,1786139446898,0.0,2026-08-07 21:50
XRP,1786139446898,0.0,2026-08-07 21:50
XRP,1786139446898,0.0,2026-08-07 21:50
XRP,1786139446898,0.0,2026-08-07 21:50
XRP,1786139446898,0.0,2026-08-07 21:50
XRP,1786139446898,0.0,2026-08-07 21:50
XRP,1786139446898,0.0,2026-08-07 21:50
XRP,1786139446898,0.0,2026-08-07 21:50
XRP,1786139446898,0.0,2026-08-07 21:50
XRP,1786139446898,0.0,2026-08-07 21:50
XRP,1786139446898,0.0,2026-08-07 21:50
XRP,1786139446898,2e-06,2026-08-07 21:50
XRP,1786139446898,5e-06,2026-08-07 21:50
XRP,1786139446898,5e-06,2026-08-07 21:50
XRP,1786139446898,6e-06,2026-08-07 21:50
XRP,1786139446898,6e-06,2026-08-07 21:50
XRP,1786139446898,1.3e-05,2026-08-07 21:50
XRP,1786139446898,1.4e-05,2026-08-07 21:50
XRP,1786139446898,2.7e-05,2026-08-07 21:50
XRP,1786139446898,3.2e-05,2026-08-07 21:50
XRP,1786139446898,3.4e-05,2026-08-07 21:50
XRP,1786139446898,4.3e-05,2026-08-07 21:50
XRP,1786139446898,4.5e-05,2026-08-07 21:50
XRP,1786139446898,4.6e-05,2026-08-07 21:50
XRP,1786139446898,5e-05,2026-08-07 21:50
XRP,1786139446898,5e-05,2026-08-07 21:50
XRP,1786139446898,5e-05,2026-08-07 21:50
XRP,1786139446898,5e-05,2026-08-07 21:50
XRP,1786139446898,5e-05,2026-08-07 21:50
XRP,1786139446898,5e-05,2026-08-07 21:50
XRP,1786139446898,5e-05,2026-08-07 21:50
XRP,1786139446898,5e-05,2026-08-07 21:50
XRP,1786139446898,5e-05,2026-08-07 21:50
XRP,1786139446898,5e-05,2026-08-07 21:50
XRP,1786139446898,5e-05,2026-08-07 21:50
XRP,1786139446898,5e-05,2026-08-07 21:50
XRP,1786139446898,5e-05,2026-08-07 21:50
XRP,1786139446898,5e-05,2026-08-07 21:50
XRP,1786139446898,5e-05,2026-08-07 21:50
XRP,1786139446898,5e-05,2026-08-07 21:50
XRP,1786139446898,5e-05,2026-08-07 21:50
XRP,1786139446898,5e-05,2026-08-07 21:50
XRP,1786139446898,5e-05,2026-08-07 21:50
XRP,1786139446898,5e-05,2026-08-07 21:50
XRP,1786139446898,5e-05,2026-08-07 21:50
XRP,1786139446898,5e-05,2026-08-07 21:50
XRP,1786139446898,5e-05,2026-08-07 21:50
XRP,1786139446898,5e-05,2026-08-07 21:50
XRP,1786139446898,5e-05,2026-08-07 21:50
XRP,1786139446898,5.2e-05,2026-08-07 21:50
XRP,1786139446898,5.4e-05,2026-08-07 21:50
XRP,1786139446898,5.5e-05,2026-08-07 21:50
XRP,1786139446898,5.7e-05,2026-08-07 21:50
XRP,1786139446898,6.8e-05,2026-08-07 21:50
XRP,1786139446898,6.9e-05,2026-08-07 21:50
XRP,1786139446898,6.9e-05,2026-08-07 21:50
XRP,1786139446898,7.5e-05,2026-08-07 21:50
XRP,1786139446898,7.7e-05,2026-08-07 21:50
XRP,1786139446898,7.9e-05,2026-08-07 21:50
XRP,1786139446898,8.3e-05,2026-08-07 21:50
XRP,1786139446898,8.3e-05,2026-08-07 21:50
XRP,1786139446898,9.1e-05,2026-08-07 21:50
XRP,1786139446898,9.6e-05,2026-08-07 21:50
XRP,1786139446898,0.0001,2026-08-07 21:50
XRP,1786139446898,0.0001,2026-08-07 21:50
XRP,1786139446898,0.0001,2026-08-07 21:50
XRP,1786139446898,0.0001,2026-08-07 21:50
XRP,1786139446898,0.0001,2026-08-07 21:50
XRP,1786139446898,0.0001,2026-08-07 21:50
XRP,1786139446898,0.0001,2026-08-07 21:50
XRP,1786139446898,0.0001,2026-08-07 21:50
XRP,1786139446898,0.0001,2026-08-07 21:50
XRP,1786139446898,0.0001,2026-08-07 21:50
XRP,1786139446898,0.0001,2026-08-07 21:50
XRP,1786139446898,0.0001,2026-08-07 21:50
XRP,1786139446898,0.0001,2026-08-07 21:50
XRP,1786139446898,0.0001,2026-08-07 21:50
XRP,1786139446898,0.0001,2026-08-07 21:50
XRP,1786139446898,0.0001,2026-08-07 21:50
XRP,1786139446898,0.000115,2026-08-07 21:50
XRP,1786139446898,0.000116,2026-08-07 21:50
XRP,1786139446898,0.000116,2026-08-07 21:50
XRP,1786139446898,0.000124,2026-08-07 21:50
XRP,1786139446898,0.000129,2026-08-07 21:50
XRP,1786139446898,0.00013,2026-08-07 21:50
XRP,1786139446898,0.000134,2026-08-07 21:50
XRP,1786139446898,0.000136,2026-08-07 21:50
XRP,1786139446898,0.000136,2026-08-07 21:50
XRP,1786139446898,0.000136,2026-08-07 21:50
XRP,1786139446898,0.00015,2026-08-07 21:50
XRP,1786139446898,0.000156,2026-08-07 21:50
XRP,1786139446898,0.000177,2026-08-07 21:50
XRP,1786139446898,0.0002,2026-08-07 21:50
XRP,1786139446898,0.0002,2026-08-07 21:50
XRP,1786139446898,0.0002,2026-08-07 21:50
XRP,1786139446898,0.0002,2026-08-07 21:50
XRP,1786139446898,0.0002,2026-08-07 21:50
XRP,1786139446898,0.0002,2026-08-07 21:50
XRP,1786139446898,0.0002,2026-08-07 21:50
XRP,1786139446898,0.0002,2026-08-07 21:50
XRP,1786139446898,0.0002,2026-08-07 21:50
XRP,1786139446898,0.0002,2026-08-07 21:50
XRP,1786139446898,0.0002,2026-08-07 21:50
XRP,1786139446898,0.0002,2026-08-07 21:50
XRP,1786139446898,0.0002,2026-08-07 21:50
XRP,1786139446898,0.0002,2026-08-07 21:50
XRP,1786139446898,0.0002,2026-08-07 21:50
XRP,1786139446898,0.0002,2026-08-07 21:50
XRP,1786139446898,0.000214,2026-08-07 21:50
XRP,1786139446898,0.000228,2026-08-07 21:50
XRP,1786139446898,0.000358,2026-08-07 21:50
XRP,1786139446898,0.000723,2026-08-07 21:50
BNB,1786139449072,-0.021335,2026-08-07 21:50
BNB,1786139449072,-0.003711,2026-08-07 21:50
BNB,1786139449072,-0.001467,2026-08-07 21:50
BNB,1786139449072,-0.001363,2026-08-07 21:50
BNB,1786139449072,-0.001128,2026-08-07 21:50
BNB,1786139449072,-0.001105,2026-08-07 21:50
BNB,1786139449072,-0.001053,2026-08-07 21:50
BNB,1786139449072,-0.000999,2026-08-07 21:50
BNB,1786139449072,-0.000793,2026-08-07 21:50
BNB,1786139449072,-0.000714,2026-08-07 21:50
BNB,1786139449072,-0.000682,2026-08-07 21:50
BNB,1786139449072,-0.00056,2026-08-07 21:50
BNB,1786139449072,-0.000443,2026-08-07 21:50
BNB,1786139449072,-0.000365,2026-08-07 21:50
BNB,1786139449072,-0.000345,2026-08-07 21:50
BNB,1786139449072,-0.000341,2026-08-07 21:50
BNB,1786139449072,-0.000338,2026-08-07 21:50
BNB,1786139449072,-0.000327,2026-08-07 21:50
BNB,1786139449072,-0.000285,2026-08-07 21:50
BNB,1786139449072,-0.000262,2026-08-07 21:50
BNB,1786139449072,-0.000257,2026-08-07 21:50
BNB,1786139449072,-0.000236,2026-08-07 21:50
BNB,1786139449072,-0.000232,2026-08-07 21:50
BNB,1786139449072,-0.0002,2026-08-07 21:50
BNB,1786139449072,-0.0002,2026-08-07 21:50
BNB,1786139449072,-0.0002,2026-08-07 21:50
BNB,1786139449072,-0.0002,2026-08-07 21:50
BNB,1786139449072,-0.000186,2026-08-07 21:50
BNB,1786139449072,-0.000162,2026-08-07 21:50
BNB,1786139449072,-0.000162,2026-08-07 21:50
BNB,1786139449072,-0.000146,2026-08-07 21:50
BNB,1786139449072,-0.000143,2026-08-07 21:50
BNB,1786139449072,-0.000142,2026-08-07 21:50
BNB,1786139449072,-0.000137,2026-08-07 21:50
BNB,1786139449072,-0.00012,2026-08-07 21:50
BNB,1786139449072,-0.000108,2026-08-07 21:50
BNB,1786139449072,-0.000105,2026-08-07 21:50
BNB,1786139449072,-9.4e-05,2026-08-07 21:50
BNB,1786139449072,-8e-05,2026-08-07 21:50
BNB,1786139449072,-7e-05,2026-08-07 21:50
BNB,1786139449072,-5.6e-05,2026-08-07 21:50
BNB,1786139449072,-4.8e-05,2026-08-07 21:50
BNB,1786139449072,-4.6e-05,2026-08-07 21:50
BNB,1786139449072,-2.2e-05,2026-08-07 21:50
BNB,1786139449072,-1.9e-05,2026-08-07 21:50
BNB,1786139449072,-1.8e-05,2026-08-07 21:50
BNB,1786139449072,-1.5e-05,2026-08-07 21:50
BNB,1786139449072,-1.4e-05,2026-08-07 21:50
BNB,1786139449072,-1.3e-05,2026-08-07 21:50
BNB,1786139449072,-1e-05,2026-08-07 21:50
BNB,1786139449072,-9e-06,2026-08-07 21:50
BNB,1786139449072,-7e-06,2026-08-07 21:50
BNB,1786139449072,-6e-06,2026-08-07 21:50
BNB,1786139449072,-6e-06,2026-08-07 21:50
BNB,1786139449072,-2e-06,2026-08-07 21:50
BNB,1786139449072,-2e-06,2026-08-07 21:50
BNB,1786139449072,0.0,2026-08-07 21:50
BNB,1786139449072,0.0,2026-08-07 21:50
BNB,1786139449072,0.0,2026-08-07 21:50
BNB,1786139449072,0.0,2026-08-07 21:50
BNB,1786139449072,0.0,2026-08-07 21:50
BNB,1786139449072,0.0,2026-08-07 21:50
BNB,1786139449072,0.0,2026-08-07 21:50
BNB,1786139449072,0.0,2026-08-07 21:50
BNB,1786139449072,0.0,2026-08-07 21:50
BNB,1786139449072,0.0,2026-08-07 21:50
BNB,1786139449072,0.0,2026-08-07 21:50
BNB,1786139449072,0.0,2026-08-07 21:50
BNB,1786139449072,0.0,2026-08-07 21:50
BNB,1786139449072,0.0,2026-08-07 21:50
BNB,1786139449072,0.0,2026-08-07 21:50
BNB,1786139449072,0.0,2026-08-07 21:50
BNB,1786139449072,0.0,2026-08-07 21:50
BNB,1786139449072,0.0,2026-08-07 21:50
BNB,1786139449072,0.0,2026-08-07 21:50
BNB,1786139449072,0.0,2026-08-07 21:50
BNB,1786139449072,0.0,2026-08-07 21:50
BNB,1786139449072,0.0,2026-08-07 21:50
BNB,1786139449072,0.0,2026-08-07 21:50
BNB,1786139449072,0.0,2026-08-07 21:50
BNB,1786139449072,0.0,2026-08-07 21:50
BNB,1786139449072,0.0,2026-08-07 21:50
BNB,1786139449072,2e-06,2026-08-07 21:50
BNB,1786139449072,3e-06,2026-08-07 21:50
BNB,1786139449072,5e-06,2026-08-07 21:50
BNB,1786139449072,5e-06,2026-08-07 21:50
BNB,1786139449072,6e-06,2026-08-07 21:50
BNB,1786139449072,6e-06,2026-08-07 21:50
BNB,1786139449072,6e-06,2026-08-07 21:50
BNB,1786139449072,1.2e-05,2026-08-07 21:50
BNB,1786139449072,1.7e-05,2026-08-07 21:50
BNB,1786139449072,1.8e-05,2026-08-07 21:50
BNB,1786139449072,1.9e-05,2026-08-07 21:50
BNB,1786139449072,2.1e-05,2026-08-07 21:50
BNB,1786139449072,2.5e-05,2026-08-07 21:50
BNB,1786139449072,2.8e-05,2026-08-07 21:50
BNB,1786139449072,2.8e-05,2026-08-07 21:50
BNB,1786139449072,3.2e-05,2026-08-07 21:50
BNB,1786139449072,3.2e-05,2026-08-07 21:50
BNB,1786139449072,3.4e-05,2026-08-07 21:50
BNB,1786139449072,3.5e-05,2026-08-07 21:50
BNB,1786139449072,5e-05,2026-08-07 21:50
BNB,1786139449072,5e-05,2026-08-07 21:50
BNB,1786139449072,5e-05,2026-08-07 21:50
BNB,1786139449072,5e-05,2026-08-07 21:50
BNB,1786139449072,5e-05,2026-08-07 21:50
BNB,1786139449072,5e-05,2026-08-07 21:50
BNB,1786139449072,5e-05,2026-08-07 21:50
BNB,1786139449072,5e-05,2026-08-07 21:50
BNB,1786139449072,5e-05,2026-08-07 21:50
BNB,1786139449072,5e-05,2026-08-07 21:50
BNB,1786139449072,5e-05,2026-08-07 21:50
BNB,1786139449072,5e-05,2026-08-07 21:50
BNB,1786139449072,5e-05,2026-08-07 21:50
BNB,1786139449072,5e-05,2026-08-07 21:50
BNB,1786139449072,5e-05,2026-08-07 21:50
BNB,1786139449072,5e-05,2026-08-07 21:50
BNB,1786139449072,5e-05,2026-08-07 21:50
BNB,1786139449072,5e-05,2026-08-07 21:50
BNB,1786139449072,5e-05,2026-08-07 21:50
BNB,1786139449072,5e-05,2026-08-07 21:50
BNB,1786139449072,5e-05,2026-08-07 21:50
BNB,1786139449072,5e-05,2026-08-07 21:50
BNB,1786139449072,5e-05,2026-08-07 21:50
BNB,1786139449072,5e-05,2026-08-07 21:50
BNB,1786139449072,5e-05,2026-08-07 21:50
BNB,1786139449072,5e-05,2026-08-07 21:50
BNB,1786139449072,5e-05,2026-08-07 21:50
BNB,1786139449072,5e-05,2026-08-07 21:50
BNB,1786139449072,5e-05,2026-08-07 21:50
BNB,1786139449072,5e-05,2026-08-07 21:50
BNB,1786139449072,5e-05,2026-08-07 21:50
BNB,1786139449072,5e-05,2026-08-07 21:50
BNB,1786139449072,5e-05,2026-08-07 21:50
BNB,1786139449072,5e-05,2026-08-07 21:50
BNB,1786139449072,5e-05,2026-08-07 21:50
BNB,1786139449072,5e-05,2026-08-07 21:50
BNB,1786139449072,5e-05,2026-08-07 21:50
BNB,1786139449072,5e-05,2026-08-07 21:50
BNB,1786139449072,5.6e-05,2026-08-07 21:50
BNB,1786139449072,5.7e-05,2026-08-07 21:50
BNB,1786139449072,5.7e-05,2026-08-07 21:50
BNB,1786139449072,6.5e-05,2026-08-07 21:50
BNB,1786139449072,6.5e-05,2026-08-07 21:50
BNB,1786139449072,6.9e-05,2026-08-07 21:50
BNB,1786139449072,6.9e-05,2026-08-07 21:50
BNB,1786139449072,7.2e-05,2026-08-07 21:50
BNB,1786139449072,7.4e-05,2026-08-07 21:50
BNB,1786139449072,7.5e-05,2026-08-07 21:50
BNB,1786139449072,7.9e-05,2026-08-07 21:50
BNB,1786139449072,8.3e-05,2026-08-07 21:50
BNB,1786139449072,8.6e-05,2026-08-07 21:50
BNB,1786139449072,9.3e-05,2026-08-07 21:50
BNB,1786139449072,9.7e-05,2026-08-07 21:50
BNB,1786139449072,9.9e-05,2026-08-07 21:50
BNB,1786139449072,0.0001,2026-08-07 21:50
BNB,1786139449072,0.0001,2026-08-07 21:50
BNB,1786139449072,0.0001,2026-08-07 21:50
BNB,1786139449072,0.0001,2026-08-07 21:50
BNB,1786139449072,0.0001,2026-08-07 21:50
BNB,1786139449072,0.0001,2026-08-07 21:50
BNB,1786139449072,0.0001,2026-08-07 21:50
BNB,1786139449072,0.0001,2026-08-07 21:50
BNB,1786139449072,0.0001,2026-08-07 21:50
BNB,1786139449072,0.0001,2026-08-07 21:50
BNB,1786139449072,0.0001,2026-08-07 21:50
BNB,1786139449072,0.0001,2026-08-07 21:50
BNB,1786139449072,0.0001,2026-08-07 21:50
BNB,1786139449072,0.00012,2026-08-07 21:50
BNB,1786139449072,0.000121,2026-08-07 21:50
BNB,1786139449072,0.00013,2026-08-07 21:50
BNB,1786139449072,0.000131,2026-08-07 21:50
BNB,1786139449072,0.000137,2026-08-07 21:50
BNB,1786139449072,0.000149,2026-08-07 21:50
BNB,1786139449072,0.000152,2026-08-07 21:50
BNB,1786139449072,0.000192,2026-08-07 21:50
BNB,1786139449072,0.0002,2026-08-07 21:50
BNB,1786139449072,0.0002,2026-08-07 21:50
BNB,1786139449072,0.0002,2026-08-07 21:50
BNB,1786139449072,0.0002,2026-08-07 21:50
BNB,1786139449072,0.0002,2026-08-07 21:50
BNB,1786139449072,0.0002,2026-08-07 21:50
BNB,1786139449072,0.0002,2026-08-07 21:50
BNB,1786139449072,0.000202,2026-08-07 21:50
BNB,1786139449072,0.000207,2026-08-07 21:50
BNB,1786139449072,0.000228,2026-08-07 21:50
BNB,1786139449072,0.000282,2026-08-07 21:50
BNB,1786139449072,0.000295,2026-08-07 21:50
BNB,1786139449072,0.000372,2026-08-07 21:50
BNB,1786139449072,0.000434,2026-08-07 21:50
BNB,1786139449072,0.000459,2026-08-07 21:50
BNB,1786139449072,0.000523,2026-08-07 21:50
BNB,1786139449072,0.000582,2026-08-07 21:50
BNB,1786139449072,0.001067,2026-08-07 21:50
BNB,1786139449073,-0.002676,2026-08-07 21:50
BNB,1786139449073,-0.002549,2026-08-07 21:50
BNB,1786139449073,-0.002374,2026-08-07 21:50
BNB,1786139449073,-0.002152,2026-08-07 21:50
BNB,1786139449073,-0.001262,2026-08-07 21:50
BNB,1786139449073,-0.001183,2026-08-07 21:50
BNB,1786139449073,-0.000907,2026-08-07 21:50
BNB,1786139449073,-0.000884,2026-08-07 21:50
BNB,1786139449073,-0.000706,2026-08-07 21:50
BNB,1786139449073,-0.000665,2026-08-07 21:50
BNB,1786139449073,-0.000614,2026-08-07 21:50
BNB,1786139449073,-0.00056,2026-08-07 21:50
BNB,1786139449073,-0.000496,2026-08-07 21:50
BNB,1786139449073,-0.000439,2026-08-07 21:50
BNB,1786139449073,-0.000434,2026-08-07 21:50
BNB,1786139449073,-0.000413,2026-08-07 21:50
BNB,1786139449073,-0.000383,2026-08-07 21:50
BNB,1786139449073,-0.000345,2026-08-07 21:50
BNB,1786139449073,-0.000343,2026-08-07 21:50
BNB,1786139449073,-0.000301,2026-08-07 21:50
BNB,1786139449073,-0.000298,2026-08-07 21:50
BNB,1786139449073,-0.000277,2026-08-07 21:50
BNB,1786139449073,-0.000238,2026-08-07 21:50
BNB,1786139449073,-0.000223,2026-08-07 21:50
BNB,1786139449073,-0.000217,2026-08-07 21:50
BNB,1786139449073,-0.000214,2026-08-07 21:50
BNB,1786139449073,-0.000202,2026-08-07 21:50
BNB,1786139449073,-0.0002,2026-08-07 21:50
BNB,1786139449073,-0.0002,2026-08-07 21:50
BNB,1786139449073,-0.0002,2026-08-07 21:50
BNB,1786139449073,-0.0002,2026-08-07 21:50
BNB,1786139449073,-0.0002,2026-08-07 21:50
BNB,1786139449073,-0.0002,2026-08-07 21:50
BNB,1786139449073,-0.0002,2026-08-07 21:50
BNB,1786139449073,-0.0002,2026-08-07 21:50
BNB,1786139449073,-0.0002,2026-08-07 21:50
BNB,1786139449073,-0.0002,2026-08-07 21:50
BNB,1786139449073,-0.000196,2026-08-07 21:50
BNB,1786139449073,-0.00019,2026-08-07 21:50
BNB,1786139449073,-0.00019,2026-08-07 21:50
BNB,1786139449073,-0.000182,2026-08-07 21:50
BNB,1786139449073,-0.000167,2026-08-07 21:50
BNB,1786139449073,-0.000166,2026-08-07 21:50
BNB,1786139449073,-0.00016,2026-08-07 21:50
BNB,1786139449073,-0.000156,2026-08-07 21:50
BNB,1786139449073,-0.000154,2026-08-07 21:50
BNB,1786139449073,-0.000149,2026-08-07 21:50
BNB,1786139449073,-0.000148,2026-08-07 21:50
BNB,1786139449073,-0.000148,2026-08-07 21:50
BNB,1786139449073,-0.000148,2026-08-07 21:50
BNB,1786139449073,-0.000147,2026-08-07 21:50
BNB,1786139449073,-0.000146,2026-08-07 21:50
BNB,1786139449073,-0.000145,2026-08-07 21:50
BNB,1786139449073,-0.000145,2026-08-07 21:50
BNB,1786139449073,-0.000144,2026-08-07 21:50
BNB,1786139449073,-0.000144,2026-08-07 21:50
BNB,1786139449073,-0.000144,2026-08-07 21:50
BNB,1786139449073,-0.000142,2026-08-07 21:50
BNB,1786139449073,-0.000141,2026-08-07 21:50
BNB,1786139449073,-0.000141,2026-08-07 21:50
BNB,1786139449073,-0.000141,2026-08-07 21:50
BNB,1786139449073,-0.000141,2026-08-07 21:50
BNB,1786139449073,-0.00014,2026-08-07 21:50
BNB,1786139449073,-0.00014,2026-08-07 21:50
BNB,1786139449073,-0.00014,2026-08-07 21:50
BNB,1786139449073,-0.000139,2026-08-07 21:50
BNB,1786139449073,-0.000138,2026-08-07 21:50
BNB,1786139449073,-0.000137,2026-08-07 21:50
BNB,1786139449073,-0.000136,2026-08-07 21:50
BNB,1786139449073,-0.000136,2026-08-07 21:50
BNB,1786139449073,-0.000136,2026-08-07 21:50
BNB,1786139449073,-0.000135,2026-08-07 21:50
BNB,1786139449073,-0.000134,2026-08-07 21:50
BNB,1786139449073,-0.000133,2026-08-07 21:50
BNB,1786139449073,-0.000133,2026-08-07 21:50
BNB,1786139449073,-0.000133,2026-08-07 21:50
BNB,1786139449073,-0.000133,2026-08-07 21:50
BNB,1786139449073,-0.000132,2026-08-07 21:50
BNB,1786139449073,-0.000132,2026-08-07 21:50
BNB,1786139449073,-0.000132,2026-08-07 21:50
BNB,1786139449073,-0.000132,2026-08-07 21:50
BNB,1786139449073,-0.000132,2026-08-07 21:50
BNB,1786139449073,-0.000131,2026-08-07 21:50
BNB,1786139449073,-0.000131,2026-08-07 21:50
BNB,1786139449073,-0.000131,2026-08-07 21:50
BNB,1786139449073,-0.00013,2026-08-07 21:50
BNB,1786139449073,-0.000129,2026-08-07 21:50
BNB,1786139449073,-0.000129,2026-08-07 21:50
BNB,1786139449073,-0.000128,2026-08-07 21:50
BNB,1786139449073,-0.000128,2026-08-07 21:50
BNB,1786139449073,-0.000127,2026-08-07 21:50
BNB,1786139449073,-0.000127,2026-08-07 21:50
BNB,1786139449073,-0.000127,2026-08-07 21:50
BNB,1786139449073,-0.000126,2026-08-07 21:50
BNB,1786139449073,-0.000124,2026-08-07 21:50
BNB,1786139449073,-0.000121,2026-08-07 21:50
BNB,1786139449073,-0.000121,2026-08-07 21:50
BNB,1786139449073,-0.000121,2026-08-07 21:50
BNB,1786139449073,-0.000117,2026-08-07 21:50
BNB,1786139449073,-0.000117,2026-08-07 21:50
BNB,1786139449073,-0.000115,2026-08-07 21:50
BNB,1786139449073,-0.000115,2026-08-07 21:50
BNB,1786139449073,-0.000114,2026-08-07 21:50
BNB,1786139449073,-0.000113,2026-08-07 21:50
BNB,1786139449073,-0.000111,2026-08-07 21:50
BNB,1786139449073,-0.00011,2026-08-07 21:50
BNB,1786139449073,-0.000109,2026-08-07 21:50
BNB,1786139449073,-0.000109,2026-08-07 21:50
BNB,1786139449073,-0.000107,2026-08-07 21:50
BNB,1786139449073,-0.000102,2026-08-07 21:50
BNB,1786139449073,-0.000101,2026-08-07 21:50
BNB,1786139449073,-9.7e-05,2026-08-07 21:50
BNB,1786139449073,-9.6e-05,2026-08-07 21:50
BNB,1786139449073,-9.4e-05,2026-08-07 21:50
BNB,1786139449073,-9.3e-05,2026-08-07 21:50
BNB,1786139449073,-9.1e-05,2026-08-07 21:50
BNB,1786139449073,-8.9e-05,2026-08-07 21:50
BNB,1786139449073,-8.7e-05,2026-08-07 21:50
BNB,1786139449073,-8.7e-05,2026-08-07 21:50
BNB,1786139449073,-8.5e-05,2026-08-07 21:50
BNB,1786139449073,-8.4e-05,2026-08-07 21:50
BNB,1786139449073,-8.4e-05,2026-08-07 21:50
BNB,1786139449073,-8.3e-05,2026-08-07 21:50
BNB,1786139449073,-7.8e-05,2026-08-07 21:50
BNB,1786139449073,-7.5e-05,2026-08-07 21:50
BNB,1786139449073,-7.4e-05,2026-08-07 21:50
BNB,1786139449073,-6.5e-05,2026-08-07 21:50
BNB,1786139449073,-6.2e-05,2026-08-07 21:50
BNB,1786139449073,-6.1e-05,2026-08-07 21:50
BNB,1786139449073,-6.1e-05,2026-08-07 21:50
BNB,1786139449073,-5.6e-05,2026-08-07 21:50
BNB,1786139449073,-5.4e-05,2026-08-07 21:50
BNB,1786139449073,-5.2e-05,2026-08-07 21:50
BNB,1786139449073,-5.2e-05,2026-08-07 21:50
BNB,1786139449073,-5.2e-05,2026-08-07 21:50
BNB,1786139449073,-5e-05,2026-08-07 21:50
BNB,1786139449073,-4.9e-05,2026-08-07 21:50
BNB,1786139449073,-4.9e-05,2026-08-07 21:50
BNB,1786139449073,-4.8e-05,2026-08-07 21:50
BNB,1786139449073,-4.6e-05,2026-08-07 21:50
BNB,1786139449073,-4.6e-05,2026-08-07 21:50
BNB,1786139449073,-4.5e-05,2026-08-07 21:50
BNB,1786139449073,-3.3e-05,2026-08-07 21:50
BNB,1786139449073,-3.1e-05,2026-08-07 21:50
BNB,1786139449073,-3.1e-05,2026-08-07 21:50
BNB,1786139449073,-3.1e-05,2026-08-07 21:50
BNB,1786139449073,-3e-05,2026-08-07 21:50
BNB,1786139449073,-2.9e-05,2026-08-07 21:50
BNB,1786139449073,-2.9e-05,2026-08-07 21:50
BNB,1786139449073,-2.9e-05,2026-08-07 21:50
BNB,1786139449073,-2.8e-05,2026-08-07 21:50
BNB,1786139449073,-2.5e-05,2026-08-07 21:50
BNB,1786139449073,-2.4e-05,2026-08-07 21:50
BNB,1786139449073,-2e-05,2026-08-07 21:50
BNB,1786139449073,-1.7e-05,2026-08-07 21:50
BNB,1786139449073,-1.7e-05,2026-08-07 21:50
BNB,1786139449073,-1.7e-05,2026-08-07 21:50
BNB,1786139449073,-1.5e-05,2026-08-07 21:50
BNB,1786139449073,-1.4e-05,2026-08-07 21:50
BNB,1786139449073,-1.3e-05,2026-08-07 21:50
BNB,1786139449073,-1.3e-05,2026-08-07 21:50
BNB,1786139449073,-1.3e-05,2026-08-07 21:50
BNB,1786139449073,-1.3e-05,2026-08-07 21:50
BNB,1786139449073,-1.2e-05,2026-08-07 21:50
BNB,1786139449073,-1.2e-05,2026-08-07 21:50
BNB,1786139449073,-1.1e-05,2026-08-07 21:50
BNB,1786139449073,-1e-05,2026-08-07 21:50
BNB,1786139449073,-9e-06,2026-08-07 21:50
BNB,1786139449073,-7e-06,2026-08-07 21:50
BNB,1786139449073,-7e-06,2026-08-07 21:50
BNB,1786139449073,-7e-06,2026-08-07 21:50
BNB,1786139449073,-7e-06,2026-08-07 21:50
BNB,1786139449073,-7e-06,2026-08-07 21:50
BNB,1786139449073,-5e-06,2026-08-07 21:50
BNB,1786139449073,-4e-06,2026-08-07 21:50
BNB,1786139449073,-4e-06,2026-08-07 21:50
BNB,1786139449073,0.0,2026-08-07 21:50
BNB,1786139449073,0.0,2026-08-07 21:50
BNB,1786139449073,0.0,2026-08-07 21:50
BNB,1786139449073,0.0,2026-08-07 21:50
BNB,1786139449073,0.0,2026-08-07 21:50
BNB,1786139449073,0.0,2026-08-07 21:50
BNB,1786139449073,0.0,2026-08-07 21:50
BNB,1786139449073,0.0,2026-08-07 21:50
BNB,1786139449073,0.0,2026-08-07 21:50
BNB,1786139449073,0.0,2026-08-07 21:50
BNB,1786139449073,0.0,2026-08-07 21:50
BNB,1786139449073,0.0,2026-08-07 21:50
BNB,1786139449073,0.0,2026-08-07 21:50
BNB,1786139449073,0.0,2026-08-07 21:50
BNB,1786139449073,0.0,2026-08-07 21:50
BNB,1786139449073,0.0,2026-08-07 21:50
BNB,1786139449073,0.0,2026-08-07 21:50
BNB,1786139449073,0.0,2026-08-07 21:50
BNB,1786139449073,0.0,2026-08-07 21:50
BNB,1786139449073,0.0,2026-08-07 21:50
BNB,1786139449073,0.0,2026-08-07 21:50
BNB,1786139449073,0.0,2026-08-07 21:50
BNB,1786139449073,0.0,2026-08-07 21:50
BNB,1786139449073,0.0,2026-08-07 21:50
BNB,1786139449073,0.0,2026-08-07 21:50
BNB,1786139449073,0.0,2026-08-07 21:50
BNB,1786139449073,0.0,2026-08-07 21:50
BNB,1786139449073,0.0,2026-08-07 21:50
BNB,1786139449073,0.0,2026-08-07 21:50
BNB,1786139449073,0.0,2026-08-07 21:50
BNB,1786139449073,0.0,2026-08-07 21:50
BNB,1786139449073,0.0,2026-08-07 21:50
BNB,1786139449073,0.0,2026-08-07 21:50
BNB,1786139449073,0.0,2026-08-07 21:50
BNB,1786139449073,0.0,2026-08-07 21:50
BNB,1786139449073,0.0,2026-08-07 21:50
BNB,1786139449073,0.0,2026-08-07 21:50
BNB,1786139449073,0.0,2026-08-07 21:50
BNB,1786139449073,0.0,2026-08-07 21:50
BNB,1786139449073,0.0,2026-08-07 21:50
BNB,1786139449073,0.0,2026-08-07 21:50
BNB,1786139449073,0.0,2026-08-07 21:50
BNB,1786139449073,0.0,2026-08-07 21:50
BNB,1786139449073,0.0,2026-08-07 21:50
BNB,1786139449073,0.0,2026-08-07 21:50
BNB,1786139449073,0.0,2026-08-07 21:50
BNB,1786139449073,0.0,2026-08-07 21:50
BNB,1786139449073,0.0,2026-08-07 21:50
BNB,1786139449073,0.0,2026-08-07 21:50
BNB,1786139449073,0.0,2026-08-07 21:50
BNB,1786139449073,0.0,2026-08-07 21:50
BNB,1786139449073,0.0,2026-08-07 21:50
BNB,1786139449073,0.0,2026-08-07 21:50
BNB,1786139449073,0.0,2026-08-07 21:50
BNB,1786139449073,0.0,2026-08-07 21:50
BNB,1786139449073,0.0,2026-08-07 21:50
BNB,1786139449073,0.0,2026-08-07 21:50
BNB,1786139449073,0.0,2026-08-07 21:50
BNB,1786139449073,0.0,2026-08-07 21:50
BNB,1786139449073,0.0,2026-08-07 21:50
BNB,1786139449073,0.0,2026-08-07 21:50
BNB,1786139449073,0.0,2026-08-07 21:50
BNB,1786139449073,0.0,2026-08-07 21:50
BNB,1786139449073,0.0,2026-08-07 21:50
BNB,1786139449073,0.0,2026-08-07 21:50
BNB,1786139449073,0.0,2026-08-07 21:50
BNB,1786139449073,0.0,2026-08-07 21:50
BNB,1786139449073,0.0,2026-08-07 21:50
BNB,1786139449073,0.0,2026-08-07 21:50
BNB,1786139449073,0.0,2026-08-07 21:50
BNB,1786139449073,0.0,2026-08-07 21:50
BNB,1786139449073,0.0,2026-08-07 21:50
BNB,1786139449073,0.0,2026-08-07 21:50
BNB,1786139449073,0.0,2026-08-07 21:50
BNB,1786139449073,0.0,2026-08-07 21:50
BNB,1786139449073,0.0,2026-08-07 21:50
BNB,1786139449073,0.0,2026-08-07 21:50
BNB,1786139449073,0.0,2026-08-07 21:50
BNB,1786139449073,0.0,2026-08-07 21:50
BNB,1786139449073,0.0,2026-08-07 21:50
BNB,1786139449073,0.0,2026-08-07 21:50
BNB,1786139449073,0.0,2026-08-07 21:50
BNB,1786139449073,0.0,2026-08-07 21:50
BNB,1786139449073,0.0,2026-08-07 21:50
BNB,1786139449073,0.0,2026-08-07 21:50
BNB,1786139449073,0.0,2026-08-07 21:50
BNB,1786139449073,0.0,2026-08-07 21:50
BNB,1786139449073,0.0,2026-08-07 21:50
BNB,1786139449073,0.0,2026-08-07 21:50
BNB,1786139449073,0.0,2026-08-07 21:50
BNB,1786139449073,0.0,2026-08-07 21:50
BNB,1786139449073,0.0,2026-08-07 21:50
BNB,1786139449073,0.0,2026-08-07 21:50
BNB,1786139449073,0.0,2026-08-07 21:50
BNB,1786139449073,0.0,2026-08-07 21:50
BNB,1786139449073,0.0,2026-08-07 21:50
BNB,1786139449073,0.0,2026-08-07 21:50
BNB,1786139449073,0.0,2026-08-07 21:50
BNB,1786139449073,0.0,2026-08-07 21:50
BNB,1786139449073,0.0,2026-08-07 21:50
BNB,1786139449073,0.0,2026-08-07 21:50
BNB,1786139449073,0.0,2026-08-07 21:50
BNB,1786139449073,0.0,2026-08-07 21:50
BNB,1786139449073,0.0,2026-08-07 21:50
BNB,1786139449073,0.0,2026-08-07 21:50
BNB,1786139449073,0.0,2026-08-07 21:50
BNB,1786139449073,0.0,2026-08-07 21:50
BNB,1786139449073,0.0,2026-08-07 21:50
BNB,1786139449073,0.0,2026-08-07 21:50
BNB,1786139449073,0.0,2026-08-07 21:50
BNB,1786139449073,0.0,2026-08-07 21:50
BNB,1786139449073,0.0,2026-08-07 21:50
BNB,1786139449073,0.0,2026-08-07 21:50
BNB,1786139449073,0.0,2026-08-07 21:50
BNB,1786139449073,0.0,2026-08-07 21:50
BNB,1786139449073,0.0,2026-08-07 21:50
BNB,1786139449073,0.0,2026-08-07 21:50
BNB,1786139449073,0.0,2026-08-07 21:50
BNB,1786139449073,0.0,2026-08-07 21:50
BNB,1786139449073,0.0,2026-08-07 21:50
BNB,1786139449073,0.0,2026-08-07 21:50
BNB,1786139449073,0.0,2026-08-07 21:50
BNB,1786139449073,0.0,2026-08-07 21:50
BNB,1786139449073,0.0,2026-08-07 21:50
BNB,1786139449073,0.0,2026-08-07 21:50
BNB,1786139449073,0.0,2026-08-07 21:50
BNB,1786139449073,0.0,2026-08-07 21:50
BNB,1786139449073,0.0,2026-08-07 21:50
BNB,1786139449073,0.0,2026-08-07 21:50
BNB,1786139449073,0.0,2026-08-07 21:50
BNB,1786139449073,0.0,2026-08-07 21:50
BNB,1786139449073,0.0,2026-08-07 21:50
BNB,1786139449073,0.0,2026-08-07 21:50
BNB,1786139449073,0.0,2026-08-07 21:50
BNB,1786139449073,0.0,2026-08-07 21:50
BNB,1786139449073,0.0,2026-08-07 21:50
BNB,1786139449073,0.0,2026-08-07 21:50
BNB,1786139449073,0.0,2026-08-07 21:50
BNB,1786139449073,0.0,2026-08-07 21:50
BNB,1786139449073,0.0,2026-08-07 21:50
BNB,1786139449073,0.0,2026-08-07 21:50
BNB,1786139449073,0.0,2026-08-07 21:50
BNB,1786139449073,0.0,2026-08-07 21:50
BNB,1786139449073,0.0,2026-08-07 21:50
BNB,1786139449073,0.0,2026-08-07 21:50
BNB,1786139449073,0.0,2026-08-07 21:50
BNB,1786139449073,0.0,2026-08-07 21:50
BNB,1786139449073,0.0,2026-08-07 21:50
BNB,1786139449073,0.0,2026-08-07 21:50
BNB,1786139449073,0.0,2026-08-07 21:50
BNB,1786139449073,0.0,2026-08-07 21:50
BNB,1786139449073,0.0,2026-08-07 21:50
BNB,1786139449073,0.0,2026-08-07 21:50
BNB,1786139449073,0.0,2026-08-07 21:50
BNB,1786139449073,0.0,2026-08-07 21:50
BNB,1786139449073,0.0,2026-08-07 21:50
BNB,1786139449073,0.0,2026-08-07 21:50
BNB,1786139449073,0.0,2026-08-07 21:50
BNB,1786139449073,0.0,2026-08-07 21:50
BNB,1786139449073,0.0,2026-08-07 21:50
BNB,1786139449073,0.0,2026-08-07 21:50
BNB,1786139449073,0.0,2026-08-07 21:50
BNB,1786139449073,0.0,2026-08-07 21:50
BNB,1786139449073,0.0,2026-08-07 21:50
BNB,1786139449073,0.0,2026-08-07 21:50
BNB,1786139449073,0.0,2026-08-07 21:50
BNB,1786139449073,0.0,2026-08-07 21:50
BNB,1786139449073,1e-06,2026-08-07 21:50
BNB,1786139449073,1e-06,2026-08-07 21:50
BNB,1786139449073,1e-06,2026-08-07 21:50
BNB,1786139449073,1e-06,2026-08-07 21:50
BNB,1786139449073,3e-06,2026-08-07 21:50
BNB,1786139449073,3e-06,2026-08-07 21:50
BNB,1786139449073,4e-06,2026-08-07 21:50
BNB,1786139449073,6e-06,2026-08-07 21:50
BNB,1786139449073,6e-06,2026-08-07 21:50
BNB,1786139449073,6e-06,2026-08-07 21:50
BNB,1786139449073,6e-06,2026-08-07 21:50
BNB,1786139449073,7e-06,2026-08-07 21:50
BNB,1786139449073,9e-06,2026-08-07 21:50
BNB,1786139449073,9e-06,2026-08-07 21:50
BNB,1786139449073,9e-06,2026-08-07 21:50
BNB,1786139449073,1e-05,2026-08-07 21:50
BNB,1786139449073,1.4e-05,2026-08-07 21:50
BNB,1786139449073,1.4e-05,2026-08-07 21:50
BNB,1786139449073,1.4e-05,2026-08-07 21:50
BNB,1786139449073,1.4e-05,2026-08-07 21:50
BNB,1786139449073,1.5e-05,2026-08-07 21:50
BNB,1786139449073,1.7e-05,2026-08-07 21:50
BNB,1786139449073,1.8e-05,2026-08-07 21:50
BNB,1786139449073,1.9e-05,2026-08-07 21:50
BNB,1786139449073,1.9e-05,2026-08-07 21:50
BNB,1786139449073,2.3e-05,2026-08-07 21:50
BNB,1786139449073,2.4e-05,2026-08-07 21:50
BNB,1786139449073,2.4e-05,2026-08-07 21:50
BNB,1786139449073,2.4e-05,2026-08-07 21:50
BNB,1786139449073,2.4e-05,2026-08-07 21:50
BNB,1786139449073,2.4e-05,2026-08-07 21:50
BNB,1786139449073,2.6e-05,2026-08-07 21:50
BNB,1786139449073,2.7e-05,2026-08-07 21:50
BNB,1786139449073,2.8e-05,2026-08-07 21:50
BNB,1786139449073,2.9e-05,2026-08-07 21:50
BNB,1786139449073,3e-05,2026-08-07 21:50
BNB,1786139449073,3.1e-05,2026-08-07 21:50
BNB,1786139449073,3.2e-05,2026-08-07 21:50
BNB,1786139449073,3.3e-05,2026-08-07 21:50
BNB,1786139449073,3.6e-05,2026-08-07 21:50
BNB,1786139449073,3.7e-05,2026-08-07 21:50
BNB,1786139449073,3.8e-05,2026-08-07 21:50
BNB,1786139449073,3.9e-05,2026-08-07 21:50
BNB,1786139449073,3.9e-05,2026-08-07 21:50
BNB,1786139449073,4.1e-05,2026-08-07 21:50
BNB,1786139449073,4.2e-05,2026-08-07 21:50
BNB,1786139449073,4.3e-05,2026-08-07 21:50
BNB,1786139449073,4.3e-05,2026-08-07 21:50
BNB,1786139449073,4.4e-05,2026-08-07 21:50
BNB,1786139449073,5e-05,2026-08-07 21:50
BNB,1786139449073,5e-05,2026-08-07 21:50
BNB,1786139449073,5e-05,2026-08-07 21:50
BNB,1786139449073,5e-05,2026-08-07 21:50
BNB,1786139449073,5e-05,2026-08-07 21:50
BNB,1786139449073,5e-05,2026-08-07 21:50
BNB,1786139449073,5e-05,2026-08-07 21:50
BNB,1786139449073,5e-05,2026-08-07 21:50
BNB,1786139449073,5e-05,2026-08-07 21:50
BNB,1786139449073,5e-05,2026-08-07 21:50
BNB,1786139449073,5e-05,2026-08-07 21:50
BNB,1786139449073,5e-05,2026-08-07 21:50
BNB,1786139449073,5e-05,2026-08-07 21:50
BNB,1786139449073,5e-05,2026-08-07 21:50
BNB,1786139449073,5e-05,2026-08-07 21:50
BNB,1786139449073,5e-05,2026-08-07 21:50
BNB,1786139449073,5e-05,2026-08-07 21:50
BNB,1786139449073,5e-05,2026-08-07 21:50
BNB,1786139449073,5e-05,2026-08-07 21:50
BNB,1786139449073,5e-05,2026-08-07 21:50
BNB,1786139449073,5e-05,2026-08-07 21:50
BNB,1786139449073,5e-05,2026-08-07 21:50
BNB,1786139449073,5e-05,2026-08-07 21:50
BNB,1786139449073,5e-05,2026-08-07 21:50
BNB,1786139449073,5e-05,2026-08-07 21:50
BNB,1786139449073,5e-05,2026-08-07 21:50
BNB,1786139449073,5e-05,2026-08-07 21:50
BNB,1786139449073,5e-05,2026-08-07 21:50
BNB,1786139449073,5e-05,2026-08-07 21:50
BNB,1786139449073,5e-05,2026-08-07 21:50
BNB,1786139449073,5e-05,2026-08-07 21:50
BNB,1786139449073,5e-05,2026-08-07 21:50
BNB,1786139449073,5e-05,2026-08-07 21:50
BNB,1786139449073,5e-05,2026-08-07 21:50
BNB,1786139449073,5e-05,2026-08-07 21:50
BNB,1786139449073,5e-05,2026-08-07 21:50
BNB,1786139449073,5e-05,2026-08-07 21:50
BNB,1786139449073,5e-05,2026-08-07 21:50
BNB,1786139449073,5e-05,2026-08-07 21:50
BNB,1786139449073,5e-05,2026-08-07 21:50
BNB,1786139449073,5e-05,2026-08-07 21:50
BNB,1786139449073,5e-05,2026-08-07 21:50
BNB,1786139449073,5e-05,2026-08-07 21:50
BNB,1786139449073,5e-05,2026-08-07 21:50
BNB,1786139449073,5e-05,2026-08-07 21:50
BNB,1786139449073,5e-05,2026-08-07 21:50
BNB,1786139449073,5e-05,2026-08-07 21:50
BNB,1786139449073,5e-05,2026-08-07 21:50
BNB,1786139449073,5e-05,2026-08-07 21:50
BNB,1786139449073,5e-05,2026-08-07 21:50
BNB,1786139449073,5e-05,2026-08-07 21:50
BNB,1786139449073,5e-05,2026-08-07 21:50
BNB,1786139449073,5e-05,2026-08-07 21:50
BNB,1786139449073,5e-05,2026-08-07 21:50
BNB,1786139449073,5e-05,2026-08-07 21:50
BNB,1786139449073,5e-05,2026-08-07 21:50
BNB,1786139449073,5e-05,2026-08-07 21:50
BNB,1786139449073,5e-05,2026-08-07 21:50
BNB,1786139449073,5e-05,2026-08-07 21:50
BNB,1786139449073,5e-05,2026-08-07 21:50
BNB,1786139449073,5e-05,2026-08-07 21:50
BNB,1786139449073,5e-05,2026-08-07 21:50
BNB,1786139449073,5e-05,2026-08-07 21:50
BNB,1786139449073,5e-05,2026-08-07 21:50
BNB,1786139449073,5e-05,2026-08-07 21:50
BNB,1786139449073,5e-05,2026-08-07 21:50
BNB,1786139449073,5e-05,2026-08-07 21:50
BNB,1786139449073,5e-05,2026-08-07 21:50
BNB,1786139449073,5e-05,2026-08-07 21:50
BNB,1786139449073,5e-05,2026-08-07 21:50
BNB,1786139449073,5e-05,2026-08-07 21:50
BNB,1786139449073,5e-05,2026-08-07 21:50
BNB,1786139449073,5e-05,2026-08-07 21:50
BNB,1786139449073,5e-05,2026-08-07 21:50
BNB,1786139449073,5e-05,2026-08-07 21:50
BNB,1786139449073,5e-05,2026-08-07 21:50
BNB,1786139449073,5e-05,2026-08-07 21:50
BNB,1786139449073,5e-05,2026-08-07 21:50
BNB,1786139449073,5e-05,2026-08-07 21:50
BNB,1786139449073,5e-05,2026-08-07 21:50
BNB,1786139449073,5e-05,2026-08-07 21:50
BNB,1786139449073,5e-05,2026-08-07 21:50
BNB,1786139449073,5e-05,2026-08-07 21:50
BNB,1786139449073,5e-05,2026-08-07 21:50
BNB,1786139449073,5e-05,2026-08-07 21:50
BNB,1786139449073,5e-05,2026-08-07 21:50
BNB,1786139449073,5e-05,2026-08-07 21:50
BNB,1786139449073,5e-05,2026-08-07 21:50
BNB,1786139449073,5e-05,2026-08-07 21:50
BNB,1786139449073,5e-05,2026-08-07 21:50
BNB,1786139449073,5e-05,2026-08-07 21:50
BNB,1786139449073,5e-05,2026-08-07 21:50
BNB,1786139449073,5e-05,2026-08-07 21:50
BNB,1786139449073,5e-05,2026-08-07 21:50
BNB,1786139449073,5e-05,2026-08-07 21:50
BNB,1786139449073,5e-05,2026-08-07 21:50
BNB,1786139449073,5e-05,2026-08-07 21:50
BNB,1786139449073,5e-05,2026-08-07 21:50
BNB,1786139449073,5e-05,2026-08-07 21:50
BNB,1786139449073,5e-05,2026-08-07 21:50
BNB,1786139449073,5e-05,2026-08-07 21:50
BNB,1786139449073,5e-05,2026-08-07 21:50
BNB,1786139449073,5e-05,2026-08-07 21:50
BNB,1786139449073,5e-05,2026-08-07 21:50
BNB,1786139449073,5e-05,2026-08-07 21:50
BNB,1786139449073,5e-05,2026-08-07 21:50
BNB,1786139449073,5e-05,2026-08-07 21:50
BNB,1786139449073,5e-05,2026-08-07 21:50
BNB,1786139449073,5e-05,2026-08-07 21:50
BNB,1786139449073,5e-05,2026-08-07 21:50
BNB,1786139449073,5e-05,2026-08-07 21:50
BNB,1786139449073,5e-05,2026-08-07 21:50
BNB,1786139449073,5e-05,2026-08-07 21:50
BNB,1786139449073,5e-05,2026-08-07 21:50
BNB,1786139449073,5e-05,2026-08-07 21:50
BNB,1786139449073,5e-05,2026-08-07 21:50
BNB,1786139449073,5e-05,2026-08-07 21:50
BNB,1786139449073,5e-05,2026-08-07 21:50
BNB,1786139449073,5e-05,2026-08-07 21:50
BNB,1786139449073,5e-05,2026-08-07 21:50
BNB,1786139449073,5e-05,2026-08-07 21:50
BNB,1786139449073,5e-05,2026-08-07 21:50
BNB,1786139449073,5e-05,2026-08-07 21:50
BNB,1786139449073,5e-05,2026-08-07 21:50
BNB,1786139449073,5e-05,2026-08-07 21:50
BNB,1786139449073,5e-05,2026-08-07 21:50
BNB,1786139449073,5e-05,2026-08-07 21:50
BNB,1786139449073,5e-05,2026-08-07 21:50
BNB,1786139449073,5e-05,2026-08-07 21:50
BNB,1786139449073,5e-05,2026-08-07 21:50
BNB,1786139449073,5e-05,2026-08-07 21:50
BNB,1786139449073,5e-05,2026-08-07 21:50
BNB,1786139449073,5e-05,2026-08-07 21:50
BNB,1786139449073,5e-05,2026-08-07 21:50
BNB,1786139449073,5e-05,2026-08-07 21:50
BNB,1786139449073,5e-05,2026-08-07 21:50
BNB,1786139449073,5e-05,2026-08-07 21:50
BNB,1786139449073,5e-05,2026-08-07 21:50
BNB,1786139449073,5e-05,2026-08-07 21:50
BNB,1786139449073,5e-05,2026-08-07 21:50
BNB,1786139449073,5e-05,2026-08-07 21:50
BNB,1786139449073,5e-05,2026-08-07 21:50
BNB,1786139449073,5e-05,2026-08-07 21:50
BNB,1786139449073,5e-05,2026-08-07 21:50
BNB,1786139449073,5e-05,2026-08-07 21:50
BNB,1786139449073,5e-05,2026-08-07 21:50
BNB,1786139449073,5e-05,2026-08-07 21:50
BNB,1786139449073,5e-05,2026-08-07 21:50
BNB,1786139449073,5e-05,2026-08-07 21:50
BNB,1786139449073,5e-05,2026-08-07 21:50
BNB,1786139449073,5e-05,2026-08-07 21:50
BNB,1786139449073,5e-05,2026-08-07 21:50
BNB,1786139449073,5e-05,2026-08-07 21:50
BNB,1786139449073,5e-05,2026-08-07 21:50
BNB,1786139449073,5e-05,2026-08-07 21:50
BNB,1786139449073,5e-05,2026-08-07 21:50
BNB,1786139449073,5e-05,2026-08-07 21:50
BNB,1786139449073,5e-05,2026-08-07 21:50
BNB,1786139449073,5e-05,2026-08-07 21:50
BNB,1786139449073,5e-05,2026-08-07 21:50
BNB,1786139449073,5e-05,2026-08-07 21:50
BNB,1786139449073,5e-05,2026-08-07 21:50
BNB,1786139449073,5e-05,2026-08-07 21:50
BNB,1786139449073,5e-05,2026-08-07 21:50
BNB,1786139449073,5e-05,2026-08-07 21:50
BNB,1786139449073,5e-05,2026-08-07 21:50
BNB,1786139449073,5e-05,2026-08-07 21:50
BNB,1786139449073,5e-05,2026-08-07 21:50
BNB,1786139449073,5e-05,2026-08-07 21:50
BNB,1786139449073,5e-05,2026-08-07 21:50
BNB,1786139449073,5e-05,2026-08-07 21:50
BNB,1786139449073,5e-05,2026-08-07 21:50
BNB,1786139449073,5e-05,2026-08-07 21:50
BNB,1786139449073,5e-05,2026-08-07 21:50
BNB,1786139449073,5e-05,2026-08-07 21:50
BNB,1786139449073,5e-05,2026-08-07 21:50
BNB,1786139449073,5e-05,2026-08-07 21:50
BNB,1786139449073,5e-05,2026-08-07 21:50
BNB,1786139449073,5e-05,2026-08-07 21:50
BNB,1786139449073,5e-05,2026-08-07 21:50
BNB,1786139449073,5e-05,2026-08-07 21:50
BNB,1786139449073,5e-05,2026-08-07 21:50
BNB,1786139449073,5e-05,2026-08-07 21:50
BNB,1786139449073,5e-05,2026-08-07 21:50
BNB,1786139449073,5e-05,2026-08-07 21:50
BNB,1786139449073,5e-05,2026-08-07 21:50
BNB,1786139449073,5e-05,2026-08-07 21:50
BNB,1786139449073,5e-05,2026-08-07 21:50
BNB,1786139449073,5e-05,2026-08-07 21:50
BNB,1786139449073,5e-05,2026-08-07 21:50
BNB,1786139449073,5e-05,2026-08-07 21:50
BNB,1786139449073,5e-05,2026-08-07 21:50
BNB,1786139449073,5e-05,2026-08-07 21:50
BNB,1786139449073,5e-05,2026-08-07 21:50
BNB,1786139449073,5e-05,2026-08-07 21:50
BNB,1786139449073,5e-05,2026-08-07 21:50
BNB,1786139449073,5e-05,2026-08-07 21:50
BNB,1786139449073,5e-05,2026-08-07 21:50
BNB,1786139449073,5e-05,2026-08-07 21:50
BNB,1786139449073,5e-05,2026-08-07 21:50
BNB,1786139449073,5e-05,2026-08-07 21:50
BNB,1786139449073,5e-05,2026-08-07 21:50
BNB,1786139449073,5e-05,2026-08-07 21:50
BNB,1786139449073,5e-05,2026-08-07 21:50
BNB,1786139449073,5e-05,2026-08-07 21:50
BNB,1786139449073,5e-05,2026-08-07 21:50
BNB,1786139449073,5e-05,2026-08-07 21:50
BNB,1786139449073,5e-05,2026-08-07 21:50
BNB,1786139449073,5e-05,2026-08-07 21:50
BNB,1786139449073,5e-05,2026-08-07 21:50
BNB,1786139449073,5e-05,2026-08-07 21:50
BNB,1786139449073,5e-05,2026-08-07 21:50
BNB,1786139449073,5e-05,2026-08-07 21:50
BNB,1786139449073,5e-05,2026-08-07 21:50
BNB,1786139449073,5e-05,2026-08-07 21:50
BNB,1786139449073,5e-05,2026-08-07 21:50
BNB,1786139449073,5e-05,2026-08-07 21:50
BNB,1786139449073,5e-05,2026-08-07 21:50
BNB,1786139449073,5e-05,2026-08-07 21:50
BNB,1786139449073,5e-05,2026-08-07 21:50
BNB,1786139449073,5e-05,2026-08-07 21:50
BNB,1786139449073,5e-05,2026-08-07 21:50
BNB,1786139449073,5e-05,2026-08-07 21:50
BNB,1786139449073,5.1e-05,2026-08-07 21:50
BNB,1786139449073,5.4e-05,2026-08-07 21:50
BNB,1786139449073,5.5e-05,2026-08-07 21:50
BNB,1786139449073,5.5e-05,2026-08-07 21:50
BNB,1786139449073,6e-05,2026-08-07 21:50
BNB,1786139449073,6.3e-05,2026-08-07 21:50
BNB,1786139449073,6.4e-05,2026-08-07 21:50
BNB,1786139449073,6.6e-05,2026-08-07 21:50
BNB,1786139449073,6.9e-05,2026-08-07 21:50
BNB,1786139449073,6.9e-05,2026-08-07 21:50
BNB,1786139449073,7.1e-05,2026-08-07 21:50
BNB,1786139449073,7.5e-05,2026-08-07 21:50
BNB,1786139449073,7.7e-05,2026-08-07 21:50
BNB,1786139449073,7.8e-05,2026-08-07 21:50
BNB,1786139449073,8.1e-05,2026-08-07 21:50
BNB,1786139449073,8.3e-05,2026-08-07 21:50
BNB,1786139449073,8.6e-05,2026-08-07 21:50
BNB,1786139449073,8.6e-05,2026-08-07 21:50
BNB,1786139449073,8.6e-05,2026-08-07 21:50
BNB,1786139449073,8.7e-05,2026-08-07 21:50
BNB,1786139449073,8.7e-05,2026-08-07 21:50
BNB,1786139449073,9.2e-05,2026-08-07 21:50
BNB,1786139449073,9.6e-05,2026-08-07 21:50
BNB,1786139449073,9.9e-05,2026-08-07 21:50
BNB,1786139449073,0.0001,2026-08-07 21:50
BNB,1786139449073,0.0001,2026-08-07 21:50
BNB,1786139449073,0.0001,2026-08-07 21:50
BNB,1786139449073,0.0001,2026-08-07 21:50
BNB,1786139449073,0.0001,2026-08-07 21:50
BNB,1786139449073,0.0001,2026-08-07 21:50
BNB,1786139449073,0.0001,2026-08-07 21:50
BNB,1786139449073,0.0001,2026-08-07 21:50
BNB,1786139449073,0.0001,2026-08-07 21:50
BNB,1786139449073,0.0001,2026-08-07 21:50
BNB,1786139449073,0.0001,2026-08-07 21:50
BNB,1786139449073,0.0001,2026-08-07 21:50
BNB,1786139449073,0.0001,2026-08-07 21:50
BNB,1786139449073,0.0001,2026-08-07 21:50
BNB,1786139449073,0.0001,2026-08-07 21:50
BNB,1786139449073,0.0001,2026-08-07 21:50
BNB,1786139449073,0.0001,2026-08-07 21:50
BNB,1786139449073,0.0001,2026-08-07 21:50
BNB,1786139449073,0.0001,2026-08-07 21:50
BNB,1786139449073,0.0001,2026-08-07 21:50
BNB,1786139449073,0.0001,2026-08-07 21:50
BNB,1786139449073,0.0001,2026-08-07 21:50
BNB,1786139449073,0.0001,2026-08-07 21:50
BNB,1786139449073,0.0001,2026-08-07 21:50
BNB,1786139449073,0.0001,2026-08-07 21:50
BNB,1786139449073,0.0001,2026-08-07 21:50
BNB,1786139449073,0.0001,2026-08-07 21:50
BNB,1786139449073,0.0001,2026-08-07 21:50
BNB,1786139449073,0.0001,2026-08-07 21:50
BNB,1786139449073,0.0001,2026-08-07 21:50
BNB,1786139449073,0.0001,2026-08-07 21:50
BNB,1786139449073,0.0001,2026-08-07 21:50
BNB,1786139449073,0.0001,2026-08-07 21:50
BNB,1786139449073,0.0001,2026-08-07 21:50
BNB,1786139449073,0.0001,2026-08-07 21:50
BNB,1786139449073,0.0001,2026-08-07 21:50
BNB,1786139449073,0.0001,2026-08-07 21:50
BNB,1786139449073,0.0001,2026-08-07 21:50
BNB,1786139449073,0.0001,2026-08-07 21:50
BNB,1786139449073,0.0001,2026-08-07 21:50
BNB,1786139449073,0.0001,2026-08-07 21:50
BNB,1786139449073,0.0001,2026-08-07 21:50
BNB,1786139449073,0.0001,2026-08-07 21:50
BNB,1786139449073,0.0001,2026-08-07 21:50
BNB,1786139449073,0.0001,2026-08-07 21:50
BNB,1786139449073,0.0001,2026-08-07 21:50
BNB,1786139449073,0.0001,2026-08-07 21:50
BNB,1786139449073,0.0001,2026-08-07 21:50
BNB,1786139449073,0.0001,2026-08-07 21:50
BNB,1786139449073,0.0001,2026-08-07 21:50
BNB,1786139449073,0.0001,2026-08-07 21:50
BNB,1786139449073,0.0001,2026-08-07 21:50
BNB,1786139449073,0.0001,2026-08-07 21:50
BNB,1786139449073,0.0001,2026-08-07 21:50
BNB,1786139449073,0.000101,2026-08-07 21:50
BNB,1786139449073,0.000105,2026-08-07 21:50
BNB,1786139449073,0.000111,2026-08-07 21:50
BNB,1786139449073,0.000111,2026-08-07 21:50
BNB,1786139449073,0.000112,2026-08-07 21:50
BNB,1786139449073,0.000113,2026-08-07 21:50
BNB,1786139449073,0.000113,2026-08-07 21:50
BNB,1786139449073,0.000115,2026-08-07 21:50
BNB,1786139449073,0.000115,2026-08-07 21:50
BNB,1786139449073,0.000116,2026-08-07 21:50
BNB,1786139449073,0.000116,2026-08-07 21:50
BNB,1786139449073,0.00012,2026-08-07 21:50
BNB,1786139449073,0.000122,2026-08-07 21:50
BNB,1786139449073,0.000126,2026-08-07 21:50
BNB,1786139449073,0.000129,2026-08-07 21:50
BNB,1786139449073,0.000134,2026-08-07 21:50
BNB,1786139449073,0.000134,2026-08-07 21:50
BNB,1786139449073,0.000134,2026-08-07 21:50
BNB,1786139449073,0.000134,2026-08-07 21:50
BNB,1786139449073,0.000134,2026-08-07 21:50
BNB,1786139449073,0.000135,2026-08-07 21:50
BNB,1786139449073,0.000136,2026-08-07 21:50
BNB,1786139449073,0.000136,2026-08-07 21:50
BNB,1786139449073,0.000136,2026-08-07 21:50
BNB,1786139449073,0.000139,2026-08-07 21:50
BNB,1786139449073,0.000141,2026-08-07 21:50
BNB,1786139449073,0.000142,2026-08-07 21:50
BNB,1786139449073,0.000147,2026-08-07 21:50
BNB,1786139449073,0.000148,2026-08-07 21:50
BNB,1786139449073,0.000148,2026-08-07 21:50
BNB,1786139449073,0.00015,2026-08-07 21:50
BNB,1786139449073,0.000155,2026-08-07 21:50
BNB,1786139449073,0.000156,2026-08-07 21:50
BNB,1786139449073,0.000177,2026-08-07 21:50
BNB,1786139449073,0.000188,2026-08-07 21:50
BNB,1786139449073,0.000197,2026-08-07 21:50
BNB,1786139449073,0.0002,2026-08-07 21:50
BNB,1786139449073,0.0002,2026-08-07 21:50
BNB,1786139449073,0.0002,2026-08-07 21:50
BNB,1786139449073,0.0002,2026-08-07 21:50
BNB,1786139449073,0.0002,2026-08-07 21:50
BNB,1786139449073,0.0002,2026-08-07 21:50
BNB,1786139449073,0.0002,2026-08-07 21:50
BNB,1786139449073,0.0002,2026-08-07 21:50
BNB,1786139449073,0.0002,2026-08-07 21:50
BNB,1786139449073,0.0002,2026-08-07 21:50
BNB,1786139449073,0.0002,2026-08-07 21:50
BNB,1786139449073,0.0002,2026-08-07 21:50
BNB,1786139449073,0.0002,2026-08-07 21:50
BNB,1786139449073,0.0002,2026-08-07 21:50
BNB,1786139449073,0.0002,2026-08-07 21:50
BNB,1786139449073,0.0002,2026-08-07 21:50
BNB,1786139449073,0.0002,2026-08-07 21:50
BNB,1786139449073,0.0002,2026-08-07 21:50
BNB,1786139449073,0.0002,2026-08-07 21:50
BNB,1786139449073,0.0002,2026-08-07 21:50
BNB,1786139449073,0.0002,2026-08-07 21:50
BNB,1786139449073,0.0002,2026-08-07 21:50
BNB,1786139449073,0.0002,2026-08-07 21:50
BNB,1786139449073,0.0002,2026-08-07 21:50
BNB,1786139449073,0.0002,2026-08-07 21:50
BNB,1786139449073,0.0002,2026-08-07 21:50
BNB,1786139449073,0.0002,2026-08-07 21:50
BNB,1786139449073,0.0002,2026-08-07 21:50
BNB,1786139449073,0.0002,2026-08-07 21:50
BNB,1786139449073,0.0002,2026-08-07 21:50
BNB,1786139449073,0.0002,2026-08-07 21:50
BNB,1786139449073,0.0002,2026-08-07 21:50
BNB,1786139449073,0.0002,2026-08-07 21:50
BNB,1786139449073,0.0002,2026-08-07 21:50
BNB,1786139449073,0.0002,2026-08-07 21:50
BNB,1786139449073,0.0002,2026-08-07 21:50
BNB,1786139449073,0.0002,2026-08-07 21:50
BNB,1786139449073,0.0002,2026-08-07 21:50
BNB,1786139449073,0.0002,2026-08-07 21:50
BNB,1786139449073,0.0002,2026-08-07 21:50
BNB,1786139449073,0.0002,2026-08-07 21:50
BNB,1786139449073,0.0002,2026-08-07 21:50
BNB,1786139449073,0.0002,2026-08-07 21:50
BNB,1786139449073,0.0002,2026-08-07 21:50
BNB,1786139449073,0.000209,2026-08-07 21:50
BNB,1786139449073,0.00021,2026-08-07 21:50
BNB,1786139449073,0.000214,2026-08-07 21:50
BNB,1786139449073,0.000215,2026-08-07 21:50
BNB,1786139449073,0.000227,2026-08-07 21:50
BNB,1786139449073,0.000228,2026-08-07 21:50
BNB,1786139449073,0.000236,2026-08-07 21:50
BNB,1786139449073,0.000238,2026-08-07 21:50
BNB,1786139449073,0.000243,2026-08-07 21:50
BNB,1786139449073,0.000278,2026-08-07 21:50
BNB,1786139449073,0.000288,2026-08-07 21:50
BNB,1786139449073,0.000299,2026-08-07 21:50
BNB,1786139449073,0.0003,2026-08-07 21:50
BNB,1786139449073,0.000301,2026-08-07 21:50
BNB,1786139449073,0.000306,2026-08-07 21:50
BNB,1786139449073,0.000308,2026-08-07 21:50
BNB,1786139449073,0.000313,2026-08-07 21:50
BNB,1786139449073,0.000334,2026-08-07 21:50
BNB,1786139449073,0.000342,2026-08-07 21:50
BNB,1786139449073,0.000358,2026-08-07 21:50
BNB,1786139449073,0.000378,2026-08-07 21:50
BNB,1786139449073,0.00039,2026-08-07 21:50
BNB,1786139449073,0.000475,2026-08-07 21:50
BNB,1786139449073,0.000491,2026-08-07 21:50
BNB,1786139449073,0.000532,2026-08-07 21:50
BNB,1786139449073,0.000633,2026-08-07 21:50
BNB,1786139449073,0.000817,2026-08-07 21:50
BNB,1786139449073,0.00319,2026-08-07 21:50
BNB,1786139449074,-0.002251,2026-08-07 21:50
BNB,1786139449074,-0.001363,2026-08-07 21:50
BNB,1786139449074,-0.000793,2026-08-07 21:50
BNB,1786139449074,-0.00056,2026-08-07 21:50
BNB,1786139449074,-0.000485,2026-08-07 21:50
BNB,1786139449074,-0.000357,2026-08-07 21:50
BNB,1786139449074,-0.000341,2026-08-07 21:50
BNB,1786139449074,-0.0002,2026-08-07 21:50
BNB,1786139449074,-0.0002,2026-08-07 21:50
BNB,1786139449074,-0.0002,2026-08-07 21:50
BNB,1786139449074,-0.000164,2026-08-07 21:50
BNB,1786139449074,-0.000148,2026-08-07 21:50
BNB,1786139449074,-0.000139,2026-08-07 21:50
BNB,1786139449074,-0.000138,2026-08-07 21:50
BNB,1786139449074,-0.000137,2026-08-07 21:50
BNB,1786139449074,-0.000131,2026-08-07 21:50
BNB,1786139449074,-0.000129,2026-08-07 21:50
BNB,1786139449074,-0.000124,2026-08-07 21:50
BNB,1786139449074,-0.000124,2026-08-07 21:50
BNB,1786139449074,-0.000124,2026-08-07 21:50
BNB,1786139449074,-0.000121,2026-08-07 21:50
BNB,1786139449074,-0.000117,2026-08-07 21:50
BNB,1786139449074,-0.000104,2026-08-07 21:50
BNB,1786139449074,-6.6e-05,2026-08-07 21:50
BNB,1786139449074,-5.2e-05,2026-08-07 21:50
BNB,1786139449074,-4.1e-05,2026-08-07 21:50
BNB,1786139449074,-3.9e-05,2026-08-07 21:50
BNB,1786139449074,-2.3e-05,2026-08-07 21:50
BNB,1786139449074,-2.2e-05,2026-08-07 21:50
BNB,1786139449074,-1.9e-05,2026-08-07 21:50
BNB,1786139449074,-1.7e-05,2026-08-07 21:50
BNB,1786139449074,-1.4e-05,2026-08-07 21:50
BNB,1786139449074,-1.4e-05,2026-08-07 21:50
BNB,1786139449074,-1e-05,2026-08-07 21:50
BNB,1786139449074,0.0,2026-08-07 21:50
BNB,1786139449074,0.0,2026-08-07 21:50
BNB,1786139449074,0.0,2026-08-07 21:50
BNB,1786139449074,0.0,2026-08-07 21:50
BNB,1786139449074,0.0,2026-08-07 21:50
BNB,1786139449074,0.0,2026-08-07 21:50
BNB,1786139449074,0.0,2026-08-07 21:50
BNB,1786139449074,0.0,2026-08-07 21:50
BNB,1786139449074,0.0,2026-08-07 21:50
BNB,1786139449074,0.0,2026-08-07 21:50
BNB,1786139449074,0.0,2026-08-07 21:50
BNB,1786139449074,0.0,2026-08-07 21:50
BNB,1786139449074,0.0,2026-08-07 21:50
BNB,1786139449074,0.0,2026-08-07 21:50
BNB,1786139449074,0.0,2026-08-07 21:50
BNB,1786139449074,2e-06,2026-08-07 21:50
BNB,1786139449074,5e-06,2026-08-07 21:50
BNB,1786139449074,5e-06,2026-08-07 21:50
BNB,1786139449074,6e-06,2026-08-07 21:50
BNB,1786139449074,6e-06,2026-08-07 21:50
BNB,1786139449074,1.3e-05,2026-08-07 21:50
BNB,1786139449074,3.2e-05,2026-08-07 21:50
BNB,1786139449074,3.4e-05,2026-08-07 21:50
BNB,1786139449074,4.5e-05,2026-08-07 21:50
BNB,1786139449074,4.6e-05,2026-08-07 21:50
BNB,1786139449074,5e-05,2026-08-07 21:50
BNB,1786139449074,5e-05,2026-08-07 21:50
BNB,1786139449074,5e-05,2026-08-07 21:50
BNB,1786139449074,5e-05,2026-08-07 21:50
BNB,1786139449074,5e-05,2026-08-07 21:50
BNB,1786139449074,5e-05,2026-08-07 21:50
BNB,1786139449074,5e-05,2026-08-07 21:50
BNB,1786139449074,5e-05,2026-08-07 21:50
BNB,1786139449074,5e-05,2026-08-07 21:50
BNB,1786139449074,5e-05,2026-08-07 21:50
BNB,1786139449074,5.2e-05,2026-08-07 21:50
BNB,1786139449074,5.7e-05,2026-08-07 21:50
BNB,1786139449074,6.8e-05,2026-08-07 21:50
BNB,1786139449074,6.9e-05,2026-08-07 21:50
BNB,1786139449074,7.7e-05,2026-08-07 21:50
BNB,1786139449074,7.9e-05,2026-08-07 21:50
BNB,1786139449074,8.3e-05,2026-08-07 21:50
BNB,1786139449074,8.3e-05,2026-08-07 21:50
BNB,1786139449074,9.1e-05,2026-08-07 21:50
BNB,1786139449074,9.6e-05,2026-08-07 21:50
BNB,1786139449074,0.0001,2026-08-07 21:50
BNB,1786139449074,0.0001,2026-08-07 21:50
BNB,1786139449074,0.0001,2026-08-07 21:50
BNB,1786139449074,0.0001,2026-08-07 21:50
BNB,1786139449074,0.0001,2026-08-07 21:50
BNB,1786139449074,0.0001,2026-08-07 21:50
BNB,1786139449074,0.0001,2026-08-07 21:50
BNB,1786139449074,0.0001,2026-08-07 21:50
BNB,1786139449074,0.0001,2026-08-07 21:50
BNB,1786139449074,0.000124,2026-08-07 21:50
BNB,1786139449074,0.00013,2026-08-07 21:50
BNB,1786139449074,0.0002,2026-08-07 21:50
BNB,1786139449074,0.0002,2026-08-07 21:50
BNB,1786139449074,0.0002,2026-08-07 21:50
BNB,1786139449074,0.0002,2026-08-07 21:50
BNB,1786139449074,0.0002,2026-08-07 21:50
BNB,1786139449074,0.0002,2026-08-07 21:50
BNB,1786139449074,0.000228,2026-08-07 21:50
BNB,1786139449074,0.000723,2026-08-07 21:50
BTC,1786139451006,-0.021335,2026-08-07 21:50
BTC,1786139451006,-0.003711,2026-08-07 21:50
BTC,1786139451006,-0.001467,2026-08-07 21:50
BTC,1786139451006,-0.001363,2026-08-07 21:50
BTC,1786139451006,-0.001128,2026-08-07 21:50
BTC,1786139451006,-0.001105,2026-08-07 21:50
BTC,1786139451006,-0.001053,2026-08-07 21:50
BTC,1786139451006,-0.000999,2026-08-07 21:50
BTC,1786139451006,-0.000793,2026-08-07 21:50
BTC,1786139451006,-0.000714,2026-08-07 21:50
BTC,1786139451006,-0.000706,2026-08-07 21:50
BTC,1786139451006,-0.000682,2026-08-07 21:50
BTC,1786139451006,-0.00056,2026-08-07 21:50
BTC,1786139451006,-0.000496,2026-08-07 21:50
BTC,1786139451006,-0.000443,2026-08-07 21:50
BTC,1786139451006,-0.000434,2026-08-07 21:50
BTC,1786139451006,-0.000365,2026-08-07 21:50
BTC,1786139451006,-0.000345,2026-08-07 21:50
BTC,1786139451006,-0.000343,2026-08-07 21:50
BTC,1786139451006,-0.000341,2026-08-07 21:50
BTC,1786139451006,-0.000338,2026-08-07 21:50
BTC,1786139451006,-0.000327,2026-08-07 21:50
BTC,1786139451006,-0.000285,2026-08-07 21:50
BTC,1786139451006,-0.000262,2026-08-07 21:50
BTC,1786139451006,-0.000257,2026-08-07 21:50
BTC,1786139451006,-0.000236,2026-08-07 21:50
BTC,1786139451006,-0.000232,2026-08-07 21:50
BTC,1786139451006,-0.000214,2026-08-07 21:50
BTC,1786139451006,-0.000202,2026-08-07 21:50
BTC,1786139451006,-0.0002,2026-08-07 21:50
BTC,1786139451006,-0.0002,2026-08-07 21:50
BTC,1786139451006,-0.0002,2026-08-07 21:50
BTC,1786139451006,-0.0002,2026-08-07 21:50
BTC,1786139451006,-0.0002,2026-08-07 21:50
BTC,1786139451006,-0.000196,2026-08-07 21:50
BTC,1786139451006,-0.00019,2026-08-07 21:50
BTC,1786139451006,-0.000186,2026-08-07 21:50
BTC,1786139451006,-0.000166,2026-08-07 21:50
BTC,1786139451006,-0.000162,2026-08-07 21:50
BTC,1786139451006,-0.000162,2026-08-07 21:50
BTC,1786139451006,-0.000146,2026-08-07 21:50
BTC,1786139451006,-0.000144,2026-08-07 21:50
BTC,1786139451006,-0.000144,2026-08-07 21:50
BTC,1786139451006,-0.000143,2026-08-07 21:50
BTC,1786139451006,-0.000142,2026-08-07 21:50
BTC,1786139451006,-0.000141,2026-08-07 21:50
BTC,1786139451006,-0.000137,2026-08-07 21:50
BTC,1786139451006,-0.000136,2026-08-07 21:50
BTC,1786139451006,-0.000133,2026-08-07 21:50
BTC,1786139451006,-0.000132,2026-08-07 21:50
BTC,1786139451006,-0.000124,2026-08-07 21:50
BTC,1786139451006,-0.00012,2026-08-07 21:50
BTC,1786139451006,-0.00011,2026-08-07 21:50
BTC,1786139451006,-0.000108,2026-08-07 21:50
BTC,1786139451006,-0.000107,2026-08-07 21:50
BTC,1786139451006,-0.000105,2026-08-07 21:50
BTC,1786139451006,-0.000102,2026-08-07 21:50
BTC,1786139451006,-0.000101,2026-08-07 21:50
BTC,1786139451006,-9.4e-05,2026-08-07 21:50
BTC,1786139451006,-8.7e-05,2026-08-07 21:50
BTC,1786139451006,-8.4e-05,2026-08-07 21:50
BTC,1786139451006,-8e-05,2026-08-07 21:50
BTC,1786139451006,-7e-05,2026-08-07 21:50
BTC,1786139451006,-6.5e-05,2026-08-07 21:50
BTC,1786139451006,-6.1e-05,2026-08-07 21:50
BTC,1786139451006,-5.6e-05,2026-08-07 21:50
BTC,1786139451006,-5.6e-05,2026-08-07 21:50
BTC,1786139451006,-5.4e-05,2026-08-07 21:50
BTC,1786139451006,-5.2e-05,2026-08-07 21:50
BTC,1786139451006,-5e-05,2026-08-07 21:50
BTC,1786139451006,-4.8e-05,2026-08-07 21:50
BTC,1786139451006,-4.8e-05,2026-08-07 21:50
BTC,1786139451006,-4.6e-05,2026-08-07 21:50
BTC,1786139451006,-4.6e-05,2026-08-07 21:50
BTC,1786139451006,-3.1e-05,2026-08-07 21:50
BTC,1786139451006,-3.1e-05,2026-08-07 21:50
BTC,1786139451006,-3.1e-05,2026-08-07 21:50
BTC,1786139451006,-3e-05,2026-08-07 21:50
BTC,1786139451006,-2.4e-05,2026-08-07 21:50
BTC,1786139451006,-2.2e-05,2026-08-07 21:50
BTC,1786139451006,-2e-05,2026-08-07 21:50
BTC,1786139451006,-1.9e-05,2026-08-07 21:50
BTC,1786139451006,-1.8e-05,2026-08-07 21:50
BTC,1786139451006,-1.7e-05,2026-08-07 21:50
BTC,1786139451006,-1.5e-05,2026-08-07 21:50
BTC,1786139451006,-1.4e-05,2026-08-07 21:50
BTC,1786139451006,-1.3e-05,2026-08-07 21:50
BTC,1786139451006,-1.3e-05,2026-08-07 21:50
BTC,1786139451006,-1.3e-05,2026-08-07 21:50
BTC,1786139451006,-1.2e-05,2026-08-07 21:50
BTC,1786139451006,-1e-05,2026-08-07 21:50
BTC,1786139451006,-9e-06,2026-08-07 21:50
BTC,1786139451006,-7e-06,2026-08-07 21:50
BTC,1786139451006,-7e-06,2026-08-07 21:50
BTC,1786139451006,-7e-06,2026-08-07 21:50
BTC,1786139451006,-6e-06,2026-08-07 21:50
BTC,1786139451006,-6e-06,2026-08-07 21:50
BTC,1786139451006,-2e-06,2026-08-07 21:50
BTC,1786139451006,-2e-06,2026-08-07 21:50
BTC,1786139451006,0.0,2026-08-07 21:50
BTC,1786139451006,0.0,2026-08-07 21:50
BTC,1786139451006,0.0,2026-08-07 21:50
BTC,1786139451006,0.0,2026-08-07 21:50
BTC,1786139451006,0.0,2026-08-07 21:50
BTC,1786139451006,0.0,2026-08-07 21:50
BTC,1786139451006,0.0,2026-08-07 21:50
BTC,1786139451006,0.0,2026-08-07 21:50
BTC,1786139451006,0.0,2026-08-07 21:50
BTC,1786139451006,0.0,2026-08-07 21:50
BTC,1786139451006,0.0,2026-08-07 21:50
BTC,1786139451006,0.0,2026-08-07 21:50
BTC,1786139451006,0.0,2026-08-07 21:50
BTC,1786139451006,0.0,2026-08-07 21:50
BTC,1786139451006,0.0,2026-08-07 21:50
BTC,1786139451006,0.0,2026-08-07 21:50
BTC,1786139451006,0.0,2026-08-07 21:50
BTC,1786139451006,0.0,2026-08-07 21:50
BTC,1786139451006,0.0,2026-08-07 21:50
BTC,1786139451006,0.0,2026-08-07 21:50
BTC,1786139451006,0.0,2026-08-07 21:50
BTC,1786139451006,0.0,2026-08-07 21:50
BTC,1786139451006,0.0,2026-08-07 21:50
BTC,1786139451006,0.0,2026-08-07 21:50
BTC,1786139451006,0.0,2026-08-07 21:50
BTC,1786139451006,0.0,2026-08-07 21:50
BTC,1786139451006,0.0,2026-08-07 21:50
BTC,1786139451006,0.0,2026-08-07 21:50
BTC,1786139451006,0.0,2026-08-07 21:50
BTC,1786139451006,0.0,2026-08-07 21:50
BTC,1786139451006,0.0,2026-08-07 21:50
BTC,1786139451006,0.0,2026-08-07 21:50
BTC,1786139451006,0.0,2026-08-07 21:50
BTC,1786139451006,0.0,2026-08-07 21:50
BTC,1786139451006,0.0,2026-08-07 21:50
BTC,1786139451006,0.0,2026-08-07 21:50
BTC,1786139451006,0.0,2026-08-07 21:50
BTC,1786139451006,0.0,2026-08-07 21:50
BTC,1786139451006,0.0,2026-08-07 21:50
BTC,1786139451006,0.0,2026-08-07 21:50
BTC,1786139451006,0.0,2026-08-07 21:50
BTC,1786139451006,0.0,2026-08-07 21:50
BTC,1786139451006,0.0,2026-08-07 21:50
BTC,1786139451006,0.0,2026-08-07 21:50
BTC,1786139451006,0.0,2026-08-07 21:50
BTC,1786139451006,0.0,2026-08-07 21:50
BTC,1786139451006,0.0,2026-08-07 21:50
BTC,1786139451006,0.0,2026-08-07 21:50
BTC,1786139451006,0.0,2026-08-07 21:50
BTC,1786139451006,0.0,2026-08-07 21:50
BTC,1786139451006,0.0,2026-08-07 21:50
BTC,1786139451006,0.0,2026-08-07 21:50
BTC,1786139451006,0.0,2026-08-07 21:50
BTC,1786139451006,1e-06,2026-08-07 21:50
BTC,1786139451006,1e-06,2026-08-07 21:50
BTC,1786139451006,2e-06,2026-08-07 21:50
BTC,1786139451006,3e-06,2026-08-07 21:50
BTC,1786139451006,5e-06,2026-08-07 21:50
BTC,1786139451006,5e-06,2026-08-07 21:50
BTC,1786139451006,6e-06,2026-08-07 21:50
BTC,1786139451006,6e-06,2026-08-07 21:50
BTC,1786139451006,6e-06,2026-08-07 21:50
BTC,1786139451006,6e-06,2026-08-07 21:50
BTC,1786139451006,9e-06,2026-08-07 21:50
BTC,1786139451006,1e-05,2026-08-07 21:50
BTC,1786139451006,1.2e-05,2026-08-07 21:50
BTC,1786139451006,1.4e-05,2026-08-07 21:50
BTC,1786139451006,1.5e-05,2026-08-07 21:50
BTC,1786139451006,1.7e-05,2026-08-07 21:50
BTC,1786139451006,1.8e-05,2026-08-07 21:50
BTC,1786139451006,1.9e-05,2026-08-07 21:50
BTC,1786139451006,2.1e-05,2026-08-07 21:50
BTC,1786139451006,2.4e-05,2026-08-07 21:50
BTC,1786139451006,2.4e-05,2026-08-07 21:50
BTC,1786139451006,2.4e-05,2026-08-07 21:50
BTC,1786139451006,2.5e-05,2026-08-07 21:50
BTC,1786139451006,2.8e-05,2026-08-07 21:50
BTC,1786139451006,2.8e-05,2026-08-07 21:50
BTC,1786139451006,3e-05,2026-08-07 21:50
BTC,1786139451006,3.2e-05,2026-08-07 21:50
BTC,1786139451006,3.2e-05,2026-08-07 21:50
BTC,1786139451006,3.2e-05,2026-08-07 21:50
BTC,1786139451006,3.4e-05,2026-08-07 21:50
BTC,1786139451006,3.5e-05,2026-08-07 21:50
BTC,1786139451006,3.6e-05,2026-08-07 21:50
BTC,1786139451006,4.4e-05,2026-08-07 21:50
BTC,1786139451006,5e-05,2026-08-07 21:50
BTC,1786139451006,5e-05,2026-08-07 21:50
BTC,1786139451006,5e-05,2026-08-07 21:50
BTC,1786139451006,5e-05,2026-08-07 21:50
BTC,1786139451006,5e-05,2026-08-07 21:50
BTC,1786139451006,5e-05,2026-08-07 21:50
BTC,1786139451006,5e-05,2026-08-07 21:50
BTC,1786139451006,5e-05,2026-08-07 21:50
BTC,1786139451006,5e-05,2026-08-07 21:50
BTC,1786139451006,5e-05,2026-08-07 21:50
BTC,1786139451006,5e-05,2026-08-07 21:50
BTC,1786139451006,5e-05,2026-08-07 21:50
BTC,1786139451006,5e-05,2026-08-07 21:50
BTC,1786139451006,5e-05,2026-08-07 21:50
BTC,1786139451006,5e-05,2026-08-07 21:50
BTC,1786139451006,5e-05,2026-08-07 21:50
BTC,1786139451006,5e-05,2026-08-07 21:50
BTC,1786139451006,5e-05,2026-08-07 21:50
BTC,1786139451006,5e-05,2026-08-07 21:50
BTC,1786139451006,5e-05,2026-08-07 21:50
BTC,1786139451006,5e-05,2026-08-07 21:50
BTC,1786139451006,5e-05,2026-08-07 21:50
BTC,1786139451006,5e-05,2026-08-07 21:50
BTC,1786139451006,5e-05,2026-08-07 21:50
BTC,1786139451006,5e-05,2026-08-07 21:50
BTC,1786139451006,5e-05,2026-08-07 21:50
BTC,1786139451006,5e-05,2026-08-07 21:50
BTC,1786139451006,5e-05,2026-08-07 21:50
BTC,1786139451006,5e-05,2026-08-07 21:50
BTC,1786139451006,5e-05,2026-08-07 21:50
BTC,1786139451006,5e-05,2026-08-07 21:50
BTC,1786139451006,5e-05,2026-08-07 21:50
BTC,1786139451006,5e-05,2026-08-07 21:50
BTC,1786139451006,5e-05,2026-08-07 21:50
BTC,1786139451006,5e-05,2026-08-07 21:50
BTC,1786139451006,5e-05,2026-08-07 21:50
BTC,1786139451006,5e-05,2026-08-07 21:50
BTC,1786139451006,5e-05,2026-08-07 21:50
BTC,1786139451006,5e-05,2026-08-07 21:50
BTC,1786139451006,5e-05,2026-08-07 21:50
BTC,1786139451006,5e-05,2026-08-07 21:50
BTC,1786139451006,5e-05,2026-08-07 21:50
BTC,1786139451006,5e-05,2026-08-07 21:50
BTC,1786139451006,5e-05,2026-08-07 21:50
BTC,1786139451006,5e-05,2026-08-07 21:50
BTC,1786139451006,5e-05,2026-08-07 21:50
BTC,1786139451006,5e-05,2026-08-07 21:50
BTC,1786139451006,5e-05,2026-08-07 21:50
BTC,1786139451006,5e-05,2026-08-07 21:50
BTC,1786139451006,5e-05,2026-08-07 21:50
BTC,1786139451006,5e-05,2026-08-07 21:50
BTC,1786139451006,5e-05,2026-08-07 21:50
BTC,1786139451006,5e-05,2026-08-07 21:50
BTC,1786139451006,5e-05,2026-08-07 21:50
BTC,1786139451006,5e-05,2026-08-07 21:50
BTC,1786139451006,5e-05,2026-08-07 21:50
BTC,1786139451006,5e-05,2026-08-07 21:50
BTC,1786139451006,5e-05,2026-08-07 21:50
BTC,1786139451006,5e-05,2026-08-07 21:50
BTC,1786139451006,5e-05,2026-08-07 21:50
BTC,1786139451006,5e-05,2026-08-07 21:50
BTC,1786139451006,5e-05,2026-08-07 21:50
BTC,1786139451006,5e-05,2026-08-07 21:50
BTC,1786139451006,5e-05,2026-08-07 21:50
BTC,1786139451006,5e-05,2026-08-07 21:50
BTC,1786139451006,5e-05,2026-08-07 21:50
BTC,1786139451006,5e-05,2026-08-07 21:50
BTC,1786139451006,5e-05,2026-08-07 21:50
BTC,1786139451006,5e-05,2026-08-07 21:50
BTC,1786139451006,5e-05,2026-08-07 21:50
BTC,1786139451006,5e-05,2026-08-07 21:50
BTC,1786139451006,5e-05,2026-08-07 21:50
BTC,1786139451006,5e-05,2026-08-07 21:50
BTC,1786139451006,5e-05,2026-08-07 21:50
BTC,1786139451006,5e-05,2026-08-07 21:50
BTC,1786139451006,5e-05,2026-08-07 21:50
BTC,1786139451006,5e-05,2026-08-07 21:50
BTC,1786139451006,5e-05,2026-08-07 21:50
BTC,1786139451006,5e-05,2026-08-07 21:50
BTC,1786139451006,5e-05,2026-08-07 21:50
BTC,1786139451006,5e-05,2026-08-07 21:50
BTC,1786139451006,5e-05,2026-08-07 21:50
BTC,1786139451006,5e-05,2026-08-07 21:50
BTC,1786139451006,5e-05,2026-08-07 21:50
BTC,1786139451006,5e-05,2026-08-07 21:50
BTC,1786139451006,5e-05,2026-08-07 21:50
BTC,1786139451006,5e-05,2026-08-07 21:50
BTC,1786139451006,5e-05,2026-08-07 21:50
BTC,1786139451006,5e-05,2026-08-07 21:50
BTC,1786139451006,5e-05,2026-08-07 21:50
BTC,1786139451006,5e-05,2026-08-07 21:50
BTC,1786139451006,5e-05,2026-08-07 21:50
BTC,1786139451006,5.1e-05,2026-08-07 21:50
BTC,1786139451006,5.6e-05,2026-08-07 21:50
BTC,1786139451006,5.7e-05,2026-08-07 21:50
BTC,1786139451006,5.7e-05,2026-08-07 21:50
BTC,1786139451006,6.5e-05,2026-08-07 21:50
BTC,1786139451006,6.5e-05,2026-08-07 21:50
BTC,1786139451006,6.9e-05,2026-08-07 21:50
BTC,1786139451006,6.9e-05,2026-08-07 21:50
BTC,1786139451006,7.1e-05,2026-08-07 21:50
BTC,1786139451006,7.2e-05,2026-08-07 21:50
BTC,1786139451006,7.4e-05,2026-08-07 21:50
BTC,1786139451006,7.5e-05,2026-08-07 21:50
BTC,1786139451006,7.8e-05,2026-08-07 21:50
BTC,1786139451006,7.9e-05,2026-08-07 21:50
BTC,1786139451006,8.3e-05,2026-08-07 21:50
BTC,1786139451006,8.3e-05,2026-08-07 21:50
BTC,1786139451006,8.6e-05,2026-08-07 21:50
BTC,1786139451006,8.7e-05,2026-08-07 21:50
BTC,1786139451006,9.3e-05,2026-08-07 21:50
BTC,1786139451006,9.7e-05,2026-08-07 21:50
BTC,1786139451006,9.9e-05,2026-08-07 21:50
BTC,1786139451006,0.0001,2026-08-07 21:50
BTC,1786139451006,0.0001,2026-08-07 21:50
BTC,1786139451006,0.0001,2026-08-07 21:50
BTC,1786139451006,0.0001,2026-08-07 21:50
BTC,1786139451006,0.0001,2026-08-07 21:50
BTC,1786139451006,0.0001,2026-08-07 21:50
BTC,1786139451006,0.0001,2026-08-07 21:50
BTC,1786139451006,0.0001,2026-08-07 21:50
BTC,1786139451006,0.0001,2026-08-07 21:50
BTC,1786139451006,0.0001,2026-08-07 21:50
BTC,1786139451006,0.0001,2026-08-07 21:50
BTC,1786139451006,0.0001,2026-08-07 21:50
BTC,1786139451006,0.0001,2026-08-07 21:50
BTC,1786139451006,0.0001,2026-08-07 21:50
BTC,1786139451006,0.0001,2026-08-07 21:50
BTC,1786139451006,0.0001,2026-08-07 21:50
BTC,1786139451006,0.0001,2026-08-07 21:50
BTC,1786139451006,0.0001,2026-08-07 21:50
BTC,1786139451006,0.0001,2026-08-07 21:50
BTC,1786139451006,0.0001,2026-08-07 21:50
BTC,1786139451006,0.0001,2026-08-07 21:50
BTC,1786139451006,0.0001,2026-08-07 21:50
BTC,1786139451006,0.0001,2026-08-07 21:50
BTC,1786139451006,0.0001,2026-08-07 21:50
BTC,1786139451006,0.0001,2026-08-07 21:50
BTC,1786139451006,0.0001,2026-08-07 21:50
BTC,1786139451006,0.000105,2026-08-07 21:50
BTC,1786139451006,0.000111,2026-08-07 21:50
BTC,1786139451006,0.000112,2026-08-07 21:50
BTC,1786139451006,0.000115,2026-08-07 21:50
BTC,1786139451006,0.00012,2026-08-07 21:50
BTC,1786139451006,0.000121,2026-08-07 21:50
BTC,1786139451006,0.00013,2026-08-07 21:50
BTC,1786139451006,0.000131,2026-08-07 21:50
BTC,1786139451006,0.000134,2026-08-07 21:50
BTC,1786139451006,0.000137,2026-08-07 21:50
BTC,1786139451006,0.000149,2026-08-07 21:50
BTC,1786139451006,0.000152,2026-08-07 21:50
BTC,1786139451006,0.000155,2026-08-07 21:50
BTC,1786139451006,0.000192,2026-08-07 21:50
BTC,1786139451006,0.0002,2026-08-07 21:50
BTC,1786139451006,0.0002,2026-08-07 21:50
BTC,1786139451006,0.0002,2026-08-07 21:50
BTC,1786139451006,0.0002,2026-08-07 21:50
BTC,1786139451006,0.0002,2026-08-07 21:50
BTC,1786139451006,0.0002,2026-08-07 21:50
BTC,1786139451006,0.0002,2026-08-07 21:50
BTC,1786139451006,0.0002,2026-08-07 21:50
BTC,1786139451006,0.0002,2026-08-07 21:50
BTC,1786139451006,0.0002,2026-08-07 21:50
BTC,1786139451006,0.0002,2026-08-07 21:50
BTC,1786139451006,0.0002,2026-08-07 21:50
BTC,1786139451006,0.0002,2026-08-07 21:50
BTC,1786139451006,0.0002,2026-08-07 21:50
BTC,1786139451006,0.0002,2026-08-07 21:50
BTC,1786139451006,0.0002,2026-08-07 21:50
BTC,1786139451006,0.0002,2026-08-07 21:50
BTC,1786139451006,0.0002,2026-08-07 21:50
BTC,1786139451006,0.000202,2026-08-07 21:50
BTC,1786139451006,0.000207,2026-08-07 21:50
BTC,1786139451006,0.00021,2026-08-07 21:50
BTC,1786139451006,0.000228,2026-08-07 21:50
BTC,1786139451006,0.000238,2026-08-07 21:50
BTC,1786139451006,0.000243,2026-08-07 21:50
BTC,1786139451006,0.000282,2026-08-07 21:50
BTC,1786139451006,0.000295,2026-08-07 21:50
BTC,1786139451006,0.000306,2026-08-07 21:50
BTC,1786139451006,0.000342,2026-08-07 21:50
BTC,1786139451006,0.000372,2026-08-07 21:50
BTC,1786139451006,0.000378,2026-08-07 21:50
BTC,1786139451006,0.000434,2026-08-07 21:50
BTC,1786139451006,0.000459,2026-08-07 21:50
BTC,1786139451006,0.000475,2026-08-07 21:50
BTC,1786139451006,0.000491,2026-08-07 21:50
BTC,1786139451006,0.000523,2026-08-07 21:50
BTC,1786139451006,0.000582,2026-08-07 21:50
BTC,1786139451006,0.000817,2026-08-07 21:50
BTC,1786139451006,0.001067,2026-08-07 21:50
BTC,1786139451007,-0.002676,2026-08-07 21:50
BTC,1786139451007,-0.002549,2026-08-07 21:50
BTC,1786139451007,-0.002374,2026-08-07 21:50
BTC,1786139451007,-0.002251,2026-08-07 21:50
BTC,1786139451007,-0.002152,2026-08-07 21:50
BTC,1786139451007,-0.001262,2026-08-07 21:50
BTC,1786139451007,-0.001183,2026-08-07 21:50
BTC,1786139451007,-0.000907,2026-08-07 21:50
BTC,1786139451007,-0.000884,2026-08-07 21:50
BTC,1786139451007,-0.000793,2026-08-07 21:50
BTC,1786139451007,-0.000665,2026-08-07 21:50
BTC,1786139451007,-0.000614,2026-08-07 21:50
BTC,1786139451007,-0.00056,2026-08-07 21:50
BTC,1786139451007,-0.00056,2026-08-07 21:50
BTC,1786139451007,-0.000439,2026-08-07 21:50
BTC,1786139451007,-0.000413,2026-08-07 21:50
BTC,1786139451007,-0.000383,2026-08-07 21:50
BTC,1786139451007,-0.000357,2026-08-07 21:50
BTC,1786139451007,-0.000345,2026-08-07 21:50
BTC,1786139451007,-0.000341,2026-08-07 21:50
BTC,1786139451007,-0.000301,2026-08-07 21:50
BTC,1786139451007,-0.000298,2026-08-07 21:50
BTC,1786139451007,-0.000277,2026-08-07 21:50
BTC,1786139451007,-0.000238,2026-08-07 21:50
BTC,1786139451007,-0.000223,2026-08-07 21:50
BTC,1786139451007,-0.000217,2026-08-07 21:50
BTC,1786139451007,-0.0002,2026-08-07 21:50
BTC,1786139451007,-0.0002,2026-08-07 21:50
BTC,1786139451007,-0.0002,2026-08-07 21:50
BTC,1786139451007,-0.0002,2026-08-07 21:50
BTC,1786139451007,-0.0002,2026-08-07 21:50
BTC,1786139451007,-0.0002,2026-08-07 21:50
BTC,1786139451007,-0.0002,2026-08-07 21:50
BTC,1786139451007,-0.0002,2026-08-07 21:50
BTC,1786139451007,-0.0002,2026-08-07 21:50
BTC,1786139451007,-0.0002,2026-08-07 21:50
BTC,1786139451007,-0.00019,2026-08-07 21:50
BTC,1786139451007,-0.000182,2026-08-07 21:50
BTC,1786139451007,-0.000167,2026-08-07 21:50
BTC,1786139451007,-0.000164,2026-08-07 21:50
BTC,1786139451007,-0.00016,2026-08-07 21:50
BTC,1786139451007,-0.000156,2026-08-07 21:50
BTC,1786139451007,-0.000154,2026-08-07 21:50
BTC,1786139451007,-0.000149,2026-08-07 21:50
BTC,1786139451007,-0.000148,2026-08-07 21:50
BTC,1786139451007,-0.000148,2026-08-07 21:50
BTC,1786139451007,-0.000148,2026-08-07 21:50
BTC,1786139451007,-0.000148,2026-08-07 21:50
BTC,1786139451007,-0.000147,2026-08-07 21:50
BTC,1786139451007,-0.000146,2026-08-07 21:50
BTC,1786139451007,-0.000145,2026-08-07 21:50
BTC,1786139451007,-0.000145,2026-08-07 21:50
BTC,1786139451007,-0.000144,2026-08-07 21:50
BTC,1786139451007,-0.000142,2026-08-07 21:50
BTC,1786139451007,-0.000141,2026-08-07 21:50
BTC,1786139451007,-0.000141,2026-08-07 21:50
BTC,1786139451007,-0.000141,2026-08-07 21:50
BTC,1786139451007,-0.00014,2026-08-07 21:50
BTC,1786139451007,-0.00014,2026-08-07 21:50
BTC,1786139451007,-0.00014,2026-08-07 21:50
BTC,1786139451007,-0.000139,2026-08-07 21:50
BTC,1786139451007,-0.000139,2026-08-07 21:50
BTC,1786139451007,-0.000138,2026-08-07 21:50
BTC,1786139451007,-0.000138,2026-08-07 21:50
BTC,1786139451007,-0.000137,2026-08-07 21:50
BTC,1786139451007,-0.000136,2026-08-07 21:50
BTC,1786139451007,-0.000136,2026-08-07 21:50
BTC,1786139451007,-0.000135,2026-08-07 21:50
BTC,1786139451007,-0.000134,2026-08-07 21:50
BTC,1786139451007,-0.000133,2026-08-07 21:50
BTC,1786139451007,-0.000133,2026-08-07 21:50
BTC,1786139451007,-0.000133,2026-08-07 21:50
BTC,1786139451007,-0.000132,2026-08-07 21:50
BTC,1786139451007,-0.000132,2026-08-07 21:50
BTC,1786139451007,-0.000132,2026-08-07 21:50
BTC,1786139451007,-0.000132,2026-08-07 21:50
BTC,1786139451007,-0.000131,2026-08-07 21:50
BTC,1786139451007,-0.000131,2026-08-07 21:50
BTC,1786139451007,-0.000131,2026-08-07 21:50
BTC,1786139451007,-0.000131,2026-08-07 21:50
BTC,1786139451007,-0.00013,2026-08-07 21:50
BTC,1786139451007,-0.000129,2026-08-07 21:50
BTC,1786139451007,-0.000129,2026-08-07 21:50
BTC,1786139451007,-0.000128,2026-08-07 21:50
BTC,1786139451007,-0.000128,2026-08-07 21:50
BTC,1786139451007,-0.000127,2026-08-07 21:50
BTC,1786139451007,-0.000127,2026-08-07 21:50
BTC,1786139451007,-0.000127,2026-08-07 21:50
BTC,1786139451007,-0.000126,2026-08-07 21:50
BTC,1786139451007,-0.000124,2026-08-07 21:50
BTC,1786139451007,-0.000121,2026-08-07 21:50
BTC,1786139451007,-0.000121,2026-08-07 21:50
BTC,1786139451007,-0.000121,2026-08-07 21:50
BTC,1786139451007,-0.000117,2026-08-07 21:50
BTC,1786139451007,-0.000117,2026-08-07 21:50
BTC,1786139451007,-0.000115,2026-08-07 21:50
BTC,1786139451007,-0.000115,2026-08-07 21:50
BTC,1786139451007,-0.000114,2026-08-07 21:50
BTC,1786139451007,-0.000113,2026-08-07 21:50
BTC,1786139451007,-0.000111,2026-08-07 21:50
BTC,1786139451007,-0.000109,2026-08-07 21:50
BTC,1786139451007,-0.000109,2026-08-07 21:50
BTC,1786139451007,-9.7e-05,2026-08-07 21:50
BTC,1786139451007,-9.6e-05,2026-08-07 21:50
BTC,1786139451007,-9.4e-05,2026-08-07 21:50
BTC,1786139451007,-9.3e-05,2026-08-07 21:50
BTC,1786139451007,-9.1e-05,2026-08-07 21:50
BTC,1786139451007,-8.9e-05,2026-08-07 21:50
BTC,1786139451007,-8.7e-05,2026-08-07 21:50
BTC,1786139451007,-8.5e-05,2026-08-07 21:50
BTC,1786139451007,-8.4e-05,2026-08-07 21:50
BTC,1786139451007,-8.3e-05,2026-08-07 21:50
BTC,1786139451007,-7.8e-05,2026-08-07 21:50
BTC,1786139451007,-7.5e-05,2026-08-07 21:50
BTC,1786139451007,-7.4e-05,2026-08-07 21:50
BTC,1786139451007,-6.2e-05,2026-08-07 21:50
BTC,1786139451007,-6.1e-05,2026-08-07 21:50
BTC,1786139451007,-5.2e-05,2026-08-07 21:50
BTC,1786139451007,-5.2e-05,2026-08-07 21:50
BTC,1786139451007,-4.9e-05,2026-08-07 21:50
BTC,1786139451007,-4.9e-05,2026-08-07 21:50
BTC,1786139451007,-4.6e-05,2026-08-07 21:50
BTC,1786139451007,-4.5e-05,2026-08-07 21:50
BTC,1786139451007,-4.1e-05,2026-08-07 21:50
BTC,1786139451007,-3.9e-05,2026-08-07 21:50
BTC,1786139451007,-3.3e-05,2026-08-07 21:50
BTC,1786139451007,-2.9e-05,2026-08-07 21:50
BTC,1786139451007,-2.9e-05,2026-08-07 21:50
BTC,1786139451007,-2.9e-05,2026-08-07 21:50
BTC,1786139451007,-2.8e-05,2026-08-07 21:50
BTC,1786139451007,-2.5e-05,2026-08-07 21:50
BTC,1786139451007,-2.3e-05,2026-08-07 21:50
BTC,1786139451007,-2.2e-05,2026-08-07 21:50
BTC,1786139451007,-1.7e-05,2026-08-07 21:50
BTC,1786139451007,-1.7e-05,2026-08-07 21:50
BTC,1786139451007,-1.5e-05,2026-08-07 21:50
BTC,1786139451007,-1.4e-05,2026-08-07 21:50
BTC,1786139451007,-1.3e-05,2026-08-07 21:50
BTC,1786139451007,-1.3e-05,2026-08-07 21:50
BTC,1786139451007,-1.2e-05,2026-08-07 21:50
BTC,1786139451007,-1.1e-05,2026-08-07 21:50
BTC,1786139451007,-1e-05,2026-08-07 21:50
BTC,1786139451007,-1e-05,2026-08-07 21:50
BTC,1786139451007,-9e-06,2026-08-07 21:50
BTC,1786139451007,-7e-06,2026-08-07 21:50
BTC,1786139451007,-7e-06,2026-08-07 21:50
BTC,1786139451007,-7e-06,2026-08-07 21:50
BTC,1786139451007,-5e-06,2026-08-07 21:50
BTC,1786139451007,-4e-06,2026-08-07 21:50
BTC,1786139451007,-4e-06,2026-08-07 21:50
BTC,1786139451007,0.0,2026-08-07 21:50
BTC,1786139451007,0.0,2026-08-07 21:50
BTC,1786139451007,0.0,2026-08-07 21:50
BTC,1786139451007,0.0,2026-08-07 21:50
BTC,1786139451007,0.0,2026-08-07 21:50
BTC,1786139451007,0.0,2026-08-07 21:50
BTC,1786139451007,0.0,2026-08-07 21:50
BTC,1786139451007,0.0,2026-08-07 21:50
BTC,1786139451007,0.0,2026-08-07 21:50
BTC,1786139451007,0.0,2026-08-07 21:50
BTC,1786139451007,0.0,2026-08-07 21:50
BTC,1786139451007,0.0,2026-08-07 21:50
BTC,1786139451007,0.0,2026-08-07 21:50
BTC,1786139451007,0.0,2026-08-07 21:50
BTC,1786139451007,0.0,2026-08-07 21:50
BTC,1786139451007,0.0,2026-08-07 21:50
BTC,1786139451007,0.0,2026-08-07 21:50
BTC,1786139451007,0.0,2026-08-07 21:50
BTC,1786139451007,0.0,2026-08-07 21:50
BTC,1786139451007,0.0,2026-08-07 21:50
BTC,1786139451007,0.0,2026-08-07 21:50
BTC,1786139451007,0.0,2026-08-07 21:50
BTC,1786139451007,0.0,2026-08-07 21:50
BTC,1786139451007,0.0,2026-08-07 21:50
BTC,1786139451007,0.0,2026-08-07 21:50
BTC,1786139451007,0.0,2026-08-07 21:50
BTC,1786139451007,0.0,2026-08-07 21:50
BTC,1786139451007,0.0,2026-08-07 21:50
BTC,1786139451007,0.0,2026-08-07 21:50
BTC,1786139451007,0.0,2026-08-07 21:50
BTC,1786139451007,0.0,2026-08-07 21:50
BTC,1786139451007,0.0,2026-08-07 21:50
BTC,1786139451007,0.0,2026-08-07 21:50
BTC,1786139451007,0.0,2026-08-07 21:50
BTC,1786139451007,0.0,2026-08-07 21:50
BTC,1786139451007,0.0,2026-08-07 21:50
BTC,1786139451007,0.0,2026-08-07 21:50
BTC,1786139451007,0.0,2026-08-07 21:50
BTC,1786139451007,0.0,2026-08-07 21:50
BTC,1786139451007,0.0,2026-08-07 21:50
BTC,1786139451007,0.0,2026-08-07 21:50
BTC,1786139451007,0.0,2026-08-07 21:50
BTC,1786139451007,0.0,2026-08-07 21:50
BTC,1786139451007,0.0,2026-08-07 21:50
BTC,1786139451007,0.0,2026-08-07 21:50
BTC,1786139451007,0.0,2026-08-07 21:50
BTC,1786139451007,0.0,2026-08-07 21:50
BTC,1786139451007,0.0,2026-08-07 21:50
BTC,1786139451007,0.0,2026-08-07 21:50
BTC,1786139451007,0.0,2026-08-07 21:50
BTC,1786139451007,0.0,2026-08-07 21:50
BTC,1786139451007,0.0,2026-08-07 21:50
BTC,1786139451007,0.0,2026-08-07 21:50
BTC,1786139451007,0.0,2026-08-07 21:50
BTC,1786139451007,0.0,2026-08-07 21:50
BTC,1786139451007,0.0,2026-08-07 21:50
BTC,1786139451007,0.0,2026-08-07 21:50
BTC,1786139451007,0.0,2026-08-07 21:50
BTC,1786139451007,0.0,2026-08-07 21:50
BTC,1786139451007,0.0,2026-08-07 21:50
BTC,1786139451007,0.0,2026-08-07 21:50
BTC,1786139451007,0.0,2026-08-07 21:50
BTC,1786139451007,0.0,2026-08-07 21:50
BTC,1786139451007,0.0,2026-08-07 21:50
BTC,1786139451007,0.0,2026-08-07 21:50
BTC,1786139451007,0.0,2026-08-07 21:50
BTC,1786139451007,0.0,2026-08-07 21:50
BTC,1786139451007,0.0,2026-08-07 21:50
BTC,1786139451007,0.0,2026-08-07 21:50
BTC,1786139451007,0.0,2026-08-07 21:50
BTC,1786139451007,0.0,2026-08-07 21:50
BTC,1786139451007,0.0,2026-08-07 21:50
BTC,1786139451007,0.0,2026-08-07 21:50
BTC,1786139451007,0.0,2026-08-07 21:50
BTC,1786139451007,0.0,2026-08-07 21:50
BTC,1786139451007,0.0,2026-08-07 21:50
BTC,1786139451007,0.0,2026-08-07 21:50
BTC,1786139451007,0.0,2026-08-07 21:50
BTC,1786139451007,0.0,2026-08-07 21:50
BTC,1786139451007,0.0,2026-08-07 21:50
BTC,1786139451007,0.0,2026-08-07 21:50
BTC,1786139451007,0.0,2026-08-07 21:50
BTC,1786139451007,0.0,2026-08-07 21:50
BTC,1786139451007,0.0,2026-08-07 21:50
BTC,1786139451007,0.0,2026-08-07 21:50
BTC,1786139451007,0.0,2026-08-07 21:50
BTC,1786139451007,0.0,2026-08-07 21:50
BTC,1786139451007,0.0,2026-08-07 21:50
BTC,1786139451007,0.0,2026-08-07 21:50
BTC,1786139451007,0.0,2026-08-07 21:50
BTC,1786139451007,0.0,2026-08-07 21:50
BTC,1786139451007,0.0,2026-08-07 21:50
BTC,1786139451007,0.0,2026-08-07 21:50
BTC,1786139451007,0.0,2026-08-07 21:50
BTC,1786139451007,0.0,2026-08-07 21:50
BTC,1786139451007,0.0,2026-08-07 21:50
BTC,1786139451007,0.0,2026-08-07 21:50
BTC,1786139451007,0.0,2026-08-07 21:50
BTC,1786139451007,0.0,2026-08-07 21:50
BTC,1786139451007,0.0,2026-08-07 21:50
BTC,1786139451007,0.0,2026-08-07 21:50
BTC,1786139451007,0.0,2026-08-07 21:50
BTC,1786139451007,0.0,2026-08-07 21:50
BTC,1786139451007,0.0,2026-08-07 21:50
BTC,1786139451007,0.0,2026-08-07 21:50
BTC,1786139451007,0.0,2026-08-07 21:50
BTC,1786139451007,0.0,2026-08-07 21:50
BTC,1786139451007,0.0,2026-08-07 21:50
BTC,1786139451007,0.0,2026-08-07 21:50
BTC,1786139451007,0.0,2026-08-07 21:50
BTC,1786139451007,0.0,2026-08-07 21:50
BTC,1786139451007,0.0,2026-08-07 21:50
BTC,1786139451007,0.0,2026-08-07 21:50
BTC,1786139451007,0.0,2026-08-07 21:50
BTC,1786139451007,0.0,2026-08-07 21:50
BTC,1786139451007,0.0,2026-08-07 21:50
BTC,1786139451007,0.0,2026-08-07 21:50
BTC,1786139451007,0.0,2026-08-07 21:50
BTC,1786139451007,0.0,2026-08-07 21:50
BTC,1786139451007,0.0,2026-08-07 21:50
BTC,1786139451007,0.0,2026-08-07 21:50
BTC,1786139451007,0.0,2026-08-07 21:50
BTC,1786139451007,0.0,2026-08-07 21:50
BTC,1786139451007,0.0,2026-08-07 21:50
BTC,1786139451007,0.0,2026-08-07 21:50
BTC,1786139451007,0.0,2026-08-07 21:50
BTC,1786139451007,0.0,2026-08-07 21:50
BTC,1786139451007,0.0,2026-08-07 21:50
BTC,1786139451007,0.0,2026-08-07 21:50
BTC,1786139451007,0.0,2026-08-07 21:50
BTC,1786139451007,0.0,2026-08-07 21:50
BTC,1786139451007,0.0,2026-08-07 21:50
BTC,1786139451007,0.0,2026-08-07 21:50
BTC,1786139451007,0.0,2026-08-07 21:50
BTC,1786139451007,0.0,2026-08-07 21:50
BTC,1786139451007,0.0,2026-08-07 21:50
BTC,1786139451007,0.0,2026-08-07 21:50
BTC,1786139451007,0.0,2026-08-07 21:50
BTC,1786139451007,0.0,2026-08-07 21:50
BTC,1786139451007,0.0,2026-08-07 21:50
BTC,1786139451007,0.0,2026-08-07 21:50
BTC,1786139451007,0.0,2026-08-07 21:50
BTC,1786139451007,0.0,2026-08-07 21:50
BTC,1786139451007,0.0,2026-08-07 21:50
BTC,1786139451007,0.0,2026-08-07 21:50
BTC,1786139451007,0.0,2026-08-07 21:50
BTC,1786139451007,0.0,2026-08-07 21:50
BTC,1786139451007,0.0,2026-08-07 21:50
BTC,1786139451007,0.0,2026-08-07 21:50
BTC,1786139451007,0.0,2026-08-07 21:50
BTC,1786139451007,0.0,2026-08-07 21:50
BTC,1786139451007,1e-06,2026-08-07 21:50
BTC,1786139451007,1e-06,2026-08-07 21:50
BTC,1786139451007,2e-06,2026-08-07 21:50
BTC,1786139451007,3e-06,2026-08-07 21:50
BTC,1786139451007,3e-06,2026-08-07 21:50
BTC,1786139451007,4e-06,2026-08-07 21:50
BTC,1786139451007,6e-06,2026-08-07 21:50
BTC,1786139451007,6e-06,2026-08-07 21:50
BTC,1786139451007,6e-06,2026-08-07 21:50
BTC,1786139451007,7e-06,2026-08-07 21:50
BTC,1786139451007,9e-06,2026-08-07 21:50
BTC,1786139451007,9e-06,2026-08-07 21:50
BTC,1786139451007,1.4e-05,2026-08-07 21:50
BTC,1786139451007,1.4e-05,2026-08-07 21:50
BTC,1786139451007,1.4e-05,2026-08-07 21:50
BTC,1786139451007,1.7e-05,2026-08-07 21:50
BTC,1786139451007,1.8e-05,2026-08-07 21:50
BTC,1786139451007,1.9e-05,2026-08-07 21:50
BTC,1786139451007,1.9e-05,2026-08-07 21:50
BTC,1786139451007,2.3e-05,2026-08-07 21:50
BTC,1786139451007,2.4e-05,2026-08-07 21:50
BTC,1786139451007,2.4e-05,2026-08-07 21:50
BTC,1786139451007,2.6e-05,2026-08-07 21:50
BTC,1786139451007,2.7e-05,2026-08-07 21:50
BTC,1786139451007,2.8e-05,2026-08-07 21:50
BTC,1786139451007,2.9e-05,2026-08-07 21:50
BTC,1786139451007,3.1e-05,2026-08-07 21:50
BTC,1786139451007,3.3e-05,2026-08-07 21:50
BTC,1786139451007,3.7e-05,2026-08-07 21:50
BTC,1786139451007,3.8e-05,2026-08-07 21:50
BTC,1786139451007,3.9e-05,2026-08-07 21:50
BTC,1786139451007,3.9e-05,2026-08-07 21:50
BTC,1786139451007,4.1e-05,2026-08-07 21:50
BTC,1786139451007,4.2e-05,2026-08-07 21:50
BTC,1786139451007,4.3e-05,2026-08-07 21:50
BTC,1786139451007,4.3e-05,2026-08-07 21:50
BTC,1786139451007,4.5e-05,2026-08-07 21:50
BTC,1786139451007,5e-05,2026-08-07 21:50
BTC,1786139451007,5e-05,2026-08-07 21:50
BTC,1786139451007,5e-05,2026-08-07 21:50
BTC,1786139451007,5e-05,2026-08-07 21:50
BTC,1786139451007,5e-05,2026-08-07 21:50
BTC,1786139451007,5e-05,2026-08-07 21:50
BTC,1786139451007,5e-05,2026-08-07 21:50
BTC,1786139451007,5e-05,2026-08-07 21:50
BTC,1786139451007,5e-05,2026-08-07 21:50
BTC,1786139451007,5e-05,2026-08-07 21:50
BTC,1786139451007,5e-05,2026-08-07 21:50
BTC,1786139451007,5e-05,2026-08-07 21:50
BTC,1786139451007,5e-05,2026-08-07 21:50
BTC,1786139451007,5e-05,2026-08-07 21:50
BTC,1786139451007,5e-05,2026-08-07 21:50
BTC,1786139451007,5e-05,2026-08-07 21:50
BTC,1786139451007,5e-05,2026-08-07 21:50
BTC,1786139451007,5e-05,2026-08-07 21:50
BTC,1786139451007,5e-05,2026-08-07 21:50
BTC,1786139451007,5e-05,2026-08-07 21:50
BTC,1786139451007,5e-05,2026-08-07 21:50
BTC,1786139451007,5e-05,2026-08-07 21:50
BTC,1786139451007,5e-05,2026-08-07 21:50
BTC,1786139451007,5e-05,2026-08-07 21:50
BTC,1786139451007,5e-05,2026-08-07 21:50
BTC,1786139451007,5e-05,2026-08-07 21:50
BTC,1786139451007,5e-05,2026-08-07 21:50
BTC,1786139451007,5e-05,2026-08-07 21:50
BTC,1786139451007,5e-05,2026-08-07 21:50
BTC,1786139451007,5e-05,2026-08-07 21:50
BTC,1786139451007,5e-05,2026-08-07 21:50
BTC,1786139451007,5e-05,2026-08-07 21:50
BTC,1786139451007,5e-05,2026-08-07 21:50
BTC,1786139451007,5e-05,2026-08-07 21:50
BTC,1786139451007,5e-05,2026-08-07 21:50
BTC,1786139451007,5e-05,2026-08-07 21:50
BTC,1786139451007,5e-05,2026-08-07 21:50
BTC,1786139451007,5e-05,2026-08-07 21:50
BTC,1786139451007,5e-05,2026-08-07 21:50
BTC,1786139451007,5e-05,2026-08-07 21:50
BTC,1786139451007,5e-05,2026-08-07 21:50
BTC,1786139451007,5e-05,2026-08-07 21:50
BTC,1786139451007,5e-05,2026-08-07 21:50
BTC,1786139451007,5e-05,2026-08-07 21:50
BTC,1786139451007,5e-05,2026-08-07 21:50
BTC,1786139451007,5e-05,2026-08-07 21:50
BTC,1786139451007,5e-05,2026-08-07 21:50
BTC,1786139451007,5e-05,2026-08-07 21:50
BTC,1786139451007,5e-05,2026-08-07 21:50
BTC,1786139451007,5e-05,2026-08-07 21:50
BTC,1786139451007,5e-05,2026-08-07 21:50
BTC,1786139451007,5e-05,2026-08-07 21:50
BTC,1786139451007,5e-05,2026-08-07 21:50
BTC,1786139451007,5e-05,2026-08-07 21:50
BTC,1786139451007,5e-05,2026-08-07 21:50
BTC,1786139451007,5e-05,2026-08-07 21:50
BTC,1786139451007,5e-05,2026-08-07 21:50
BTC,1786139451007,5e-05,2026-08-07 21:50
BTC,1786139451007,5e-05,2026-08-07 21:50
BTC,1786139451007,5e-05,2026-08-07 21:50
BTC,1786139451007,5e-05,2026-08-07 21:50
BTC,1786139451007,5e-05,2026-08-07 21:50
BTC,1786139451007,5e-05,2026-08-07 21:50
BTC,1786139451007,5e-05,2026-08-07 21:50
BTC,1786139451007,5e-05,2026-08-07 21:50
BTC,1786139451007,5e-05,2026-08-07 21:50
BTC,1786139451007,5e-05,2026-08-07 21:50
BTC,1786139451007,5e-05,2026-08-07 21:50
BTC,1786139451007,5e-05,2026-08-07 21:50
BTC,1786139451007,5e-05,2026-08-07 21:50
BTC,1786139451007,5e-05,2026-08-07 21:50
BTC,1786139451007,5e-05,2026-08-07 21:50
BTC,1786139451007,5e-05,2026-08-07 21:50
BTC,1786139451007,5e-05,2026-08-07 21:50
BTC,1786139451007,5e-05,2026-08-07 21:50
BTC,1786139451007,5e-05,2026-08-07 21:50
BTC,1786139451007,5e-05,2026-08-07 21:50
BTC,1786139451007,5e-05,2026-08-07 21:50
BTC,1786139451007,5e-05,2026-08-07 21:50
BTC,1786139451007,5e-05,2026-08-07 21:50
BTC,1786139451007,5e-05,2026-08-07 21:50
BTC,1786139451007,5e-05,2026-08-07 21:50
BTC,1786139451007,5e-05,2026-08-07 21:50
BTC,1786139451007,5e-05,2026-08-07 21:50
BTC,1786139451007,5e-05,2026-08-07 21:50
BTC,1786139451007,5e-05,2026-08-07 21:50
BTC,1786139451007,5e-05,2026-08-07 21:50
BTC,1786139451007,5e-05,2026-08-07 21:50
BTC,1786139451007,5e-05,2026-08-07 21:50
BTC,1786139451007,5e-05,2026-08-07 21:50
BTC,1786139451007,5e-05,2026-08-07 21:50
BTC,1786139451007,5e-05,2026-08-07 21:50
BTC,1786139451007,5e-05,2026-08-07 21:50
BTC,1786139451007,5e-05,2026-08-07 21:50
BTC,1786139451007,5e-05,2026-08-07 21:50
BTC,1786139451007,5e-05,2026-08-07 21:50
BTC,1786139451007,5e-05,2026-08-07 21:50
BTC,1786139451007,5e-05,2026-08-07 21:50
BTC,1786139451007,5e-05,2026-08-07 21:50
BTC,1786139451007,5e-05,2026-08-07 21:50
BTC,1786139451007,5e-05,2026-08-07 21:50
BTC,1786139451007,5e-05,2026-08-07 21:50
BTC,1786139451007,5e-05,2026-08-07 21:50
BTC,1786139451007,5e-05,2026-08-07 21:50
BTC,1786139451007,5e-05,2026-08-07 21:50
BTC,1786139451007,5e-05,2026-08-07 21:50
BTC,1786139451007,5e-05,2026-08-07 21:50
BTC,1786139451007,5e-05,2026-08-07 21:50
BTC,1786139451007,5e-05,2026-08-07 21:50
BTC,1786139451007,5e-05,2026-08-07 21:50
BTC,1786139451007,5e-05,2026-08-07 21:50
BTC,1786139451007,5e-05,2026-08-07 21:50
BTC,1786139451007,5e-05,2026-08-07 21:50
BTC,1786139451007,5e-05,2026-08-07 21:50
BTC,1786139451007,5e-05,2026-08-07 21:50
BTC,1786139451007,5e-05,2026-08-07 21:50
BTC,1786139451007,5e-05,2026-08-07 21:50
BTC,1786139451007,5e-05,2026-08-07 21:50
BTC,1786139451007,5e-05,2026-08-07 21:50
BTC,1786139451007,5e-05,2026-08-07 21:50
BTC,1786139451007,5e-05,2026-08-07 21:50
BTC,1786139451007,5e-05,2026-08-07 21:50
BTC,1786139451007,5e-05,2026-08-07 21:50
BTC,1786139451007,5e-05,2026-08-07 21:50
BTC,1786139451007,5e-05,2026-08-07 21:50
BTC,1786139451007,5e-05,2026-08-07 21:50
BTC,1786139451007,5e-05,2026-08-07 21:50
BTC,1786139451007,5e-05,2026-08-07 21:50
BTC,1786139451007,5e-05,2026-08-07 21:50
BTC,1786139451007,5e-05,2026-08-07 21:50
BTC,1786139451007,5e-05,2026-08-07 21:50
BTC,1786139451007,5e-05,2026-08-07 21:50
BTC,1786139451007,5e-05,2026-08-07 21:50
BTC,1786139451007,5e-05,2026-08-07 21:50
BTC,1786139451007,5e-05,2026-08-07 21:50
BTC,1786139451007,5e-05,2026-08-07 21:50
BTC,1786139451007,5e-05,2026-08-07 21:50
BTC,1786139451007,5e-05,2026-08-07 21:50
BTC,1786139451007,5e-05,2026-08-07 21:50
BTC,1786139451007,5e-05,2026-08-07 21:50
BTC,1786139451007,5e-05,2026-08-07 21:50
BTC,1786139451007,5e-05,2026-08-07 21:50
BTC,1786139451007,5e-05,2026-08-07 21:50
BTC,1786139451007,5e-05,2026-08-07 21:50
BTC,1786139451007,5e-05,2026-08-07 21:50
BTC,1786139451007,5e-05,2026-08-07 21:50
BTC,1786139451007,5e-05,2026-08-07 21:50
BTC,1786139451007,5e-05,2026-08-07 21:50
BTC,1786139451007,5e-05,2026-08-07 21:50
BTC,1786139451007,5e-05,2026-08-07 21:50
BTC,1786139451007,5e-05,2026-08-07 21:50
BTC,1786139451007,5e-05,2026-08-07 21:50
BTC,1786139451007,5e-05,2026-08-07 21:50
BTC,1786139451007,5e-05,2026-08-07 21:50
BTC,1786139451007,5e-05,2026-08-07 21:50
BTC,1786139451007,5e-05,2026-08-07 21:50
BTC,1786139451007,5e-05,2026-08-07 21:50
BTC,1786139451007,5e-05,2026-08-07 21:50
BTC,1786139451007,5e-05,2026-08-07 21:50
BTC,1786139451007,5e-05,2026-08-07 21:50
BTC,1786139451007,5e-05,2026-08-07 21:50
BTC,1786139451007,5e-05,2026-08-07 21:50
BTC,1786139451007,5e-05,2026-08-07 21:50
BTC,1786139451007,5e-05,2026-08-07 21:50
BTC,1786139451007,5e-05,2026-08-07 21:50
BTC,1786139451007,5e-05,2026-08-07 21:50
BTC,1786139451007,5e-05,2026-08-07 21:50
BTC,1786139451007,5e-05,2026-08-07 21:50
BTC,1786139451007,5e-05,2026-08-07 21:50
BTC,1786139451007,5e-05,2026-08-07 21:50
BTC,1786139451007,5e-05,2026-08-07 21:50
BTC,1786139451007,5.4e-05,2026-08-07 21:50
BTC,1786139451007,5.5e-05,2026-08-07 21:50
BTC,1786139451007,5.5e-05,2026-08-07 21:50
BTC,1786139451007,6e-05,2026-08-07 21:50
BTC,1786139451007,6.3e-05,2026-08-07 21:50
BTC,1786139451007,6.4e-05,2026-08-07 21:50
BTC,1786139451007,6.6e-05,2026-08-07 21:50
BTC,1786139451007,6.9e-05,2026-08-07 21:50
BTC,1786139451007,6.9e-05,2026-08-07 21:50
BTC,1786139451007,7.5e-05,2026-08-07 21:50
BTC,1786139451007,7.7e-05,2026-08-07 21:50
BTC,1786139451007,8.1e-05,2026-08-07 21:50
BTC,1786139451007,8.6e-05,2026-08-07 21:50
BTC,1786139451007,8.6e-05,2026-08-07 21:50
BTC,1786139451007,8.6e-05,2026-08-07 21:50
BTC,1786139451007,8.7e-05,2026-08-07 21:50
BTC,1786139451007,9.2e-05,2026-08-07 21:50
BTC,1786139451007,9.6e-05,2026-08-07 21:50
BTC,1786139451007,9.9e-05,2026-08-07 21:50
BTC,1786139451007,0.0001,2026-08-07 21:50
BTC,1786139451007,0.0001,2026-08-07 21:50
BTC,1786139451007,0.0001,2026-08-07 21:50
BTC,1786139451007,0.0001,2026-08-07 21:50
BTC,1786139451007,0.0001,2026-08-07 21:50
BTC,1786139451007,0.0001,2026-08-07 21:50
BTC,1786139451007,0.0001,2026-08-07 21:50
BTC,1786139451007,0.0001,2026-08-07 21:50
BTC,1786139451007,0.0001,2026-08-07 21:50
BTC,1786139451007,0.0001,2026-08-07 21:50
BTC,1786139451007,0.0001,2026-08-07 21:50
BTC,1786139451007,0.0001,2026-08-07 21:50
BTC,1786139451007,0.0001,2026-08-07 21:50
BTC,1786139451007,0.0001,2026-08-07 21:50
BTC,1786139451007,0.0001,2026-08-07 21:50
BTC,1786139451007,0.0001,2026-08-07 21:50
BTC,1786139451007,0.0001,2026-08-07 21:50
BTC,1786139451007,0.0001,2026-08-07 21:50
BTC,1786139451007,0.0001,2026-08-07 21:50
BTC,1786139451007,0.0001,2026-08-07 21:50
BTC,1786139451007,0.0001,2026-08-07 21:50
BTC,1786139451007,0.0001,2026-08-07 21:50
BTC,1786139451007,0.0001,2026-08-07 21:50
BTC,1786139451007,0.0001,2026-08-07 21:50
BTC,1786139451007,0.0001,2026-08-07 21:50
BTC,1786139451007,0.0001,2026-08-07 21:50
BTC,1786139451007,0.0001,2026-08-07 21:50
BTC,1786139451007,0.0001,2026-08-07 21:50
BTC,1786139451007,0.0001,2026-08-07 21:50
BTC,1786139451007,0.0001,2026-08-07 21:50
BTC,1786139451007,0.0001,2026-08-07 21:50
BTC,1786139451007,0.0001,2026-08-07 21:50
BTC,1786139451007,0.0001,2026-08-07 21:50
BTC,1786139451007,0.0001,2026-08-07 21:50
BTC,1786139451007,0.0001,2026-08-07 21:50
BTC,1786139451007,0.0001,2026-08-07 21:50
BTC,1786139451007,0.0001,2026-08-07 21:50
BTC,1786139451007,0.0001,2026-08-07 21:50
BTC,1786139451007,0.0001,2026-08-07 21:50
BTC,1786139451007,0.0001,2026-08-07 21:50
BTC,1786139451007,0.0001,2026-08-07 21:50
BTC,1786139451007,0.0001,2026-08-07 21:50
BTC,1786139451007,0.000101,2026-08-07 21:50
BTC,1786139451007,0.000111,2026-08-07 21:50
BTC,1786139451007,0.000113,2026-08-07 21:50
BTC,1786139451007,0.000113,2026-08-07 21:50
BTC,1786139451007,0.000115,2026-08-07 21:50
BTC,1786139451007,0.000116,2026-08-07 21:50
BTC,1786139451007,0.000116,2026-08-07 21:50
BTC,1786139451007,0.00012,2026-08-07 21:50
BTC,1786139451007,0.000122,2026-08-07 21:50
BTC,1786139451007,0.000126,2026-08-07 21:50
BTC,1786139451007,0.000129,2026-08-07 21:50
BTC,1786139451007,0.000134,2026-08-07 21:50
BTC,1786139451007,0.000134,2026-08-07 21:50
BTC,1786139451007,0.000134,2026-08-07 21:50
BTC,1786139451007,0.000134,2026-08-07 21:50
BTC,1786139451007,0.000135,2026-08-07 21:50
BTC,1786139451007,0.000136,2026-08-07 21:50
BTC,1786139451007,0.000136,2026-08-07 21:50
BTC,1786139451007,0.000136,2026-08-07 21:50
BTC,1786139451007,0.000139,2026-08-07 21:50
BTC,1786139451007,0.000141,2026-08-07 21:50
BTC,1786139451007,0.000142,2026-08-07 21:50
BTC,1786139451007,0.000147,2026-08-07 21:50
BTC,1786139451007,0.000148,2026-08-07 21:50
BTC,1786139451007,0.000148,2026-08-07 21:50
BTC,1786139451007,0.00015,2026-08-07 21:50
BTC,1786139451007,0.000156,2026-08-07 21:50
BTC,1786139451007,0.000177,2026-08-07 21:50
BTC,1786139451007,0.000188,2026-08-07 21:50
BTC,1786139451007,0.000197,2026-08-07 21:50
BTC,1786139451007,0.0002,2026-08-07 21:50
BTC,1786139451007,0.0002,2026-08-07 21:50
BTC,1786139451007,0.0002,2026-08-07 21:50
BTC,1786139451007,0.0002,2026-08-07 21:50
BTC,1786139451007,0.0002,2026-08-07 21:50
BTC,1786139451007,0.0002,2026-08-07 21:50
BTC,1786139451007,0.0002,2026-08-07 21:50
BTC,1786139451007,0.0002,2026-08-07 21:50
BTC,1786139451007,0.0002,2026-08-07 21:50
BTC,1786139451007,0.0002,2026-08-07 21:50
BTC,1786139451007,0.0002,2026-08-07 21:50
BTC,1786139451007,0.0002,2026-08-07 21:50
BTC,1786139451007,0.0002,2026-08-07 21:50
BTC,1786139451007,0.0002,2026-08-07 21:50
BTC,1786139451007,0.0002,2026-08-07 21:50
BTC,1786139451007,0.0002,2026-08-07 21:50
BTC,1786139451007,0.0002,2026-08-07 21:50
BTC,1786139451007,0.0002,2026-08-07 21:50
BTC,1786139451007,0.0002,2026-08-07 21:50
BTC,1786139451007,0.0002,2026-08-07 21:50
BTC,1786139451007,0.0002,2026-08-07 21:50
BTC,1786139451007,0.0002,2026-08-07 21:50
BTC,1786139451007,0.0002,2026-08-07 21:50
BTC,1786139451007,0.0002,2026-08-07 21:50
BTC,1786139451007,0.0002,2026-08-07 21:50
BTC,1786139451007,0.0002,2026-08-07 21:50
BTC,1786139451007,0.0002,2026-08-07 21:50
BTC,1786139451007,0.0002,2026-08-07 21:50
BTC,1786139451007,0.0002,2026-08-07 21:50
BTC,1786139451007,0.0002,2026-08-07 21:50
BTC,1786139451007,0.0002,2026-08-07 21:50
BTC,1786139451007,0.0002,2026-08-07 21:50
BTC,1786139451007,0.0002,2026-08-07 21:50
BTC,1786139451007,0.0002,2026-08-07 21:50
BTC,1786139451007,0.0002,2026-08-07 21:50
BTC,1786139451007,0.0002,2026-08-07 21:50
BTC,1786139451007,0.000209,2026-08-07 21:50
BTC,1786139451007,0.000214,2026-08-07 21:50
BTC,1786139451007,0.000215,2026-08-07 21:50
BTC,1786139451007,0.000227,2026-08-07 21:50
BTC,1786139451007,0.000228,2026-08-07 21:50
BTC,1786139451007,0.000228,2026-08-07 21:50
BTC,1786139451007,0.000236,2026-08-07 21:50
BTC,1786139451007,0.000278,2026-08-07 21:50
BTC,1786139451007,0.000288,2026-08-07 21:50
BTC,1786139451007,0.000299,2026-08-07 21:50
BTC,1786139451007,0.0003,2026-08-07 21:50
BTC,1786139451007,0.000301,2026-08-07 21:50
BTC,1786139451007,0.000308,2026-08-07 21:50
BTC,1786139451007,0.000313,2026-08-07 21:50
BTC,1786139451007,0.000334,2026-08-07 21:50
BTC,1786139451007,0.000358,2026-08-07 21:50
BTC,1786139451007,0.00039,2026-08-07 21:50
BTC,1786139451007,0.000532,2026-08-07 21:50
BTC,1786139451007,0.000633,2026-08-07 21:50
BTC,1786139451007,0.000723,2026-08-07 21:50
BTC,1786139451007,0.00319,2026-08-07 21:50
BTC,1786139451008,-0.001363,2026-08-07 21:50
BTC,1786139451008,-0.000485,2026-08-07 21:50
BTC,1786139451008,-0.0002,2026-08-07 21:50
BTC,1786139451008,-0.0002,2026-08-07 21:50
BTC,1786139451008,-0.000137,2026-08-07 21:50
BTC,1786139451008,-0.000129,2026-08-07 21:50
BTC,1786139451008,-0.000124,2026-08-07 21:50
BTC,1786139451008,-0.000124,2026-08-07 21:50
BTC,1786139451008,-0.000121,2026-08-07 21:50
BTC,1786139451008,-0.000117,2026-08-07 21:50
BTC,1786139451008,-0.000104,2026-08-07 21:50
BTC,1786139451008,-6.6e-05,2026-08-07 21:50
BTC,1786139451008,-5.2e-05,2026-08-07 21:50
BTC,1786139451008,-1.9e-05,2026-08-07 21:50
BTC,1786139451008,-1.7e-05,2026-08-07 21:50
BTC,1786139451008,-1.4e-05,2026-08-07 21:50
BTC,1786139451008,-1.4e-05,2026-08-07 21:50
BTC,1786139451008,0.0,2026-08-07 21:50
BTC,1786139451008,0.0,2026-08-07 21:50
BTC,1786139451008,0.0,2026-08-07 21:50
BTC,1786139451008,0.0,2026-08-07 21:50
BTC,1786139451008,5e-06,2026-08-07 21:50
BTC,1786139451008,5e-06,2026-08-07 21:50
BTC,1786139451008,6e-06,2026-08-07 21:50
BTC,1786139451008,6e-06,2026-08-07 21:50
BTC,1786139451008,1.3e-05,2026-08-07 21:50
BTC,1786139451008,3.2e-05,2026-08-07 21:50
BTC,1786139451008,3.4e-05,2026-08-07 21:50
BTC,1786139451008,4.6e-05,2026-08-07 21:50
BTC,1786139451008,5e-05,2026-08-07 21:50
BTC,1786139451008,5e-05,2026-08-07 21:50
BTC,1786139451008,5e-05,2026-08-07 21:50
BTC,1786139451008,5e-05,2026-08-07 21:50
BTC,1786139451008,5e-05,2026-08-07 21:50
BTC,1786139451008,5e-05,2026-08-07 21:50
BTC,1786139451008,5e-05,2026-08-07 21:50
BTC,1786139451008,5e-05,2026-08-07 21:50
BTC,1786139451008,5.2e-05,2026-08-07 21:50
BTC,1786139451008,5.7e-05,2026-08-07 21:50
BTC,1786139451008,6.8e-05,2026-08-07 21:50
BTC,1786139451008,6.9e-05,2026-08-07 21:50
BTC,1786139451008,7.7e-05,2026-08-07 21:50
BTC,1786139451008,7.9e-05,2026-08-07 21:50
BTC,1786139451008,8.3e-05,2026-08-07 21:50
BTC,1786139451008,8.3e-05,2026-08-07 21:50
BTC,1786139451008,9.1e-05,2026-08-07 21:50
BTC,1786139451008,9.6e-05,2026-08-07 21:50
BTC,1786139451008,0.0001,2026-08-07 21:50
BTC,1786139451008,0.0001,2026-08-07 21:50
BTC,1786139451008,0.0001,2026-08-07 21:50
BTC,1786139451008,0.0001,2026-08-07 21:50
BTC,1786139451008,0.0001,2026-08-07 21:50
BTC,1786139451008,0.0001,2026-08-07 21:50
BTC,1786139451008,0.0001,2026-08-07 21:50
BTC,1786139451008,0.0001,2026-08-07 21:50
BTC,1786139451008,0.000124,2026-08-07 21:50
BTC,1786139451008,0.00013,2026-08-07 21:50
BTC,1786139451008,0.0002,2026-08-07 21:50
BTC,1786139451008,0.0002,2026-08-07 21:50
BTC,1786139451008,0.0002,2026-08-07 21:50
SOL,1786139453238,-0.021335,2026-08-07 21:50
SOL,1786139453238,-0.003711,2026-08-07 21:50
SOL,1786139453238,-0.001467,2026-08-07 21:50
SOL,1786139453238,-0.001363,2026-08-07 21:50
SOL,1786139453238,-0.001128,2026-08-07 21:50
SOL,1786139453238,-0.001105,2026-08-07 21:50
SOL,1786139453238,-0.001053,2026-08-07 21:50
SOL,1786139453238,-0.000999,2026-08-07 21:50
SOL,1786139453238,-0.000793,2026-08-07 21:50
SOL,1786139453238,-0.000714,2026-08-07 21:50
SOL,1786139453238,-0.000706,2026-08-07 21:50
SOL,1786139453238,-0.000682,2026-08-07 21:50
SOL,1786139453238,-0.00056,2026-08-07 21:50
SOL,1786139453238,-0.000443,2026-08-07 21:50
SOL,1786139453238,-0.000365,2026-08-07 21:50
SOL,1786139453238,-0.000345,2026-08-07 21:50
SOL,1786139453238,-0.000341,2026-08-07 21:50
SOL,1786139453238,-0.000338,2026-08-07 21:50
SOL,1786139453238,-0.000327,2026-08-07 21:50
SOL,1786139453238,-0.000285,2026-08-07 21:50
SOL,1786139453238,-0.000262,2026-08-07 21:50
SOL,1786139453238,-0.000257,2026-08-07 21:50
SOL,1786139453238,-0.000236,2026-08-07 21:50
SOL,1786139453238,-0.000232,2026-08-07 21:50
SOL,1786139453238,-0.000214,2026-08-07 21:50
SOL,1786139453238,-0.0002,2026-08-07 21:50
SOL,1786139453238,-0.0002,2026-08-07 21:50
SOL,1786139453238,-0.0002,2026-08-07 21:50
SOL,1786139453238,-0.0002,2026-08-07 21:50
SOL,1786139453238,-0.0002,2026-08-07 21:50
SOL,1786139453238,-0.00019,2026-08-07 21:50
SOL,1786139453238,-0.000186,2026-08-07 21:50
SOL,1786139453238,-0.000162,2026-08-07 21:50
SOL,1786139453238,-0.000162,2026-08-07 21:50
SOL,1786139453238,-0.000146,2026-08-07 21:50
SOL,1786139453238,-0.000143,2026-08-07 21:50
SOL,1786139453238,-0.000142,2026-08-07 21:50
SOL,1786139453238,-0.000137,2026-08-07 21:50
SOL,1786139453238,-0.000133,2026-08-07 21:50
SOL,1786139453238,-0.000132,2026-08-07 21:50
SOL,1786139453238,-0.000124,2026-08-07 21:50
SOL,1786139453238,-0.00012,2026-08-07 21:50
SOL,1786139453238,-0.00011,2026-08-07 21:50
SOL,1786139453238,-0.000108,2026-08-07 21:50
SOL,1786139453238,-0.000105,2026-08-07 21:50
SOL,1786139453238,-9.4e-05,2026-08-07 21:50
SOL,1786139453238,-8.4e-05,2026-08-07 21:50
SOL,1786139453238,-8e-05,2026-08-07 21:50
SOL,1786139453238,-7e-05,2026-08-07 21:50
SOL,1786139453238,-5.6e-05,2026-08-07 21:50
SOL,1786139453238,-5.4e-05,2026-08-07 21:50
SOL,1786139453238,-5.2e-05,2026-08-07 21:50
SOL,1786139453238,-5e-05,2026-08-07 21:50
SOL,1786139453238,-4.8e-05,2026-08-07 21:50
SOL,1786139453238,-4.8e-05,2026-08-07 21:50
SOL,1786139453238,-4.6e-05,2026-08-07 21:50
SOL,1786139453238,-3.1e-05,2026-08-07 21:50
SOL,1786139453238,-3e-05,2026-08-07 21:50
SOL,1786139453238,-2.2e-05,2026-08-07 21:50
SOL,1786139453238,-1.9e-05,2026-08-07 21:50
SOL,1786139453238,-1.8e-05,2026-08-07 21:50
SOL,1786139453238,-1.5e-05,2026-08-07 21:50
SOL,1786139453238,-1.4e-05,2026-08-07 21:50
SOL,1786139453238,-1.3e-05,2026-08-07 21:50
SOL,1786139453238,-1.3e-05,2026-08-07 21:50
SOL,1786139453238,-1e-05,2026-08-07 21:50
SOL,1786139453238,-9e-06,2026-08-07 21:50
SOL,1786139453238,-7e-06,2026-08-07 21:50
SOL,1786139453238,-6e-06,2026-08-07 21:50
SOL,1786139453238,-6e-06,2026-08-07 21:50
SOL,1786139453238,-2e-06,2026-08-07 21:50
SOL,1786139453238,-2e-06,2026-08-07 21:50
SOL,1786139453238,0.0,2026-08-07 21:50
SOL,1786139453238,0.0,2026-08-07 21:50
SOL,1786139453238,0.0,2026-08-07 21:50
SOL,1786139453238,0.0,2026-08-07 21:50
SOL,1786139453238,0.0,2026-08-07 21:50
SOL,1786139453238,0.0,2026-08-07 21:50
SOL,1786139453238,0.0,2026-08-07 21:50
SOL,1786139453238,0.0,2026-08-07 21:50
SOL,1786139453238,0.0,2026-08-07 21:50
SOL,1786139453238,0.0,2026-08-07 21:50
SOL,1786139453238,0.0,2026-08-07 21:50
SOL,1786139453238,0.0,2026-08-07 21:50
SOL,1786139453238,0.0,2026-08-07 21:50
SOL,1786139453238,0.0,2026-08-07 21:50
SOL,1786139453238,0.0,2026-08-07 21:50
SOL,1786139453238,0.0,2026-08-07 21:50
SOL,1786139453238,0.0,2026-08-07 21:50
SOL,1786139453238,0.0,2026-08-07 21:50
SOL,1786139453238,0.0,2026-08-07 21:50
SOL,1786139453238,0.0,2026-08-07 21:50
SOL,1786139453238,0.0,2026-08-07 21:50
SOL,1786139453238,0.0,2026-08-07 21:50
SOL,1786139453238,0.0,2026-08-07 21:50
SOL,1786139453238,0.0,2026-08-07 21:50
SOL,1786139453238,0.0,2026-08-07 21:50
SOL,1786139453238,0.0,2026-08-07 21:50
SOL,1786139453238,0.0,2026-08-07 21:50
SOL,1786139453238,0.0,2026-08-07 21:50
SOL,1786139453238,0.0,2026-08-07 21:50
SOL,1786139453238,0.0,2026-08-07 21:50
SOL,1786139453238,0.0,2026-08-07 21:50
SOL,1786139453238,0.0,2026-08-07 21:50
SOL,1786139453238,0.0,2026-08-07 21:50
SOL,1786139453238,1e-06,2026-08-07 21:50
SOL,1786139453238,2e-06,2026-08-07 21:50
SOL,1786139453238,3e-06,2026-08-07 21:50
SOL,1786139453238,5e-06,2026-08-07 21:50
SOL,1786139453238,5e-06,2026-08-07 21:50
SOL,1786139453238,6e-06,2026-08-07 21:50
SOL,1786139453238,6e-06,2026-08-07 21:50
SOL,1786139453238,6e-06,2026-08-07 21:50
SOL,1786139453238,6e-06,2026-08-07 21:50
SOL,1786139453238,9e-06,2026-08-07 21:50
SOL,1786139453238,1e-05,2026-08-07 21:50
SOL,1786139453238,1.2e-05,2026-08-07 21:50
SOL,1786139453238,1.7e-05,2026-08-07 21:50
SOL,1786139453238,1.8e-05,2026-08-07 21:50
SOL,1786139453238,1.9e-05,2026-08-07 21:50
SOL,1786139453238,2.1e-05,2026-08-07 21:50
SOL,1786139453238,2.5e-05,2026-08-07 21:50
SOL,1786139453238,2.8e-05,2026-08-07 21:50
SOL,1786139453238,2.8e-05,2026-08-07 21:50
SOL,1786139453238,3.2e-05,2026-08-07 21:50
SOL,1786139453238,3.2e-05,2026-08-07 21:50
SOL,1786139453238,3.4e-05,2026-08-07 21:50
SOL,1786139453238,3.5e-05,2026-08-07 21:50
SOL,1786139453238,4.4e-05,2026-08-07 21:50
SOL,1786139453238,5e-05,2026-08-07 21:50
SOL,1786139453238,5e-05,2026-08-07 21:50
SOL,1786139453238,5e-05,2026-08-07 21:50
SOL,1786139453238,5e-05,2026-08-07 21:50
SOL,1786139453238,5e-05,2026-08-07 21:50
SOL,1786139453238,5e-05,2026-08-07 21:50
SOL,1786139453238,5e-05,2026-08-07 21:50
SOL,1786139453238,5e-05,2026-08-07 21:50
SOL,1786139453238,5e-05,2026-08-07 21:50
SOL,1786139453238,5e-05,2026-08-07 21:50
SOL,1786139453238,5e-05,2026-08-07 21:50
SOL,1786139453238,5e-05,2026-08-07 21:50
SOL,1786139453238,5e-05,2026-08-07 21:50
SOL,1786139453238,5e-05,2026-08-07 21:50
SOL,1786139453238,5e-05,2026-08-07 21:50
SOL,1786139453238,5e-05,2026-08-07 21:50
SOL,1786139453238,5e-05,2026-08-07 21:50
SOL,1786139453238,5e-05,2026-08-07 21:50
SOL,1786139453238,5e-05,2026-08-07 21:50
SOL,1786139453238,5e-05,2026-08-07 21:50
SOL,1786139453238,5e-05,2026-08-07 21:50
SOL,1786139453238,5e-05,2026-08-07 21:50
SOL,1786139453238,5e-05,2026-08-07 21:50
SOL,1786139453238,5e-05,2026-08-07 21:50
SOL,1786139453238,5e-05,2026-08-07 21:50
SOL,1786139453238,5e-05,2026-08-07 21:50
SOL,1786139453238,5e-05,2026-08-07 21:50
SOL,1786139453238,5e-05,2026-08-07 21:50
SOL,1786139453238,5e-05,2026-08-07 21:50
SOL,1786139453238,5e-05,2026-08-07 21:50
SOL,1786139453238,5e-05,2026-08-07 21:50
SOL,1786139453238,5e-05,2026-08-07 21:50
SOL,1786139453238,5e-05,2026-08-07 21:50
SOL,1786139453238,5e-05,2026-08-07 21:50
SOL,1786139453238,5e-05,2026-08-07 21:50
SOL,1786139453238,5e-05,2026-08-07 21:50
SOL,1786139453238,5e-05,2026-08-07 21:50
SOL,1786139453238,5e-05,2026-08-07 21:50
SOL,1786139453238,5e-05,2026-08-07 21:50
SOL,1786139453238,5e-05,2026-08-07 21:50
SOL,1786139453238,5e-05,2026-08-07 21:50
SOL,1786139453238,5e-05,2026-08-07 21:50
SOL,1786139453238,5e-05,2026-08-07 21:50
SOL,1786139453238,5e-05,2026-08-07 21:50
SOL,1786139453238,5e-05,2026-08-07 21:50
SOL,1786139453238,5e-05,2026-08-07 21:50
SOL,1786139453238,5e-05,2026-08-07 21:50
SOL,1786139453238,5e-05,2026-08-07 21:50
SOL,1786139453238,5e-05,2026-08-07 21:50
SOL,1786139453238,5e-05,2026-08-07 21:50
SOL,1786139453238,5e-05,2026-08-07 21:50
SOL,1786139453238,5e-05,2026-08-07 21:50
SOL,1786139453238,5e-05,2026-08-07 21:50
SOL,1786139453238,5e-05,2026-08-07 21:50
SOL,1786139453238,5e-05,2026-08-07 21:50
SOL,1786139453238,5e-05,2026-08-07 21:50
SOL,1786139453238,5e-05,2026-08-07 21:50
SOL,1786139453238,5e-05,2026-08-07 21:50
SOL,1786139453238,5e-05,2026-08-07 21:50
SOL,1786139453238,5e-05,2026-08-07 21:50
SOL,1786139453238,5e-05,2026-08-07 21:50
SOL,1786139453238,5e-05,2026-08-07 21:50
SOL,1786139453238,5e-05,2026-08-07 21:50
SOL,1786139453238,5.1e-05,2026-08-07 21:50
SOL,1786139453238,5.6e-05,2026-08-07 21:50
SOL,1786139453238,5.7e-05,2026-08-07 21:50
SOL,1786139453238,5.7e-05,2026-08-07 21:50
SOL,1786139453238,6.5e-05,2026-08-07 21:50
SOL,1786139453238,6.5e-05,2026-08-07 21:50
SOL,1786139453238,6.9e-05,2026-08-07 21:50
SOL,1786139453238,6.9e-05,2026-08-07 21:50
SOL,1786139453238,7.1e-05,2026-08-07 21:50
SOL,1786139453238,7.2e-05,2026-08-07 21:50
SOL,1786139453238,7.4e-05,2026-08-07 21:50
SOL,1786139453238,7.5e-05,2026-08-07 21:50
SOL,1786139453238,7.9e-05,2026-08-07 21:50
SOL,1786139453238,8.3e-05,2026-08-07 21:50
SOL,1786139453238,8.6e-05,2026-08-07 21:50
SOL,1786139453238,9.3e-05,2026-08-07 21:50
SOL,1786139453238,9.7e-05,2026-08-07 21:50
SOL,1786139453238,9.9e-05,2026-08-07 21:50
SOL,1786139453238,0.0001,2026-08-07 21:50
SOL,1786139453238,0.0001,2026-08-07 21:50
SOL,1786139453238,0.0001,2026-08-07 21:50
SOL,1786139453238,0.0001,2026-08-07 21:50
SOL,1786139453238,0.0001,2026-08-07 21:50
SOL,1786139453238,0.0001,2026-08-07 21:50
SOL,1786139453238,0.0001,2026-08-07 21:50
SOL,1786139453238,0.0001,2026-08-07 21:50
SOL,1786139453238,0.0001,2026-08-07 21:50
SOL,1786139453238,0.0001,2026-08-07 21:50
SOL,1786139453238,0.0001,2026-08-07 21:50
SOL,1786139453238,0.0001,2026-08-07 21:50
SOL,1786139453238,0.0001,2026-08-07 21:50
SOL,1786139453238,0.0001,2026-08-07 21:50
SOL,1786139453238,0.0001,2026-08-07 21:50
SOL,1786139453238,0.000115,2026-08-07 21:50
SOL,1786139453238,0.00012,2026-08-07 21:50
SOL,1786139453238,0.000121,2026-08-07 21:50
SOL,1786139453238,0.00013,2026-08-07 21:50
SOL,1786139453238,0.000131,2026-08-07 21:50
SOL,1786139453238,0.000134,2026-08-07 21:50
SOL,1786139453238,0.000137,2026-08-07 21:50
SOL,1786139453238,0.000149,2026-08-07 21:50
SOL,1786139453238,0.000152,2026-08-07 21:50
SOL,1786139453238,0.000155,2026-08-07 21:50
SOL,1786139453238,0.000192,2026-08-07 21:50
SOL,1786139453238,0.0002,2026-08-07 21:50
SOL,1786139453238,0.0002,2026-08-07 21:50
SOL,1786139453238,0.0002,2026-08-07 21:50
SOL,1786139453238,0.0002,2026-08-07 21:50
SOL,1786139453238,0.0002,2026-08-07 21:50
SOL,1786139453238,0.0002,2026-08-07 21:50
SOL,1786139453238,0.0002,2026-08-07 21:50
SOL,1786139453238,0.0002,2026-08-07 21:50
SOL,1786139453238,0.0002,2026-08-07 21:50
SOL,1786139453238,0.0002,2026-08-07 21:50
SOL,1786139453238,0.0002,2026-08-07 21:50
SOL,1786139453238,0.0002,2026-08-07 21:50
SOL,1786139453238,0.000202,2026-08-07 21:50
SOL,1786139453238,0.000207,2026-08-07 21:50
SOL,1786139453238,0.00021,2026-08-07 21:50
SOL,1786139453238,0.000228,2026-08-07 21:50
SOL,1786139453238,0.000238,2026-08-07 21:50
SOL,1786139453238,0.000282,2026-08-07 21:50
SOL,1786139453238,0.000295,2026-08-07 21:50
SOL,1786139453238,0.000342,2026-08-07 21:50
SOL,1786139453238,0.000372,2026-08-07 21:50
SOL,1786139453238,0.000434,2026-08-07 21:50
SOL,1786139453238,0.000459,2026-08-07 21:50
SOL,1786139453238,0.000523,2026-08-07 21:50
SOL,1786139453238,0.000582,2026-08-07 21:50
SOL,1786139453238,0.001067,2026-08-07 21:50
SOL,1786139453239,-0.002676,2026-08-07 21:50
SOL,1786139453239,-0.002549,2026-08-07 21:50
SOL,1786139453239,-0.002374,2026-08-07 21:50
SOL,1786139453239,-0.001183,2026-08-07 21:50
SOL,1786139453239,-0.000907,2026-08-07 21:50
SOL,1786139453239,-0.000665,2026-08-07 21:50
SOL,1786139453239,-0.00056,2026-08-07 21:50
SOL,1786139453239,-0.000496,2026-08-07 21:50
SOL,1786139453239,-0.000439,2026-08-07 21:50
SOL,1786139453239,-0.000434,2026-08-07 21:50
SOL,1786139453239,-0.000413,2026-08-07 21:50
SOL,1786139453239,-0.000383,2026-08-07 21:50
SOL,1786139453239,-0.000345,2026-08-07 21:50
SOL,1786139453239,-0.000343,2026-08-07 21:50
SOL,1786139453239,-0.000301,2026-08-07 21:50
SOL,1786139453239,-0.000298,2026-08-07 21:50
SOL,1786139453239,-0.000277,2026-08-07 21:50
SOL,1786139453239,-0.000238,2026-08-07 21:50
SOL,1786139453239,-0.000223,2026-08-07 21:50
SOL,1786139453239,-0.000217,2026-08-07 21:50
SOL,1786139453239,-0.000202,2026-08-07 21:50
SOL,1786139453239,-0.0002,2026-08-07 21:50
SOL,1786139453239,-0.0002,2026-08-07 21:50
SOL,1786139453239,-0.0002,2026-08-07 21:50
SOL,1786139453239,-0.0002,2026-08-07 21:50
SOL,1786139453239,-0.0002,2026-08-07 21:50
SOL,1786139453239,-0.0002,2026-08-07 21:50
SOL,1786139453239,-0.0002,2026-08-07 21:50
SOL,1786139453239,-0.0002,2026-08-07 21:50
SOL,1786139453239,-0.0002,2026-08-07 21:50
SOL,1786139453239,-0.000196,2026-08-07 21:50
SOL,1786139453239,-0.00019,2026-08-07 21:50
SOL,1786139453239,-0.000182,2026-08-07 21:50
SOL,1786139453239,-0.000167,2026-08-07 21:50
SOL,1786139453239,-0.000166,2026-08-07 21:50
SOL,1786139453239,-0.00016,2026-08-07 21:50
SOL,1786139453239,-0.000156,2026-08-07 21:50
SOL,1786139453239,-0.000154,2026-08-07 21:50
SOL,1786139453239,-0.000149,2026-08-07 21:50
SOL,1786139453239,-0.000148,2026-08-07 21:50
SOL,1786139453239,-0.000148,2026-08-07 21:50
SOL,1786139453239,-0.000147,2026-08-07 21:50
SOL,1786139453239,-0.000146,2026-08-07 21:50
SOL,1786139453239,-0.000145,2026-08-07 21:50
SOL,1786139453239,-0.000145,2026-08-07 21:50
SOL,1786139453239,-0.000144,2026-08-07 21:50
SOL,1786139453239,-0.000144,2026-08-07 21:50
SOL,1786139453239,-0.000144,2026-08-07 21:50
SOL,1786139453239,-0.000141,2026-08-07 21:50
SOL,1786139453239,-0.000141,2026-08-07 21:50
SOL,1786139453239,-0.000141,2026-08-07 21:50
SOL,1786139453239,-0.000141,2026-08-07 21:50
SOL,1786139453239,-0.00014,2026-08-07 21:50
SOL,1786139453239,-0.00014,2026-08-07 21:50
SOL,1786139453239,-0.00014,2026-08-07 21:50
SOL,1786139453239,-0.000139,2026-08-07 21:50
SOL,1786139453239,-0.000138,2026-08-07 21:50
SOL,1786139453239,-0.000137,2026-08-07 21:50
SOL,1786139453239,-0.000136,2026-08-07 21:50
SOL,1786139453239,-0.000136,2026-08-07 21:50
SOL,1786139453239,-0.000136,2026-08-07 21:50
SOL,1786139453239,-0.000134,2026-08-07 21:50
SOL,1786139453239,-0.000133,2026-08-07 21:50
SOL,1786139453239,-0.000133,2026-08-07 21:50
SOL,1786139453239,-0.000132,2026-08-07 21:50
SOL,1786139453239,-0.000132,2026-08-07 21:50
SOL,1786139453239,-0.000132,2026-08-07 21:50
SOL,1786139453239,-0.000132,2026-08-07 21:50
SOL,1786139453239,-0.000131,2026-08-07 21:50
SOL,1786139453239,-0.000131,2026-08-07 21:50
SOL,1786139453239,-0.00013,2026-08-07 21:50
SOL,1786139453239,-0.000129,2026-08-07 21:50
SOL,1786139453239,-0.000129,2026-08-07 21:50
SOL,1786139453239,-0.000128,2026-08-07 21:50
SOL,1786139453239,-0.000128,2026-08-07 21:50
SOL,1786139453239,-0.000127,2026-08-07 21:50
SOL,1786139453239,-0.000127,2026-08-07 21:50
SOL,1786139453239,-0.000127,2026-08-07 21:50
SOL,1786139453239,-0.000126,2026-08-07 21:50
SOL,1786139453239,-0.000121,2026-08-07 21:50
SOL,1786139453239,-0.000121,2026-08-07 21:50
SOL,1786139453239,-0.000121,2026-08-07 21:50
SOL,1786139453239,-0.000117,2026-08-07 21:50
SOL,1786139453239,-0.000117,2026-08-07 21:50
SOL,1786139453239,-0.000115,2026-08-07 21:50
SOL,1786139453239,-0.000114,2026-08-07 21:50
SOL,1786139453239,-0.000113,2026-08-07 21:50
SOL,1786139453239,-0.000111,2026-08-07 21:50
SOL,1786139453239,-0.000109,2026-08-07 21:50
SOL,1786139453239,-0.000109,2026-08-07 21:50
SOL,1786139453239,-0.000107,2026-08-07 21:50
SOL,1786139453239,-0.000102,2026-08-07 21:50
SOL,1786139453239,-0.000101,2026-08-07 21:50
SOL,1786139453239,-9.7e-05,2026-08-07 21:50
SOL,1786139453239,-9.6e-05,2026-08-07 21:50
SOL,1786139453239,-9.4e-05,2026-08-07 21:50
SOL,1786139453239,-9.3e-05,2026-08-07 21:50
SOL,1786139453239,-9.1e-05,2026-08-07 21:50
SOL,1786139453239,-8.9e-05,2026-08-07 21:50
SOL,1786139453239,-8.7e-05,2026-08-07 21:50
SOL,1786139453239,-8.7e-05,2026-08-07 21:50
SOL,1786139453239,-8.5e-05,2026-08-07 21:50
SOL,1786139453239,-8.4e-05,2026-08-07 21:50
SOL,1786139453239,-8.3e-05,2026-08-07 21:50
SOL,1786139453239,-7.8e-05,2026-08-07 21:50
SOL,1786139453239,-7.5e-05,2026-08-07 21:50
SOL,1786139453239,-7.4e-05,2026-08-07 21:50
SOL,1786139453239,-6.5e-05,2026-08-07 21:50
SOL,1786139453239,-6.2e-05,2026-08-07 21:50
SOL,1786139453239,-6.1e-05,2026-08-07 21:50
SOL,1786139453239,-6.1e-05,2026-08-07 21:50
SOL,1786139453239,-5.6e-05,2026-08-07 21:50
SOL,1786139453239,-5.2e-05,2026-08-07 21:50
SOL,1786139453239,-5.2e-05,2026-08-07 21:50
SOL,1786139453239,-4.9e-05,2026-08-07 21:50
SOL,1786139453239,-4.9e-05,2026-08-07 21:50
SOL,1786139453239,-4.6e-05,2026-08-07 21:50
SOL,1786139453239,-4.6e-05,2026-08-07 21:50
SOL,1786139453239,-4.5e-05,2026-08-07 21:50
SOL,1786139453239,-3.3e-05,2026-08-07 21:50
SOL,1786139453239,-3.1e-05,2026-08-07 21:50
SOL,1786139453239,-3.1e-05,2026-08-07 21:50
SOL,1786139453239,-2.9e-05,2026-08-07 21:50
SOL,1786139453239,-2.9e-05,2026-08-07 21:50
SOL,1786139453239,-2.9e-05,2026-08-07 21:50
SOL,1786139453239,-2.8e-05,2026-08-07 21:50
SOL,1786139453239,-2.5e-05,2026-08-07 21:50
SOL,1786139453239,-2.4e-05,2026-08-07 21:50
SOL,1786139453239,-2e-05,2026-08-07 21:50
SOL,1786139453239,-1.7e-05,2026-08-07 21:50
SOL,1786139453239,-1.7e-05,2026-08-07 21:50
SOL,1786139453239,-1.7e-05,2026-08-07 21:50
SOL,1786139453239,-1.5e-05,2026-08-07 21:50
SOL,1786139453239,-1.4e-05,2026-08-07 21:50
SOL,1786139453239,-1.3e-05,2026-08-07 21:50
SOL,1786139453239,-1.3e-05,2026-08-07 21:50
SOL,1786139453239,-1.3e-05,2026-08-07 21:50
SOL,1786139453239,-1.2e-05,2026-08-07 21:50
SOL,1786139453239,-1.2e-05,2026-08-07 21:50
SOL,1786139453239,-1.1e-05,2026-08-07 21:50
SOL,1786139453239,-1e-05,2026-08-07 21:50
SOL,1786139453239,-9e-06,2026-08-07 21:50
SOL,1786139453239,-7e-06,2026-08-07 21:50
SOL,1786139453239,-7e-06,2026-08-07 21:50
SOL,1786139453239,-7e-06,2026-08-07 21:50
SOL,1786139453239,-7e-06,2026-08-07 21:50
SOL,1786139453239,-7e-06,2026-08-07 21:50
SOL,1786139453239,-5e-06,2026-08-07 21:50
SOL,1786139453239,-4e-06,2026-08-07 21:50
SOL,1786139453239,-4e-06,2026-08-07 21:50
SOL,1786139453239,0.0,2026-08-07 21:50
SOL,1786139453239,0.0,2026-08-07 21:50
SOL,1786139453239,0.0,2026-08-07 21:50
SOL,1786139453239,0.0,2026-08-07 21:50
SOL,1786139453239,0.0,2026-08-07 21:50
SOL,1786139453239,0.0,2026-08-07 21:50
SOL,1786139453239,0.0,2026-08-07 21:50
SOL,1786139453239,0.0,2026-08-07 21:50
SOL,1786139453239,0.0,2026-08-07 21:50
SOL,1786139453239,0.0,2026-08-07 21:50
SOL,1786139453239,0.0,2026-08-07 21:50
SOL,1786139453239,0.0,2026-08-07 21:50
SOL,1786139453239,0.0,2026-08-07 21:50
SOL,1786139453239,0.0,2026-08-07 21:50
SOL,1786139453239,0.0,2026-08-07 21:50
SOL,1786139453239,0.0,2026-08-07 21:50
SOL,1786139453239,0.0,2026-08-07 21:50
SOL,1786139453239,0.0,2026-08-07 21:50
SOL,1786139453239,0.0,2026-08-07 21:50
SOL,1786139453239,0.0,2026-08-07 21:50
SOL,1786139453239,0.0,2026-08-07 21:50
SOL,1786139453239,0.0,2026-08-07 21:50
SOL,1786139453239,0.0,2026-08-07 21:50
SOL,1786139453239,0.0,2026-08-07 21:50
SOL,1786139453239,0.0,2026-08-07 21:50
SOL,1786139453239,0.0,2026-08-07 21:50
SOL,1786139453239,0.0,2026-08-07 21:50
SOL,1786139453239,0.0,2026-08-07 21:50
SOL,1786139453239,0.0,2026-08-07 21:50
SOL,1786139453239,0.0,2026-08-07 21:50
SOL,1786139453239,0.0,2026-08-07 21:50
SOL,1786139453239,0.0,2026-08-07 21:50
SOL,1786139453239,0.0,2026-08-07 21:50
SOL,1786139453239,0.0,2026-08-07 21:50
SOL,1786139453239,0.0,2026-08-07 21:50
SOL,1786139453239,0.0,2026-08-07 21:50
SOL,1786139453239,0.0,2026-08-07 21:50
SOL,1786139453239,0.0,2026-08-07 21:50
SOL,1786139453239,0.0,2026-08-07 21:50
SOL,1786139453239,0.0,2026-08-07 21:50
SOL,1786139453239,0.0,2026-08-07 21:50
SOL,1786139453239,0.0,2026-08-07 21:50
SOL,1786139453239,0.0,2026-08-07 21:50
SOL,1786139453239,0.0,2026-08-07 21:50
SOL,1786139453239,0.0,2026-08-07 21:50
SOL,1786139453239,0.0,2026-08-07 21:50
SOL,1786139453239,0.0,2026-08-07 21:50
SOL,1786139453239,0.0,2026-08-07 21:50
SOL,1786139453239,0.0,2026-08-07 21:50
SOL,1786139453239,0.0,2026-08-07 21:50
SOL,1786139453239,0.0,2026-08-07 21:50
SOL,1786139453239,0.0,2026-08-07 21:50
SOL,1786139453239,0.0,2026-08-07 21:50
SOL,1786139453239,0.0,2026-08-07 21:50
SOL,1786139453239,0.0,2026-08-07 21:50
SOL,1786139453239,0.0,2026-08-07 21:50
SOL,1786139453239,0.0,2026-08-07 21:50
SOL,1786139453239,0.0,2026-08-07 21:50
SOL,1786139453239,0.0,2026-08-07 21:50
SOL,1786139453239,0.0,2026-08-07 21:50
SOL,1786139453239,0.0,2026-08-07 21:50
SOL,1786139453239,0.0,2026-08-07 21:50
SOL,1786139453239,0.0,2026-08-07 21:50
SOL,1786139453239,0.0,2026-08-07 21:50
SOL,1786139453239,0.0,2026-08-07 21:50
SOL,1786139453239,0.0,2026-08-07 21:50
SOL,1786139453239,0.0,2026-08-07 21:50
SOL,1786139453239,0.0,2026-08-07 21:50
SOL,1786139453239,0.0,2026-08-07 21:50
SOL,1786139453239,0.0,2026-08-07 21:50
SOL,1786139453239,0.0,2026-08-07 21:50
SOL,1786139453239,0.0,2026-08-07 21:50
SOL,1786139453239,0.0,2026-08-07 21:50
SOL,1786139453239,0.0,2026-08-07 21:50
SOL,1786139453239,0.0,2026-08-07 21:50
SOL,1786139453239,0.0,2026-08-07 21:50
SOL,1786139453239,0.0,2026-08-07 21:50
SOL,1786139453239,0.0,2026-08-07 21:50
SOL,1786139453239,0.0,2026-08-07 21:50
SOL,1786139453239,0.0,2026-08-07 21:50
SOL,1786139453239,0.0,2026-08-07 21:50
SOL,1786139453239,0.0,2026-08-07 21:50
SOL,1786139453239,0.0,2026-08-07 21:50
SOL,1786139453239,0.0,2026-08-07 21:50
SOL,1786139453239,0.0,2026-08-07 21:50
SOL,1786139453239,0.0,2026-08-07 21:50
SOL,1786139453239,0.0,2026-08-07 21:50
SOL,1786139453239,0.0,2026-08-07 21:50
SOL,1786139453239,0.0,2026-08-07 21:50
SOL,1786139453239,0.0,2026-08-07 21:50
SOL,1786139453239,0.0,2026-08-07 21:50
SOL,1786139453239,0.0,2026-08-07 21:50
SOL,1786139453239,0.0,2026-08-07 21:50
SOL,1786139453239,0.0,2026-08-07 21:50
SOL,1786139453239,0.0,2026-08-07 21:50
SOL,1786139453239,0.0,2026-08-07 21:50
SOL,1786139453239,0.0,2026-08-07 21:50
SOL,1786139453239,0.0,2026-08-07 21:50
SOL,1786139453239,0.0,2026-08-07 21:50
SOL,1786139453239,0.0,2026-08-07 21:50
SOL,1786139453239,0.0,2026-08-07 21:50
SOL,1786139453239,0.0,2026-08-07 21:50
SOL,1786139453239,0.0,2026-08-07 21:50
SOL,1786139453239,0.0,2026-08-07 21:50
SOL,1786139453239,0.0,2026-08-07 21:50
SOL,1786139453239,0.0,2026-08-07 21:50
SOL,1786139453239,0.0,2026-08-07 21:50
SOL,1786139453239,0.0,2026-08-07 21:50
SOL,1786139453239,0.0,2026-08-07 21:50
SOL,1786139453239,0.0,2026-08-07 21:50
SOL,1786139453239,0.0,2026-08-07 21:50
SOL,1786139453239,0.0,2026-08-07 21:50
SOL,1786139453239,0.0,2026-08-07 21:50
SOL,1786139453239,0.0,2026-08-07 21:50
SOL,1786139453239,0.0,2026-08-07 21:50
SOL,1786139453239,0.0,2026-08-07 21:50
SOL,1786139453239,0.0,2026-08-07 21:50
SOL,1786139453239,0.0,2026-08-07 21:50
SOL,1786139453239,0.0,2026-08-07 21:50
SOL,1786139453239,0.0,2026-08-07 21:50
SOL,1786139453239,0.0,2026-08-07 21:50
SOL,1786139453239,0.0,2026-08-07 21:50
SOL,1786139453239,0.0,2026-08-07 21:50
SOL,1786139453239,0.0,2026-08-07 21:50
SOL,1786139453239,0.0,2026-08-07 21:50
SOL,1786139453239,0.0,2026-08-07 21:50
SOL,1786139453239,0.0,2026-08-07 21:50
SOL,1786139453239,0.0,2026-08-07 21:50
SOL,1786139453239,0.0,2026-08-07 21:50
SOL,1786139453239,0.0,2026-08-07 21:50
SOL,1786139453239,0.0,2026-08-07 21:50
SOL,1786139453239,0.0,2026-08-07 21:50
SOL,1786139453239,0.0,2026-08-07 21:50
SOL,1786139453239,0.0,2026-08-07 21:50
SOL,1786139453239,0.0,2026-08-07 21:50
SOL,1786139453239,0.0,2026-08-07 21:50
SOL,1786139453239,0.0,2026-08-07 21:50
SOL,1786139453239,0.0,2026-08-07 21:50
SOL,1786139453239,0.0,2026-08-07 21:50
SOL,1786139453239,0.0,2026-08-07 21:50
SOL,1786139453239,0.0,2026-08-07 21:50
SOL,1786139453239,0.0,2026-08-07 21:50
SOL,1786139453239,0.0,2026-08-07 21:50
SOL,1786139453239,0.0,2026-08-07 21:50
SOL,1786139453239,0.0,2026-08-07 21:50
SOL,1786139453239,0.0,2026-08-07 21:50
SOL,1786139453239,0.0,2026-08-07 21:50
SOL,1786139453239,1e-06,2026-08-07 21:50
SOL,1786139453239,1e-06,2026-08-07 21:50
SOL,1786139453239,1e-06,2026-08-07 21:50
SOL,1786139453239,3e-06,2026-08-07 21:50
SOL,1786139453239,3e-06,2026-08-07 21:50
SOL,1786139453239,4e-06,2026-08-07 21:50
SOL,1786139453239,6e-06,2026-08-07 21:50
SOL,1786139453239,6e-06,2026-08-07 21:50
SOL,1786139453239,6e-06,2026-08-07 21:50
SOL,1786139453239,7e-06,2026-08-07 21:50
SOL,1786139453239,9e-06,2026-08-07 21:50
SOL,1786139453239,9e-06,2026-08-07 21:50
SOL,1786139453239,1.4e-05,2026-08-07 21:50
SOL,1786139453239,1.4e-05,2026-08-07 21:50
SOL,1786139453239,1.4e-05,2026-08-07 21:50
SOL,1786139453239,1.4e-05,2026-08-07 21:50
SOL,1786139453239,1.5e-05,2026-08-07 21:50
SOL,1786139453239,1.7e-05,2026-08-07 21:50
SOL,1786139453239,1.8e-05,2026-08-07 21:50
SOL,1786139453239,1.9e-05,2026-08-07 21:50
SOL,1786139453239,1.9e-05,2026-08-07 21:50
SOL,1786139453239,2.3e-05,2026-08-07 21:50
SOL,1786139453239,2.4e-05,2026-08-07 21:50
SOL,1786139453239,2.4e-05,2026-08-07 21:50
SOL,1786139453239,2.4e-05,2026-08-07 21:50
SOL,1786139453239,2.4e-05,2026-08-07 21:50
SOL,1786139453239,2.4e-05,2026-08-07 21:50
SOL,1786139453239,2.6e-05,2026-08-07 21:50
SOL,1786139453239,2.7e-05,2026-08-07 21:50
SOL,1786139453239,2.8e-05,2026-08-07 21:50
SOL,1786139453239,2.9e-05,2026-08-07 21:50
SOL,1786139453239,3e-05,2026-08-07 21:50
SOL,1786139453239,3.1e-05,2026-08-07 21:50
SOL,1786139453239,3.2e-05,2026-08-07 21:50
SOL,1786139453239,3.3e-05,2026-08-07 21:50
SOL,1786139453239,3.6e-05,2026-08-07 21:50
SOL,1786139453239,3.7e-05,2026-08-07 21:50
SOL,1786139453239,3.8e-05,2026-08-07 21:50
SOL,1786139453239,3.9e-05,2026-08-07 21:50
SOL,1786139453239,3.9e-05,2026-08-07 21:50
SOL,1786139453239,4.1e-05,2026-08-07 21:50
SOL,1786139453239,4.2e-05,2026-08-07 21:50
SOL,1786139453239,4.3e-05,2026-08-07 21:50
SOL,1786139453239,4.3e-05,2026-08-07 21:50
SOL,1786139453239,5e-05,2026-08-07 21:50
SOL,1786139453239,5e-05,2026-08-07 21:50
SOL,1786139453239,5e-05,2026-08-07 21:50
SOL,1786139453239,5e-05,2026-08-07 21:50
SOL,1786139453239,5e-05,2026-08-07 21:50
SOL,1786139453239,5e-05,2026-08-07 21:50
SOL,1786139453239,5e-05,2026-08-07 21:50
SOL,1786139453239,5e-05,2026-08-07 21:50
SOL,1786139453239,5e-05,2026-08-07 21:50
SOL,1786139453239,5e-05,2026-08-07 21:50
SOL,1786139453239,5e-05,2026-08-07 21:50
SOL,1786139453239,5e-05,2026-08-07 21:50
SOL,1786139453239,5e-05,2026-08-07 21:50
SOL,1786139453239,5e-05,2026-08-07 21:50
SOL,1786139453239,5e-05,2026-08-07 21:50
SOL,1786139453239,5e-05,2026-08-07 21:50
SOL,1786139453239,5e-05,2026-08-07 21:50
SOL,1786139453239,5e-05,2026-08-07 21:50
SOL,1786139453239,5e-05,2026-08-07 21:50
SOL,1786139453239,5e-05,2026-08-07 21:50
SOL,1786139453239,5e-05,2026-08-07 21:50
SOL,1786139453239,5e-05,2026-08-07 21:50
SOL,1786139453239,5e-05,2026-08-07 21:50
SOL,1786139453239,5e-05,2026-08-07 21:50
SOL,1786139453239,5e-05,2026-08-07 21:50
SOL,1786139453239,5e-05,2026-08-07 21:50
SOL,1786139453239,5e-05,2026-08-07 21:50
SOL,1786139453239,5e-05,2026-08-07 21:50
SOL,1786139453239,5e-05,2026-08-07 21:50
SOL,1786139453239,5e-05,2026-08-07 21:50
SOL,1786139453239,5e-05,2026-08-07 21:50
SOL,1786139453239,5e-05,2026-08-07 21:50
SOL,1786139453239,5e-05,2026-08-07 21:50
SOL,1786139453239,5e-05,2026-08-07 21:50
SOL,1786139453239,5e-05,2026-08-07 21:50
SOL,1786139453239,5e-05,2026-08-07 21:50
SOL,1786139453239,5e-05,2026-08-07 21:50
SOL,1786139453239,5e-05,2026-08-07 21:50
SOL,1786139453239,5e-05,2026-08-07 21:50
SOL,1786139453239,5e-05,2026-08-07 21:50
SOL,1786139453239,5e-05,2026-08-07 21:50
SOL,1786139453239,5e-05,2026-08-07 21:50
SOL,1786139453239,5e-05,2026-08-07 21:50
SOL,1786139453239,5e-05,2026-08-07 21:50
SOL,1786139453239,5e-05,2026-08-07 21:50
SOL,1786139453239,5e-05,2026-08-07 21:50
SOL,1786139453239,5e-05,2026-08-07 21:50
SOL,1786139453239,5e-05,2026-08-07 21:50
SOL,1786139453239,5e-05,2026-08-07 21:50
SOL,1786139453239,5e-05,2026-08-07 21:50
SOL,1786139453239,5e-05,2026-08-07 21:50
SOL,1786139453239,5e-05,2026-08-07 21:50
SOL,1786139453239,5e-05,2026-08-07 21:50
SOL,1786139453239,5e-05,2026-08-07 21:50
SOL,1786139453239,5e-05,2026-08-07 21:50
SOL,1786139453239,5e-05,2026-08-07 21:50
SOL,1786139453239,5e-05,2026-08-07 21:50
SOL,1786139453239,5e-05,2026-08-07 21:50
SOL,1786139453239,5e-05,2026-08-07 21:50
SOL,1786139453239,5e-05,2026-08-07 21:50
SOL,1786139453239,5e-05,2026-08-07 21:50
SOL,1786139453239,5e-05,2026-08-07 21:50
SOL,1786139453239,5e-05,2026-08-07 21:50
SOL,1786139453239,5e-05,2026-08-07 21:50
SOL,1786139453239,5e-05,2026-08-07 21:50
SOL,1786139453239,5e-05,2026-08-07 21:50
SOL,1786139453239,5e-05,2026-08-07 21:50
SOL,1786139453239,5e-05,2026-08-07 21:50
SOL,1786139453239,5e-05,2026-08-07 21:50
SOL,1786139453239,5e-05,2026-08-07 21:50
SOL,1786139453239,5e-05,2026-08-07 21:50
SOL,1786139453239,5e-05,2026-08-07 21:50
SOL,1786139453239,5e-05,2026-08-07 21:50
SOL,1786139453239,5e-05,2026-08-07 21:50
SOL,1786139453239,5e-05,2026-08-07 21:50
SOL,1786139453239,5e-05,2026-08-07 21:50
SOL,1786139453239,5e-05,2026-08-07 21:50
SOL,1786139453239,5e-05,2026-08-07 21:50
SOL,1786139453239,5e-05,2026-08-07 21:50
SOL,1786139453239,5e-05,2026-08-07 21:50
SOL,1786139453239,5e-05,2026-08-07 21:50
SOL,1786139453239,5e-05,2026-08-07 21:50
SOL,1786139453239,5e-05,2026-08-07 21:50
SOL,1786139453239,5e-05,2026-08-07 21:50
SOL,1786139453239,5e-05,2026-08-07 21:50
SOL,1786139453239,5e-05,2026-08-07 21:50
SOL,1786139453239,5e-05,2026-08-07 21:50
SOL,1786139453239,5e-05,2026-08-07 21:50
SOL,1786139453239,5e-05,2026-08-07 21:50
SOL,1786139453239,5e-05,2026-08-07 21:50
SOL,1786139453239,5e-05,2026-08-07 21:50
SOL,1786139453239,5e-05,2026-08-07 21:50
SOL,1786139453239,5e-05,2026-08-07 21:50
SOL,1786139453239,5e-05,2026-08-07 21:50
SOL,1786139453239,5e-05,2026-08-07 21:50
SOL,1786139453239,5e-05,2026-08-07 21:50
SOL,1786139453239,5e-05,2026-08-07 21:50
SOL,1786139453239,5e-05,2026-08-07 21:50
SOL,1786139453239,5e-05,2026-08-07 21:50
SOL,1786139453239,5e-05,2026-08-07 21:50
SOL,1786139453239,5e-05,2026-08-07 21:50
SOL,1786139453239,5e-05,2026-08-07 21:50
SOL,1786139453239,5e-05,2026-08-07 21:50
SOL,1786139453239,5e-05,2026-08-07 21:50
SOL,1786139453239,5e-05,2026-08-07 21:50
SOL,1786139453239,5e-05,2026-08-07 21:50
SOL,1786139453239,5e-05,2026-08-07 21:50
SOL,1786139453239,5e-05,2026-08-07 21:50
SOL,1786139453239,5e-05,2026-08-07 21:50
SOL,1786139453239,5e-05,2026-08-07 21:50
SOL,1786139453239,5e-05,2026-08-07 21:50
SOL,1786139453239,5e-05,2026-08-07 21:50
SOL,1786139453239,5e-05,2026-08-07 21:50
SOL,1786139453239,5e-05,2026-08-07 21:50
SOL,1786139453239,5e-05,2026-08-07 21:50
SOL,1786139453239,5e-05,2026-08-07 21:50
SOL,1786139453239,5e-05,2026-08-07 21:50
SOL,1786139453239,5e-05,2026-08-07 21:50
SOL,1786139453239,5e-05,2026-08-07 21:50
SOL,1786139453239,5e-05,2026-08-07 21:50
SOL,1786139453239,5e-05,2026-08-07 21:50
SOL,1786139453239,5e-05,2026-08-07 21:50
SOL,1786139453239,5e-05,2026-08-07 21:50
SOL,1786139453239,5e-05,2026-08-07 21:50
SOL,1786139453239,5e-05,2026-08-07 21:50
SOL,1786139453239,5e-05,2026-08-07 21:50
SOL,1786139453239,5e-05,2026-08-07 21:50
SOL,1786139453239,5e-05,2026-08-07 21:50
SOL,1786139453239,5e-05,2026-08-07 21:50
SOL,1786139453239,5e-05,2026-08-07 21:50
SOL,1786139453239,5e-05,2026-08-07 21:50
SOL,1786139453239,5e-05,2026-08-07 21:50
SOL,1786139453239,5e-05,2026-08-07 21:50
SOL,1786139453239,5e-05,2026-08-07 21:50
SOL,1786139453239,5e-05,2026-08-07 21:50
SOL,1786139453239,5e-05,2026-08-07 21:50
SOL,1786139453239,5e-05,2026-08-07 21:50
SOL,1786139453239,5e-05,2026-08-07 21:50
SOL,1786139453239,5e-05,2026-08-07 21:50
SOL,1786139453239,5e-05,2026-08-07 21:50
SOL,1786139453239,5e-05,2026-08-07 21:50
SOL,1786139453239,5e-05,2026-08-07 21:50
SOL,1786139453239,5e-05,2026-08-07 21:50
SOL,1786139453239,5e-05,2026-08-07 21:50
SOL,1786139453239,5e-05,2026-08-07 21:50
SOL,1786139453239,5e-05,2026-08-07 21:50
SOL,1786139453239,5e-05,2026-08-07 21:50
SOL,1786139453239,5e-05,2026-08-07 21:50
SOL,1786139453239,5e-05,2026-08-07 21:50
SOL,1786139453239,5e-05,2026-08-07 21:50
SOL,1786139453239,5e-05,2026-08-07 21:50
SOL,1786139453239,5e-05,2026-08-07 21:50
SOL,1786139453239,5e-05,2026-08-07 21:50
SOL,1786139453239,5e-05,2026-08-07 21:50
SOL,1786139453239,5e-05,2026-08-07 21:50
SOL,1786139453239,5e-05,2026-08-07 21:50
SOL,1786139453239,5e-05,2026-08-07 21:50
SOL,1786139453239,5e-05,2026-08-07 21:50
SOL,1786139453239,5e-05,2026-08-07 21:50
SOL,1786139453239,5e-05,2026-08-07 21:50
SOL,1786139453239,5e-05,2026-08-07 21:50
SOL,1786139453239,5e-05,2026-08-07 21:50
SOL,1786139453239,5e-05,2026-08-07 21:50
SOL,1786139453239,5e-05,2026-08-07 21:50
SOL,1786139453239,5e-05,2026-08-07 21:50
SOL,1786139453239,5e-05,2026-08-07 21:50
SOL,1786139453239,5e-05,2026-08-07 21:50
SOL,1786139453239,5e-05,2026-08-07 21:50
SOL,1786139453239,5e-05,2026-08-07 21:50
SOL,1786139453239,5e-05,2026-08-07 21:50
SOL,1786139453239,5e-05,2026-08-07 21:50
SOL,1786139453239,5e-05,2026-08-07 21:50
SOL,1786139453239,5e-05,2026-08-07 21:50
SOL,1786139453239,5e-05,2026-08-07 21:50
SOL,1786139453239,5e-05,2026-08-07 21:50
SOL,1786139453239,5e-05,2026-08-07 21:50
SOL,1786139453239,5e-05,2026-08-07 21:50
SOL,1786139453239,5e-05,2026-08-07 21:50
SOL,1786139453239,5e-05,2026-08-07 21:50
SOL,1786139453239,5e-05,2026-08-07 21:50
SOL,1786139453239,5e-05,2026-08-07 21:50
SOL,1786139453239,5e-05,2026-08-07 21:50
SOL,1786139453239,5e-05,2026-08-07 21:50
SOL,1786139453239,5e-05,2026-08-07 21:50
SOL,1786139453239,5e-05,2026-08-07 21:50
SOL,1786139453239,5e-05,2026-08-07 21:50
SOL,1786139453239,5e-05,2026-08-07 21:50
SOL,1786139453239,5e-05,2026-08-07 21:50
SOL,1786139453239,5e-05,2026-08-07 21:50
SOL,1786139453239,5e-05,2026-08-07 21:50
SOL,1786139453239,5e-05,2026-08-07 21:50
SOL,1786139453239,5e-05,2026-08-07 21:50
SOL,1786139453239,5e-05,2026-08-07 21:50
SOL,1786139453239,5e-05,2026-08-07 21:50
SOL,1786139453239,5e-05,2026-08-07 21:50
SOL,1786139453239,5e-05,2026-08-07 21:50
SOL,1786139453239,5e-05,2026-08-07 21:50
SOL,1786139453239,5.4e-05,2026-08-07 21:50
SOL,1786139453239,5.5e-05,2026-08-07 21:50
SOL,1786139453239,5.5e-05,2026-08-07 21:50
SOL,1786139453239,6e-05,2026-08-07 21:50
SOL,1786139453239,6.3e-05,2026-08-07 21:50
SOL,1786139453239,6.4e-05,2026-08-07 21:50
SOL,1786139453239,6.6e-05,2026-08-07 21:50
SOL,1786139453239,6.9e-05,2026-08-07 21:50
SOL,1786139453239,6.9e-05,2026-08-07 21:50
SOL,1786139453239,7.5e-05,2026-08-07 21:50
SOL,1786139453239,7.7e-05,2026-08-07 21:50
SOL,1786139453239,7.8e-05,2026-08-07 21:50
SOL,1786139453239,8.1e-05,2026-08-07 21:50
SOL,1786139453239,8.3e-05,2026-08-07 21:50
SOL,1786139453239,8.6e-05,2026-08-07 21:50
SOL,1786139453239,8.6e-05,2026-08-07 21:50
SOL,1786139453239,8.6e-05,2026-08-07 21:50
SOL,1786139453239,8.7e-05,2026-08-07 21:50
SOL,1786139453239,8.7e-05,2026-08-07 21:50
SOL,1786139453239,9.2e-05,2026-08-07 21:50
SOL,1786139453239,9.6e-05,2026-08-07 21:50
SOL,1786139453239,9.9e-05,2026-08-07 21:50
SOL,1786139453239,0.0001,2026-08-07 21:50
SOL,1786139453239,0.0001,2026-08-07 21:50
SOL,1786139453239,0.0001,2026-08-07 21:50
SOL,1786139453239,0.0001,2026-08-07 21:50
SOL,1786139453239,0.0001,2026-08-07 21:50
SOL,1786139453239,0.0001,2026-08-07 21:50
SOL,1786139453239,0.0001,2026-08-07 21:50
SOL,1786139453239,0.0001,2026-08-07 21:50
SOL,1786139453239,0.0001,2026-08-07 21:50
SOL,1786139453239,0.0001,2026-08-07 21:50
SOL,1786139453239,0.0001,2026-08-07 21:50
SOL,1786139453239,0.0001,2026-08-07 21:50
SOL,1786139453239,0.0001,2026-08-07 21:50
SOL,1786139453239,0.0001,2026-08-07 21:50
SOL,1786139453239,0.0001,2026-08-07 21:50
SOL,1786139453239,0.0001,2026-08-07 21:50
SOL,1786139453239,0.0001,2026-08-07 21:50
SOL,1786139453239,0.0001,2026-08-07 21:50
SOL,1786139453239,0.0001,2026-08-07 21:50
SOL,1786139453239,0.0001,2026-08-07 21:50
SOL,1786139453239,0.0001,2026-08-07 21:50
SOL,1786139453239,0.0001,2026-08-07 21:50
SOL,1786139453239,0.0001,2026-08-07 21:50
SOL,1786139453239,0.0001,2026-08-07 21:50
SOL,1786139453239,0.0001,2026-08-07 21:50
SOL,1786139453239,0.0001,2026-08-07 21:50
SOL,1786139453239,0.0001,2026-08-07 21:50
SOL,1786139453239,0.0001,2026-08-07 21:50
SOL,1786139453239,0.0001,2026-08-07 21:50
SOL,1786139453239,0.0001,2026-08-07 21:50
SOL,1786139453239,0.0001,2026-08-07 21:50
SOL,1786139453239,0.0001,2026-08-07 21:50
SOL,1786139453239,0.0001,2026-08-07 21:50
SOL,1786139453239,0.0001,2026-08-07 21:50
SOL,1786139453239,0.0001,2026-08-07 21:50
SOL,1786139453239,0.0001,2026-08-07 21:50
SOL,1786139453239,0.0001,2026-08-07 21:50
SOL,1786139453239,0.0001,2026-08-07 21:50
SOL,1786139453239,0.0001,2026-08-07 21:50
SOL,1786139453239,0.0001,2026-08-07 21:50
SOL,1786139453239,0.0001,2026-08-07 21:50
SOL,1786139453239,0.0001,2026-08-07 21:50
SOL,1786139453239,0.0001,2026-08-07 21:50
SOL,1786139453239,0.0001,2026-08-07 21:50
SOL,1786139453239,0.0001,2026-08-07 21:50
SOL,1786139453239,0.0001,2026-08-07 21:50
SOL,1786139453239,0.0001,2026-08-07 21:50
SOL,1786139453239,0.0001,2026-08-07 21:50
SOL,1786139453239,0.0001,2026-08-07 21:50
SOL,1786139453239,0.0001,2026-08-07 21:50
SOL,1786139453239,0.0001,2026-08-07 21:50
SOL,1786139453239,0.000101,2026-08-07 21:50
SOL,1786139453239,0.000105,2026-08-07 21:50
SOL,1786139453239,0.000111,2026-08-07 21:50
SOL,1786139453239,0.000111,2026-08-07 21:50
SOL,1786139453239,0.000112,2026-08-07 21:50
SOL,1786139453239,0.000113,2026-08-07 21:50
SOL,1786139453239,0.000113,2026-08-07 21:50
SOL,1786139453239,0.000116,2026-08-07 21:50
SOL,1786139453239,0.000116,2026-08-07 21:50
SOL,1786139453239,0.00012,2026-08-07 21:50
SOL,1786139453239,0.000122,2026-08-07 21:50
SOL,1786139453239,0.000126,2026-08-07 21:50
SOL,1786139453239,0.000129,2026-08-07 21:50
SOL,1786139453239,0.000134,2026-08-07 21:50
SOL,1786139453239,0.000134,2026-08-07 21:50
SOL,1786139453239,0.000134,2026-08-07 21:50
SOL,1786139453239,0.000135,2026-08-07 21:50
SOL,1786139453239,0.000136,2026-08-07 21:50
SOL,1786139453239,0.000139,2026-08-07 21:50
SOL,1786139453239,0.000141,2026-08-07 21:50
SOL,1786139453239,0.000142,2026-08-07 21:50
SOL,1786139453239,0.000147,2026-08-07 21:50
SOL,1786139453239,0.000148,2026-08-07 21:50
SOL,1786139453239,0.000148,2026-08-07 21:50
SOL,1786139453239,0.00015,2026-08-07 21:50
SOL,1786139453239,0.000156,2026-08-07 21:50
SOL,1786139453239,0.000177,2026-08-07 21:50
SOL,1786139453239,0.000188,2026-08-07 21:50
SOL,1786139453239,0.000197,2026-08-07 21:50
SOL,1786139453239,0.0002,2026-08-07 21:50
SOL,1786139453239,0.0002,2026-08-07 21:50
SOL,1786139453239,0.0002,2026-08-07 21:50
SOL,1786139453239,0.0002,2026-08-07 21:50
SOL,1786139453239,0.0002,2026-08-07 21:50
SOL,1786139453239,0.0002,2026-08-07 21:50
SOL,1786139453239,0.0002,2026-08-07 21:50
SOL,1786139453239,0.0002,2026-08-07 21:50
SOL,1786139453239,0.0002,2026-08-07 21:50
SOL,1786139453239,0.0002,2026-08-07 21:50
SOL,1786139453239,0.0002,2026-08-07 21:50
SOL,1786139453239,0.0002,2026-08-07 21:50
SOL,1786139453239,0.0002,2026-08-07 21:50
SOL,1786139453239,0.0002,2026-08-07 21:50
SOL,1786139453239,0.0002,2026-08-07 21:50
SOL,1786139453239,0.0002,2026-08-07 21:50
SOL,1786139453239,0.0002,2026-08-07 21:50
SOL,1786139453239,0.0002,2026-08-07 21:50
SOL,1786139453239,0.0002,2026-08-07 21:50
SOL,1786139453239,0.0002,2026-08-07 21:50
SOL,1786139453239,0.0002,2026-08-07 21:50
SOL,1786139453239,0.0002,2026-08-07 21:50
SOL,1786139453239,0.0002,2026-08-07 21:50
SOL,1786139453239,0.0002,2026-08-07 21:50
SOL,1786139453239,0.0002,2026-08-07 21:50
SOL,1786139453239,0.0002,2026-08-07 21:50
SOL,1786139453239,0.0002,2026-08-07 21:50
SOL,1786139453239,0.0002,2026-08-07 21:50
SOL,1786139453239,0.0002,2026-08-07 21:50
SOL,1786139453239,0.0002,2026-08-07 21:50
SOL,1786139453239,0.0002,2026-08-07 21:50
SOL,1786139453239,0.0002,2026-08-07 21:50
SOL,1786139453239,0.0002,2026-08-07 21:50
SOL,1786139453239,0.0002,2026-08-07 21:50
SOL,1786139453239,0.0002,2026-08-07 21:50
SOL,1786139453239,0.000209,2026-08-07 21:50
SOL,1786139453239,0.000214,2026-08-07 21:50
SOL,1786139453239,0.000215,2026-08-07 21:50
SOL,1786139453239,0.000227,2026-08-07 21:50
SOL,1786139453239,0.000228,2026-08-07 21:50
SOL,1786139453239,0.000236,2026-08-07 21:50
SOL,1786139453239,0.000243,2026-08-07 21:50
SOL,1786139453239,0.000278,2026-08-07 21:50
SOL,1786139453239,0.000288,2026-08-07 21:50
SOL,1786139453239,0.000299,2026-08-07 21:50
SOL,1786139453239,0.0003,2026-08-07 21:50
SOL,1786139453239,0.000301,2026-08-07 21:50
SOL,1786139453239,0.000306,2026-08-07 21:50
SOL,1786139453239,0.000308,2026-08-07 21:50
SOL,1786139453239,0.000313,2026-08-07 21:50
SOL,1786139453239,0.000334,2026-08-07 21:50
SOL,1786139453239,0.000358,2026-08-07 21:50
SOL,1786139453239,0.000378,2026-08-07 21:50
SOL,1786139453239,0.00039,2026-08-07 21:50
SOL,1786139453239,0.000475,2026-08-07 21:50
SOL,1786139453239,0.000491,2026-08-07 21:50
SOL,1786139453239,0.000532,2026-08-07 21:50
SOL,1786139453239,0.000633,2026-08-07 21:50
SOL,1786139453239,0.000817,2026-08-07 21:50
SOL,1786139453239,0.00319,2026-08-07 21:50
SOL,1786139453240,-0.002251,2026-08-07 21:50
SOL,1786139453240,-0.002152,2026-08-07 21:50
SOL,1786139453240,-0.001363,2026-08-07 21:50
SOL,1786139453240,-0.001262,2026-08-07 21:50
SOL,1786139453240,-0.000884,2026-08-07 21:50
SOL,1786139453240,-0.000793,2026-08-07 21:50
SOL,1786139453240,-0.000614,2026-08-07 21:50
SOL,1786139453240,-0.00056,2026-08-07 21:50
SOL,1786139453240,-0.000485,2026-08-07 21:50
SOL,1786139453240,-0.000357,2026-08-07 21:50
SOL,1786139453240,-0.000341,2026-08-07 21:50
SOL,1786139453240,-0.0002,2026-08-07 21:50
SOL,1786139453240,-0.0002,2026-08-07 21:50
SOL,1786139453240,-0.0002,2026-08-07 21:50
SOL,1786139453240,-0.000164,2026-08-07 21:50
SOL,1786139453240,-0.000148,2026-08-07 21:50
SOL,1786139453240,-0.000148,2026-08-07 21:50
SOL,1786139453240,-0.000142,2026-08-07 21:50
SOL,1786139453240,-0.000139,2026-08-07 21:50
SOL,1786139453240,-0.000138,2026-08-07 21:50
SOL,1786139453240,-0.000137,2026-08-07 21:50
SOL,1786139453240,-0.000135,2026-08-07 21:50
SOL,1786139453240,-0.000133,2026-08-07 21:50
SOL,1786139453240,-0.000131,2026-08-07 21:50
SOL,1786139453240,-0.000131,2026-08-07 21:50
SOL,1786139453240,-0.000129,2026-08-07 21:50
SOL,1786139453240,-0.000124,2026-08-07 21:50
SOL,1786139453240,-0.000124,2026-08-07 21:50
SOL,1786139453240,-0.000124,2026-08-07 21:50
SOL,1786139453240,-0.000121,2026-08-07 21:50
SOL,1786139453240,-0.000117,2026-08-07 21:50
SOL,1786139453240,-0.000115,2026-08-07 21:50
SOL,1786139453240,-0.000104,2026-08-07 21:50
SOL,1786139453240,-6.6e-05,2026-08-07 21:50
SOL,1786139453240,-5.2e-05,2026-08-07 21:50
SOL,1786139453240,-4.1e-05,2026-08-07 21:50
SOL,1786139453240,-3.9e-05,2026-08-07 21:50
SOL,1786139453240,-2.3e-05,2026-08-07 21:50
SOL,1786139453240,-2.2e-05,2026-08-07 21:50
SOL,1786139453240,-1.9e-05,2026-08-07 21:50
SOL,1786139453240,-1.7e-05,2026-08-07 21:50
SOL,1786139453240,-1.4e-05,2026-08-07 21:50
SOL,1786139453240,-1.4e-05,2026-08-07 21:50
SOL,1786139453240,-1e-05,2026-08-07 21:50
SOL,1786139453240,0.0,2026-08-07 21:50
SOL,1786139453240,0.0,2026-08-07 21:50
SOL,1786139453240,0.0,2026-08-07 21:50
SOL,1786139453240,0.0,2026-08-07 21:50
SOL,1786139453240,0.0,2026-08-07 21:50
SOL,1786139453240,0.0,2026-08-07 21:50
SOL,1786139453240,0.0,2026-08-07 21:50
SOL,1786139453240,0.0,2026-08-07 21:50
SOL,1786139453240,0.0,2026-08-07 21:50
SOL,1786139453240,0.0,2026-08-07 21:50
SOL,1786139453240,0.0,2026-08-07 21:50
SOL,1786139453240,0.0,2026-08-07 21:50
SOL,1786139453240,0.0,2026-08-07 21:50
SOL,1786139453240,0.0,2026-08-07 21:50
SOL,1786139453240,0.0,2026-08-07 21:50
SOL,1786139453240,0.0,2026-08-07 21:50
SOL,1786139453240,0.0,2026-08-07 21:50
SOL,1786139453240,0.0,2026-08-07 21:50
SOL,1786139453240,0.0,2026-08-07 21:50
SOL,1786139453240,0.0,2026-08-07 21:50
SOL,1786139453240,0.0,2026-08-07 21:50
SOL,1786139453240,0.0,2026-08-07 21:50
SOL,1786139453240,0.0,2026-08-07 21:50
SOL,1786139453240,0.0,2026-08-07 21:50
SOL,1786139453240,0.0,2026-08-07 21:50
SOL,1786139453240,0.0,2026-08-07 21:50
SOL,1786139453240,0.0,2026-08-07 21:50
SOL,1786139453240,0.0,2026-08-07 21:50
SOL,1786139453240,2e-06,2026-08-07 21:50
SOL,1786139453240,5e-06,2026-08-07 21:50
SOL,1786139453240,5e-06,2026-08-07 21:50
SOL,1786139453240,6e-06,2026-08-07 21:50
SOL,1786139453240,6e-06,2026-08-07 21:50
SOL,1786139453240,1.3e-05,2026-08-07 21:50
SOL,1786139453240,3.2e-05,2026-08-07 21:50
SOL,1786139453240,3.4e-05,2026-08-07 21:50
SOL,1786139453240,4.5e-05,2026-08-07 21:50
SOL,1786139453240,4.6e-05,2026-08-07 21:50
SOL,1786139453240,5e-05,2026-08-07 21:50
SOL,1786139453240,5e-05,2026-08-07 21:50
SOL,1786139453240,5e-05,2026-08-07 21:50
SOL,1786139453240,5e-05,2026-08-07 21:50
SOL,1786139453240,5e-05,2026-08-07 21:50
SOL,1786139453240,5e-05,2026-08-07 21:50
SOL,1786139453240,5e-05,2026-08-07 21:50
SOL,1786139453240,5e-05,2026-08-07 21:50
SOL,1786139453240,5e-05,2026-08-07 21:50
SOL,1786139453240,5e-05,2026-08-07 21:50
SOL,1786139453240,5e-05,2026-08-07 21:50
SOL,1786139453240,5.2e-05,2026-08-07 21:50
SOL,1786139453240,5.7e-05,2026-08-07 21:50
SOL,1786139453240,6.8e-05,2026-08-07 21:50
SOL,1786139453240,6.9e-05,2026-08-07 21:50
SOL,1786139453240,7.7e-05,2026-08-07 21:50
SOL,1786139453240,7.9e-05,2026-08-07 21:50
SOL,1786139453240,8.3e-05,2026-08-07 21:50
SOL,1786139453240,8.3e-05,2026-08-07 21:50
SOL,1786139453240,9.1e-05,2026-08-07 21:50
SOL,1786139453240,9.6e-05,2026-08-07 21:50
SOL,1786139453240,0.0001,2026-08-07 21:50
SOL,1786139453240,0.0001,2026-08-07 21:50
SOL,1786139453240,0.0001,2026-08-07 21:50
SOL,1786139453240,0.0001,2026-08-07 21:50
SOL,1786139453240,0.0001,2026-08-07 21:50
SOL,1786139453240,0.0001,2026-08-07 21:50
SOL,1786139453240,0.0001,2026-08-07 21:50
SOL,1786139453240,0.0001,2026-08-07 21:50
SOL,1786139453240,0.0001,2026-08-07 21:50
SOL,1786139453240,0.0001,2026-08-07 21:50
SOL,1786139453240,0.000115,2026-08-07 21:50
SOL,1786139453240,0.000124,2026-08-07 21:50
SOL,1786139453240,0.00013,2026-08-07 21:50
SOL,1786139453240,0.000134,2026-08-07 21:50
SOL,1786139453240,0.000136,2026-08-07 21:50
SOL,1786139453240,0.000136,2026-08-07 21:50
SOL,1786139453240,0.0002,2026-08-07 21:50
SOL,1786139453240,0.0002,2026-08-07 21:50
SOL,1786139453240,0.0002,2026-08-07 21:50
SOL,1786139453240,0.0002,2026-08-07 21:50
SOL,1786139453240,0.0002,2026-08-07 21:50
SOL,1786139453240,0.0002,2026-08-07 21:50
SOL,1786139453240,0.0002,2026-08-07 21:50
SOL,1786139453240,0.0002,2026-08-07 21:50
SOL,1786139453240,0.0002,2026-08-07 21:50
SOL,1786139453240,0.0002,2026-08-07 21:50
SOL,1786139453240,0.000228,2026-08-07 21:50
SOL,1786139453240,0.000723,2026-08-07 21:50
