timestamp,datetime_utc,coin,delivery_contract,dte_days,spot_bid,spot_ask,spot_ask_vwap,spot_ask_depth_usd,futures_bid,futures_ask,futures_bid_vwap,futures_bid_depth_usd,gross_basis_pct,annualized_gross_pct,total_cost_pct,net_basis_pct,annualized_net_pct,breakeven_days,verdict
1786157625,2026-08-08 02:53:45 UTC,BTC,BTC_USDT_20260925,47.9,64920.7,64920.8,64920.8,1000.0,65260.0,65305.9,65253.75,1000.0,0.5129,3.91,0.4524,0.0605,0.46,42.2,MARGINAL
1786157625,2026-08-08 02:53:45 UTC,BTC,BTC_USDT_20261225,138.9,64920.7,64920.8,64920.8,1000.0,65977.1,66023.4,65970.72,1000.0,1.6172,4.25,0.951,0.6662,1.75,81.7,GO
1786157625,2026-08-08 02:53:45 UTC,ETH,ETH_USDT_20260925,47.9,1912.9,1912.91,1912.91,1000.0,1918.4,1919.7,1918.25,1000.0,0.2793,2.13,0.4524,-0.173,-1.32,77.5,NO-GO
1786157625,2026-08-08 02:53:45 UTC,ETH,ETH_USDT_20261225,138.9,1912.9,1912.91,1912.91,1000.0,1931.15,1932.8,1931.05,1000.0,0.9484,2.49,0.951,-0.0026,-0.01,139.3,NO-GO
1786157655,2026-08-08 02:54:15 UTC,BTC,BTC_USDT_20260925,47.9,64920.7,64920.8,64920.8,1000.0,65260.0,65305.9,65253.75,1000.0,0.5129,3.91,0.4524,0.0605,0.46,42.2,MARGINAL
1786157655,2026-08-08 02:54:15 UTC,BTC,BTC_USDT_20261225,138.9,64920.7,64920.8,64920.8,1000.0,65977.1,66023.4,65970.72,1000.0,1.6172,4.25,0.951,0.6662,1.75,81.7,GO
1786157655,2026-08-08 02:54:15 UTC,ETH,ETH_USDT_20260925,47.9,1913.23,1913.24,1913.24,1000.0,1918.4,1920.1,1918.25,1000.0,0.262,2.0,0.4524,-0.1903,-1.45,82.7,NO-GO
1786157655,2026-08-08 02:54:15 UTC,ETH,ETH_USDT_20261225,138.9,1913.23,1913.24,1913.24,1000.0,1931.45,1932.95,1931.3,1000.0,0.9441,2.48,0.951,-0.0069,-0.02,139.9,NO-GO
1786157685,2026-08-08 02:54:45 UTC,BTC,BTC_USDT_20260925,47.9,64920.7,64920.8,64920.8,1000.0,65260.0,65305.9,65253.75,1000.0,0.5129,3.91,0.4523,0.0605,0.46,42.2,MARGINAL
1786157685,2026-08-08 02:54:45 UTC,BTC,BTC_USDT_20261225,138.9,64920.7,64920.8,64920.8,1000.0,65977.1,66023.4,65970.72,1000.0,1.6172,4.25,0.951,0.6662,1.75,81.7,GO
1786157685,2026-08-08 02:54:45 UTC,ETH,ETH_USDT_20260925,47.9,1913.1,1913.11,1913.11,1000.0,1918.4,1920.1,1918.25,1000.0,0.2688,2.05,0.4523,-0.1835,-1.4,80.6,NO-GO
1786157685,2026-08-08 02:54:45 UTC,ETH,ETH_USDT_20261225,138.9,1913.1,1913.11,1913.11,1000.0,1931.45,1932.95,1931.3,1000.0,0.951,2.5,0.951,-0.0,-0.0,138.9,NO-GO
1786157715,2026-08-08 02:55:15 UTC,BTC,BTC_USDT_20260925,47.9,64920.7,64920.8,64920.8,1000.0,65260.0,65305.9,65253.75,1000.0,0.5129,3.91,0.4523,0.0605,0.46,42.2,MARGINAL
1786157715,2026-08-08 02:55:15 UTC,BTC,BTC_USDT_20261225,138.9,64920.7,64920.8,64920.8,1000.0,65977.1,66023.4,65970.72,1000.0,1.6172,4.25,0.951,0.6663,1.75,81.7,GO
1786157715,2026-08-08 02:55:15 UTC,ETH,ETH_USDT_20260925,47.9,1913.1,1913.11,1913.11,1000.0,1918.4,1920.1,1918.25,1000.0,0.2688,2.05,0.4523,-0.1835,-1.4,80.6,NO-GO
1786157715,2026-08-08 02:55:15 UTC,ETH,ETH_USDT_20261225,138.9,1913.1,1913.11,1913.11,1000.0,1931.45,1932.95,1931.3,1000.0,0.951,2.5,0.951,-0.0,-0.0,138.9,NO-GO
1786157745,2026-08-08 02:55:45 UTC,BTC,BTC_USDT_20260925,47.9,64920.7,64920.8,64920.8,1000.0,65260.0,65305.9,65253.75,1000.0,0.5129,3.91,0.4523,0.0605,0.46,42.2,MARGINAL
1786157745,2026-08-08 02:55:45 UTC,BTC,BTC_USDT_20261225,138.9,64920.7,64920.8,64920.8,1000.0,65977.1,66023.4,65970.72,1000.0,1.6172,4.25,0.951,0.6663,1.75,81.7,GO
1786157745,2026-08-08 02:55:45 UTC,ETH,ETH_USDT_20260925,47.9,1913.1,1913.11,1913.11,1000.0,1918.4,1919.75,1918.25,1000.0,0.2688,2.05,0.4523,-0.1835,-1.4,80.6,NO-GO
1786157745,2026-08-08 02:55:45 UTC,ETH,ETH_USDT_20261225,138.9,1913.1,1913.11,1913.11,1000.0,1930.95,1932.55,1930.9,1000.0,0.9299,2.44,0.951,-0.021,-0.06,142.0,NO-GO
1786157775,2026-08-08 02:56:15 UTC,BTC,BTC_USDT_20260925,47.9,64920.7,64920.8,64920.8,1000.0,65260.0,65305.9,65253.75,1000.0,0.5129,3.91,0.4523,0.0605,0.46,42.2,MARGINAL
1786157775,2026-08-08 02:56:15 UTC,BTC,BTC_USDT_20261225,138.9,64920.7,64920.8,64920.8,1000.0,65977.1,65997.9,65970.72,1000.0,1.6172,4.25,0.951,0.6663,1.75,81.7,GO
1786157775,2026-08-08 02:56:15 UTC,ETH,ETH_USDT_20260925,47.9,1913.1,1913.11,1913.11,1000.0,1918.4,1919.75,1918.25,1000.0,0.2688,2.05,0.4523,-0.1835,-1.4,80.6,NO-GO
1786157775,2026-08-08 02:56:15 UTC,ETH,ETH_USDT_20261225,138.9,1913.1,1913.11,1913.11,1000.0,1930.95,1932.55,1930.9,1000.0,0.9299,2.44,0.951,-0.021,-0.06,142.0,NO-GO
1786157805,2026-08-08 02:56:45 UTC,BTC,BTC_USDT_20260925,47.9,64916.7,64916.8,64916.8,1000.0,65260.0,65305.9,65253.75,1000.0,0.5191,3.96,0.4523,0.0667,0.51,41.7,MARGINAL
1786157805,2026-08-08 02:56:45 UTC,BTC,BTC_USDT_20261225,138.9,64916.7,64916.8,64916.8,1000.0,65977.1,66023.4,65970.72,1000.0,1.6235,4.27,0.951,0.6725,1.77,81.3,GO
1786157805,2026-08-08 02:56:45 UTC,ETH,ETH_USDT_20260925,47.9,1912.99,1913.0,1913.0,1000.0,1918.4,1919.75,1918.25,1000.0,0.2746,2.09,0.4523,-0.1778,-1.36,78.9,NO-GO
1786157805,2026-08-08 02:56:45 UTC,ETH,ETH_USDT_20261225,138.9,1912.99,1913.0,1913.0,1000.0,1930.95,1932.55,1930.9,1000.0,0.9358,2.46,0.951,-0.0152,-0.04,141.1,NO-GO
1786157835,2026-08-08 02:57:15 UTC,BTC,BTC_USDT_20260925,47.9,64916.7,64916.8,64916.8,1000.0,65260.0,65305.9,65253.75,1000.0,0.5191,3.96,0.4523,0.0667,0.51,41.7,MARGINAL
1786157835,2026-08-08 02:57:15 UTC,BTC,BTC_USDT_20261225,138.9,64916.7,64916.8,64916.8,1000.0,65977.1,66023.4,65970.72,1000.0,1.6235,4.27,0.951,0.6725,1.77,81.3,GO
1786157835,2026-08-08 02:57:15 UTC,ETH,ETH_USDT_20260925,47.9,1912.99,1913.0,1913.0,1000.0,1918.4,1919.75,1918.25,1000.0,0.2746,2.09,0.4523,-0.1778,-1.36,78.9,NO-GO
1786157835,2026-08-08 02:57:15 UTC,ETH,ETH_USDT_20261225,138.9,1912.99,1913.0,1913.0,1000.0,1930.95,1932.55,1930.9,1000.0,0.9358,2.46,0.951,-0.0152,-0.04,141.1,NO-GO
1786157865,2026-08-08 02:57:45 UTC,BTC,BTC_USDT_20260925,47.9,64917.1,64917.2,64917.2,1000.0,65260.0,65305.9,65253.75,1000.0,0.5184,3.95,0.4523,0.0661,0.5,41.8,MARGINAL
1786157865,2026-08-08 02:57:45 UTC,BTC,BTC_USDT_20261225,138.9,64917.1,64917.2,64917.2,1000.0,65977.1,66023.4,65970.72,1000.0,1.6229,4.27,0.951,0.6719,1.77,81.4,GO
1786157865,2026-08-08 02:57:45 UTC,ETH,ETH_USDT_20260925,47.9,1912.99,1913.0,1913.0,1000.0,1918.4,1919.75,1918.25,1000.0,0.2746,2.09,0.4523,-0.1777,-1.36,78.9,NO-GO
1786157865,2026-08-08 02:57:45 UTC,ETH,ETH_USDT_20261225,138.9,1912.99,1913.0,1913.0,1000.0,1930.95,1932.55,1930.9,1000.0,0.9358,2.46,0.951,-0.0152,-0.04,141.1,NO-GO
1786157895,2026-08-08 02:58:15 UTC,BTC,BTC_USDT_20260925,47.9,64917.2,64917.3,64917.3,1000.0,65260.0,65305.9,65253.75,1000.0,0.5183,3.95,0.4523,0.0659,0.5,41.8,MARGINAL
1786157895,2026-08-08 02:58:15 UTC,BTC,BTC_USDT_20261225,138.9,64917.2,64917.3,64917.3,1000.0,65977.1,66023.4,65970.72,1000.0,1.6227,4.26,0.951,0.6717,1.77,81.4,GO
1786157895,2026-08-08 02:58:15 UTC,ETH,ETH_USDT_20260925,47.9,1912.99,1913.0,1913.0,1000.0,1918.4,1919.75,1918.25,1000.0,0.2746,2.09,0.4523,-0.1777,-1.36,78.9,NO-GO
1786157895,2026-08-08 02:58:15 UTC,ETH,ETH_USDT_20261225,138.9,1912.99,1913.0,1913.0,1000.0,1930.95,1932.55,1930.9,1000.0,0.9358,2.46,0.951,-0.0152,-0.04,141.1,NO-GO
1786157925,2026-08-08 02:58:45 UTC,BTC,BTC_USDT_20260925,47.9,64919.0,64919.1,64919.1,1000.0,65287.0,65305.9,65255.26,1000.0,0.5178,3.95,0.4523,0.0655,0.5,41.8,MARGINAL
1786157925,2026-08-08 02:58:45 UTC,BTC,BTC_USDT_20261225,138.9,64919.0,64919.1,64919.1,1000.0,65977.1,66023.4,65970.72,1000.0,1.6199,4.26,0.951,0.6689,1.76,81.5,GO
1786157925,2026-08-08 02:58:45 UTC,ETH,ETH_USDT_20260925,47.9,1913.18,1913.19,1913.19,1000.0,1918.4,1919.75,1918.25,1000.0,0.2646,2.02,0.4523,-0.1877,-1.43,81.8,NO-GO
1786157925,2026-08-08 02:58:45 UTC,ETH,ETH_USDT_20261225,138.9,1913.18,1913.19,1913.19,1000.0,1931.4,1932.95,1931.25,1000.0,0.9441,2.48,0.951,-0.0068,-0.02,139.9,NO-GO
1786157955,2026-08-08 02:59:15 UTC,BTC,BTC_USDT_20260925,47.9,64919.0,64919.1,64919.1,1000.0,65260.0,65305.9,65253.75,1000.0,0.5155,3.93,0.4523,0.0632,0.48,42.0,MARGINAL
1786157955,2026-08-08 02:59:15 UTC,BTC,BTC_USDT_20261225,138.9,64919.0,64919.1,64919.1,1000.0,65977.1,66023.4,65970.72,1000.0,1.6199,4.26,0.951,0.6689,1.76,81.5,GO
1786157955,2026-08-08 02:59:15 UTC,ETH,ETH_USDT_20260925,47.9,1913.18,1913.19,1913.19,1000.0,1918.4,1919.75,1918.25,1000.0,0.2646,2.02,0.4523,-0.1877,-1.43,81.8,NO-GO
1786157955,2026-08-08 02:59:15 UTC,ETH,ETH_USDT_20261225,138.9,1913.18,1913.19,1913.19,1000.0,1931.4,1932.95,1931.25,1000.0,0.9441,2.48,0.951,-0.0068,-0.02,139.9,NO-GO
1786157985,2026-08-08 02:59:45 UTC,BTC,BTC_USDT_20260925,47.9,64919.0,64919.1,64919.1,1000.0,65260.0,65305.9,65253.75,1000.0,0.5155,3.93,0.4523,0.0632,0.48,42.0,MARGINAL
1786157985,2026-08-08 02:59:45 UTC,BTC,BTC_USDT_20261225,138.9,64919.0,64919.1,64919.1,1000.0,65977.1,66023.4,65970.72,1000.0,1.6199,4.26,0.951,0.6689,1.76,81.5,GO
1786157985,2026-08-08 02:59:45 UTC,ETH,ETH_USDT_20260925,47.9,1913.18,1913.19,1913.19,1000.0,1918.4,1919.75,1918.25,1000.0,0.2646,2.02,0.4523,-0.1877,-1.43,81.8,NO-GO
1786157985,2026-08-08 02:59:45 UTC,ETH,ETH_USDT_20261225,138.9,1913.18,1913.19,1913.19,1000.0,1931.4,1932.95,1931.25,1000.0,0.9441,2.48,0.951,-0.0068,-0.02,139.9,NO-GO
1786158015,2026-08-08 03:00:15 UTC,BTC,BTC_USDT_20260925,47.9,64919.0,64919.1,64919.1,1000.0,65260.0,65305.9,65253.75,1000.0,0.5155,3.93,0.4523,0.0632,0.48,42.0,MARGINAL
1786158015,2026-08-08 03:00:15 UTC,BTC,BTC_USDT_20261225,138.9,64919.0,64919.1,64919.1,1000.0,65977.1,66023.4,65970.72,1000.0,1.6199,4.26,0.951,0.6689,1.76,81.5,GO
1786158015,2026-08-08 03:00:15 UTC,ETH,ETH_USDT_20260925,47.9,1913.26,1913.27,1913.27,1000.0,1918.75,1920.3,1918.6,1000.0,0.2787,2.13,0.4523,-0.1736,-1.32,77.7,NO-GO
1786158015,2026-08-08 03:00:15 UTC,ETH,ETH_USDT_20261225,138.9,1913.26,1913.27,1913.27,1000.0,1931.4,1932.95,1931.25,1000.0,0.9399,2.47,0.951,-0.0111,-0.03,140.5,NO-GO
1786158045,2026-08-08 03:00:45 UTC,BTC,BTC_USDT_20260925,47.9,64919.0,64919.1,64919.1,1000.0,65260.0,65305.9,65253.75,1000.0,0.5155,3.93,0.4523,0.0632,0.48,42.0,MARGINAL
1786158045,2026-08-08 03:00:45 UTC,BTC,BTC_USDT_20261225,138.9,64919.0,64919.1,64919.1,1000.0,65977.1,66023.4,65970.72,1000.0,1.6199,4.26,0.951,0.6689,1.76,81.5,GO
1786158045,2026-08-08 03:00:45 UTC,ETH,ETH_USDT_20260925,47.9,1913.26,1913.27,1913.27,1000.0,1918.75,1920.3,1918.6,1000.0,0.2787,2.13,0.4523,-0.1736,-1.32,77.7,NO-GO
1786158045,2026-08-08 03:00:45 UTC,ETH,ETH_USDT_20261225,138.9,1913.26,1913.27,1913.27,1000.0,1931.4,1932.95,1931.25,1000.0,0.9399,2.47,0.951,-0.0111,-0.03,140.5,NO-GO
1786158075,2026-08-08 03:01:15 UTC,BTC,BTC_USDT_20260925,47.9,64919.0,64919.1,64919.1,1000.0,65260.0,65305.9,65253.75,1000.0,0.5155,3.93,0.4523,0.0632,0.48,42.0,MARGINAL
1786158075,2026-08-08 03:01:15 UTC,BTC,BTC_USDT_20261225,138.9,64919.0,64919.1,64919.1,1000.0,65977.1,66023.4,65970.72,1000.0,1.6199,4.26,0.951,0.6689,1.76,81.5,GO
1786158075,2026-08-08 03:01:15 UTC,ETH,ETH_USDT_20260925,47.9,1913.37,1913.38,1913.38,1000.0,1919.0,1920.3,1918.85,1000.0,0.286,2.18,0.4523,-0.1663,-1.27,75.7,NO-GO
1786158075,2026-08-08 03:01:15 UTC,ETH,ETH_USDT_20261225,138.9,1913.37,1913.38,1913.38,1000.0,1931.7,1933.15,1931.55,1000.0,0.9498,2.5,0.951,-0.0012,-0.0,139.0,NO-GO
1786158105,2026-08-08 03:01:45 UTC,BTC,BTC_USDT_20260925,47.9,64919.0,64919.1,64919.1,1000.0,65283.5,65305.9,65255.32,1000.0,0.5179,3.95,0.4523,0.0656,0.5,41.8,MARGINAL
1786158105,2026-08-08 03:01:45 UTC,BTC,BTC_USDT_20261225,138.9,64919.0,64919.1,64919.1,1000.0,65977.1,66023.4,65970.72,1000.0,1.6199,4.26,0.951,0.6689,1.76,81.5,GO
1786158105,2026-08-08 03:01:45 UTC,ETH,ETH_USDT_20260925,47.9,1913.89,1913.9,1913.9,1000.0,1919.4,1920.9,1919.25,1000.0,0.2797,2.13,0.4523,-0.1726,-1.32,77.4,NO-GO
1786158105,2026-08-08 03:01:45 UTC,ETH,ETH_USDT_20261225,138.9,1913.89,1913.9,1913.9,1000.0,1932.15,1933.75,1932.0,1000.0,0.9459,2.49,0.951,-0.0051,-0.01,139.6,NO-GO
1786158135,2026-08-08 03:02:15 UTC,BTC,BTC_USDT_20260925,47.9,64919.0,64919.1,64919.1,1000.0,65260.0,65305.9,65253.75,1000.0,0.5155,3.93,0.4523,0.0632,0.48,42.0,MARGINAL
1786158135,2026-08-08 03:02:15 UTC,BTC,BTC_USDT_20261225,138.9,64919.0,64919.1,64919.1,1000.0,65977.1,66023.4,65970.72,1000.0,1.6199,4.26,0.951,0.6689,1.76,81.5,GO
1786158135,2026-08-08 03:02:15 UTC,ETH,ETH_USDT_20260925,47.9,1913.89,1913.9,1913.9,1000.0,1919.4,1920.9,1919.25,1000.0,0.2797,2.13,0.4523,-0.1726,-1.32,77.4,NO-GO
1786158135,2026-08-08 03:02:15 UTC,ETH,ETH_USDT_20261225,138.9,1913.89,1913.9,1913.9,1000.0,1932.15,1933.75,1932.0,1000.0,0.9459,2.49,0.951,-0.0051,-0.01,139.6,NO-GO
1786158165,2026-08-08 03:02:45 UTC,BTC,BTC_USDT_20260925,47.9,64919.0,64919.1,64919.1,1000.0,65260.0,65305.9,65253.75,1000.0,0.5155,3.93,0.4523,0.0632,0.48,42.0,MARGINAL
1786158165,2026-08-08 03:02:45 UTC,BTC,BTC_USDT_20261225,138.9,64919.0,64919.1,64919.1,1000.0,65977.1,66023.4,65970.72,1000.0,1.6199,4.26,0.9509,0.6689,1.76,81.5,GO
1786158165,2026-08-08 03:02:45 UTC,ETH,ETH_USDT_20260925,47.9,1913.89,1913.9,1913.9,1000.0,1919.4,1920.9,1919.25,1000.0,0.2797,2.13,0.4523,-0.1726,-1.32,77.4,NO-GO
1786158165,2026-08-08 03:02:45 UTC,ETH,ETH_USDT_20261225,138.9,1913.89,1913.9,1913.9,1000.0,1932.15,1933.75,1932.0,1000.0,0.9459,2.49,0.9509,-0.0051,-0.01,139.6,NO-GO
1786158195,2026-08-08 03:03:15 UTC,BTC,BTC_USDT_20260925,47.9,64919.0,64919.1,64919.1,1000.0,65260.0,65305.9,65253.75,1000.0,0.5155,3.93,0.4523,0.0632,0.48,42.0,MARGINAL
1786158195,2026-08-08 03:03:15 UTC,BTC,BTC_USDT_20261225,138.9,64919.0,64919.1,64919.1,1000.0,65977.1,66023.4,65970.72,1000.0,1.6199,4.26,0.9509,0.6689,1.76,81.5,GO
1786158195,2026-08-08 03:03:15 UTC,ETH,ETH_USDT_20260925,47.9,1913.89,1913.9,1913.9,1000.0,1919.4,1920.9,1919.25,1000.0,0.2797,2.13,0.4523,-0.1726,-1.32,77.4,NO-GO
1786158195,2026-08-08 03:03:15 UTC,ETH,ETH_USDT_20261225,138.9,1913.89,1913.9,1913.9,1000.0,1932.15,1933.75,1932.0,1000.0,0.9459,2.49,0.9509,-0.0051,-0.01,139.6,NO-GO
1786158225,2026-08-08 03:03:45 UTC,BTC,BTC_USDT_20260925,47.9,64919.0,64919.1,64919.1,1000.0,65260.0,65305.9,65253.75,1000.0,0.5155,3.93,0.4523,0.0632,0.48,42.0,MARGINAL
1786158225,2026-08-08 03:03:45 UTC,BTC,BTC_USDT_20261225,138.9,64919.0,64919.1,64919.1,1000.0,65977.1,66023.4,65970.72,1000.0,1.6199,4.26,0.9509,0.6689,1.76,81.5,GO
1786158225,2026-08-08 03:03:45 UTC,ETH,ETH_USDT_20260925,47.9,1913.89,1913.9,1913.9,1000.0,1919.0,1920.6,1918.9,1000.0,0.2613,1.99,0.4523,-0.191,-1.46,82.9,NO-GO
1786158225,2026-08-08 03:03:45 UTC,ETH,ETH_USDT_20261225,138.9,1913.89,1913.9,1913.9,1000.0,1932.15,1933.4,1932.0,1000.0,0.9459,2.49,0.9509,-0.0051,-0.01,139.6,NO-GO
1786158255,2026-08-08 03:04:15 UTC,BTC,BTC_USDT_20260925,47.9,64919.0,64919.1,64919.1,1000.0,65260.0,65305.9,65253.75,1000.0,0.5155,3.93,0.4523,0.0632,0.48,42.0,MARGINAL
1786158255,2026-08-08 03:04:15 UTC,BTC,BTC_USDT_20261225,138.9,64919.0,64919.1,64919.1,1000.0,65977.1,66023.4,65970.72,1000.0,1.6199,4.26,0.9509,0.6689,1.76,81.5,GO
1786158255,2026-08-08 03:04:15 UTC,ETH,ETH_USDT_20260925,47.9,1913.88,1913.89,1913.89,1000.0,1919.0,1920.6,1918.9,1000.0,0.2619,2.0,0.4523,-0.1904,-1.45,82.7,NO-GO
1786158255,2026-08-08 03:04:15 UTC,ETH,ETH_USDT_20261225,138.9,1913.88,1913.89,1913.89,1000.0,1932.15,1933.4,1932.0,1000.0,0.9464,2.49,0.9509,-0.0046,-0.01,139.5,NO-GO
1786158285,2026-08-08 03:04:45 UTC,BTC,BTC_USDT_20260925,47.9,64921.8,64921.9,64927.67,1000.0,65271.4,65312.5,65265.15,1000.0,0.5198,3.96,0.4523,0.0675,0.51,41.7,MARGINAL
1786158285,2026-08-08 03:04:45 UTC,BTC,BTC_USDT_20261225,138.9,64921.8,64921.9,64927.67,1000.0,65989.5,66030.1,65983.12,1000.0,1.6256,4.27,0.9509,0.6746,1.77,81.2,GO
1786158285,2026-08-08 03:04:45 UTC,ETH,ETH_USDT_20260925,47.9,1913.99,1914.0,1914.34,1000.0,1919.4,1920.9,1919.25,1000.0,0.2565,1.96,0.4523,-0.1958,-1.49,84.4,NO-GO
1786158285,2026-08-08 03:04:45 UTC,ETH,ETH_USDT_20261225,138.9,1913.99,1914.0,1914.34,1000.0,1932.5,1933.75,1932.35,1000.0,0.9408,2.47,0.9509,-0.0101,-0.03,140.4,NO-GO
1786158315,2026-08-08 03:05:15 UTC,BTC,BTC_USDT_20260925,47.9,64929.9,64930.0,64930.0,1000.0,65271.4,65312.5,65265.15,1000.0,0.5162,3.94,0.4523,0.0639,0.49,41.9,MARGINAL
1786158315,2026-08-08 03:05:15 UTC,BTC,BTC_USDT_20261225,138.9,64929.9,64930.0,64930.0,1000.0,65989.5,66030.1,65983.12,1000.0,1.6219,4.26,0.9509,0.671,1.76,81.4,GO
1786158315,2026-08-08 03:05:15 UTC,ETH,ETH_USDT_20260925,47.9,1914.23,1914.24,1914.24,1000.0,1919.4,1920.9,1919.25,1000.0,0.2619,2.0,0.4523,-0.1904,-1.45,82.7,NO-GO
1786158315,2026-08-08 03:05:15 UTC,ETH,ETH_USDT_20261225,138.9,1914.23,1914.24,1914.24,1000.0,1932.5,1933.75,1932.35,1000.0,0.9462,2.49,0.9509,-0.0047,-0.01,139.6,NO-GO
1786158345,2026-08-08 03:05:45 UTC,BTC,BTC_USDT_20260925,47.9,64929.9,64930.0,64930.0,1000.0,65271.4,65312.5,65265.15,1000.0,0.5162,3.94,0.4523,0.0639,0.49,41.9,MARGINAL
1786158345,2026-08-08 03:05:45 UTC,BTC,BTC_USDT_20261225,138.9,64929.9,64930.0,64930.0,1000.0,65989.5,66030.1,65983.12,1000.0,1.6219,4.26,0.9509,0.671,1.76,81.4,GO
1786158345,2026-08-08 03:05:45 UTC,ETH,ETH_USDT_20260925,47.9,1914.23,1914.24,1914.33,1000.0,1919.4,1920.9,1919.25,1000.0,0.2573,1.96,0.4523,-0.195,-1.49,84.2,NO-GO
1786158345,2026-08-08 03:05:45 UTC,ETH,ETH_USDT_20261225,138.9,1914.23,1914.24,1914.33,1000.0,1932.5,1933.75,1932.35,1000.0,0.9416,2.47,0.9509,-0.0093,-0.02,140.2,NO-GO
1786158375,2026-08-08 03:06:15 UTC,BTC,BTC_USDT_20260925,47.9,64929.9,64930.0,64930.0,1000.0,65271.4,65312.5,65265.15,1000.0,0.5162,3.94,0.4523,0.0639,0.49,41.9,MARGINAL
1786158375,2026-08-08 03:06:15 UTC,BTC,BTC_USDT_20261225,138.9,64929.9,64930.0,64930.0,1000.0,65989.5,66030.1,65983.12,1000.0,1.6219,4.26,0.9509,0.671,1.76,81.4,GO
1786158375,2026-08-08 03:06:15 UTC,ETH,ETH_USDT_20260925,47.9,1914.23,1914.24,1914.33,1000.0,1919.4,1920.9,1919.25,1000.0,0.2573,1.96,0.4523,-0.195,-1.49,84.2,NO-GO
1786158375,2026-08-08 03:06:15 UTC,ETH,ETH_USDT_20261225,138.9,1914.23,1914.24,1914.33,1000.0,1932.5,1933.75,1932.35,1000.0,0.9416,2.47,0.9509,-0.0093,-0.02,140.2,NO-GO
1786158405,2026-08-08 03:06:45 UTC,BTC,BTC_USDT_20260925,47.9,64929.9,64930.0,64930.0,1000.0,65271.4,65312.5,65265.15,1000.0,0.5162,3.94,0.4523,0.0639,0.49,41.9,MARGINAL
1786158405,2026-08-08 03:06:45 UTC,BTC,BTC_USDT_20261225,138.9,64929.9,64930.0,64930.0,1000.0,65989.5,66030.1,65983.12,1000.0,1.6219,4.26,0.9509,0.671,1.76,81.4,GO
1786158405,2026-08-08 03:06:45 UTC,ETH,ETH_USDT_20260925,47.9,1914.23,1914.24,1914.24,1000.0,1919.4,1920.9,1919.25,1000.0,0.2619,2.0,0.4523,-0.1904,-1.45,82.7,NO-GO
1786158405,2026-08-08 03:06:45 UTC,ETH,ETH_USDT_20261225,138.9,1914.23,1914.24,1914.24,1000.0,1932.5,1933.75,1932.35,1000.0,0.9462,2.49,0.9509,-0.0047,-0.01,139.6,NO-GO
1786158435,2026-08-08 03:07:15 UTC,BTC,BTC_USDT_20260925,47.9,64929.9,64930.0,64930.0,1000.0,65271.4,65312.5,65265.15,1000.0,0.5162,3.94,0.4523,0.0639,0.49,41.9,MARGINAL
1786158435,2026-08-08 03:07:15 UTC,BTC,BTC_USDT_20261225,138.9,64929.9,64930.0,64930.0,1000.0,65989.5,66030.1,65983.12,1000.0,1.6219,4.26,0.9509,0.671,1.76,81.4,GO
1786158435,2026-08-08 03:07:15 UTC,ETH,ETH_USDT_20260925,47.9,1914.23,1914.24,1914.24,1000.0,1919.4,1920.9,1919.25,1000.0,0.2619,2.0,0.4523,-0.1904,-1.45,82.7,NO-GO
1786158435,2026-08-08 03:07:15 UTC,ETH,ETH_USDT_20261225,138.9,1914.23,1914.24,1914.24,1000.0,1932.5,1933.75,1932.35,1000.0,0.9462,2.49,0.9509,-0.0047,-0.01,139.6,NO-GO
1786158465,2026-08-08 03:07:45 UTC,BTC,BTC_USDT_20260925,47.9,64929.9,64930.0,64930.0,1000.0,65271.4,65312.5,65265.15,1000.0,0.5162,3.94,0.4523,0.0639,0.49,41.9,MARGINAL
1786158465,2026-08-08 03:07:45 UTC,BTC,BTC_USDT_20261225,138.9,64929.9,64930.0,64930.0,1000.0,65989.5,66030.1,65983.12,1000.0,1.6219,4.26,0.9509,0.671,1.76,81.4,GO
1786158465,2026-08-08 03:07:45 UTC,ETH,ETH_USDT_20260925,47.9,1914.23,1914.24,1914.24,1000.0,1919.4,1920.9,1919.25,1000.0,0.2619,2.0,0.4523,-0.1904,-1.45,82.7,NO-GO
1786158465,2026-08-08 03:07:45 UTC,ETH,ETH_USDT_20261225,138.9,1914.23,1914.24,1914.24,1000.0,1932.5,1933.75,1932.35,1000.0,0.9462,2.49,0.9509,-0.0047,-0.01,139.6,NO-GO
1786158495,2026-08-08 03:08:15 UTC,BTC,BTC_USDT_20260925,47.9,64929.9,64930.0,64930.0,1000.0,65271.4,65312.5,65265.15,1000.0,0.5162,3.94,0.4523,0.0639,0.49,41.9,MARGINAL
1786158495,2026-08-08 03:08:15 UTC,BTC,BTC_USDT_20261225,138.9,64929.9,64930.0,64930.0,1000.0,65989.5,66030.1,65983.12,1000.0,1.6219,4.26,0.9509,0.671,1.76,81.4,GO
1786158495,2026-08-08 03:08:15 UTC,ETH,ETH_USDT_20260925,47.9,1914.23,1914.24,1914.24,1000.0,1919.4,1920.9,1919.25,1000.0,0.2619,2.0,0.4523,-0.1904,-1.45,82.7,NO-GO
1786158495,2026-08-08 03:08:15 UTC,ETH,ETH_USDT_20261225,138.9,1914.23,1914.24,1914.24,1000.0,1932.5,1933.75,1932.35,1000.0,0.9462,2.49,0.9509,-0.0047,-0.01,139.6,NO-GO
1786158525,2026-08-08 03:08:45 UTC,BTC,BTC_USDT_20260925,47.9,64929.9,64930.0,64930.0,1000.0,65271.4,65312.5,65265.15,1000.0,0.5162,3.94,0.4523,0.0639,0.49,41.9,MARGINAL
1786158525,2026-08-08 03:08:45 UTC,BTC,BTC_USDT_20261225,138.9,64929.9,64930.0,64930.0,1000.0,65989.5,66030.1,65983.12,1000.0,1.6219,4.26,0.9509,0.671,1.76,81.4,GO
1786158525,2026-08-08 03:08:45 UTC,ETH,ETH_USDT_20260925,47.9,1914.23,1914.24,1914.24,1000.0,1919.4,1920.9,1919.25,1000.0,0.2619,2.0,0.4523,-0.1904,-1.45,82.7,NO-GO
1786158525,2026-08-08 03:08:45 UTC,ETH,ETH_USDT_20261225,138.9,1914.23,1914.24,1914.24,1000.0,1932.5,1933.75,1932.35,1000.0,0.9462,2.49,0.9509,-0.0047,-0.01,139.6,NO-GO
1786158555,2026-08-08 03:09:15 UTC,BTC,BTC_USDT_20260925,47.9,64929.9,64930.0,64930.0,1000.0,65271.4,65312.5,65265.15,1000.0,0.5162,3.94,0.4523,0.0639,0.49,41.9,MARGINAL
1786158555,2026-08-08 03:09:15 UTC,BTC,BTC_USDT_20261225,138.9,64929.9,64930.0,64930.0,1000.0,65989.5,66043.3,65983.12,1000.0,1.6219,4.26,0.9509,0.671,1.76,81.4,GO
1786158555,2026-08-08 03:09:15 UTC,ETH,ETH_USDT_20260925,47.9,1914.23,1914.24,1914.24,1000.0,1919.4,1920.9,1919.25,1000.0,0.2619,2.0,0.4523,-0.1904,-1.45,82.7,NO-GO
1786158555,2026-08-08 03:09:15 UTC,ETH,ETH_USDT_20261225,138.9,1914.23,1914.24,1914.24,1000.0,1932.5,1933.75,1932.35,1000.0,0.9462,2.49,0.9509,-0.0047,-0.01,139.6,NO-GO
1786158585,2026-08-08 03:09:45 UTC,BTC,BTC_USDT_20260925,47.9,64929.9,64930.0,64930.0,1000.0,65271.4,65312.5,65265.15,1000.0,0.5162,3.94,0.4523,0.0639,0.49,41.9,MARGINAL
1786158585,2026-08-08 03:09:45 UTC,BTC,BTC_USDT_20261225,138.9,64929.9,64930.0,64930.0,1000.0,65989.5,66043.3,65983.12,1000.0,1.6219,4.26,0.9509,0.671,1.76,81.4,GO
1786158585,2026-08-08 03:09:45 UTC,ETH,ETH_USDT_20260925,47.9,1914.34,1914.35,1914.35,1000.0,1919.4,1920.9,1919.25,1000.0,0.2561,1.95,0.4523,-0.1962,-1.5,84.5,NO-GO
1786158585,2026-08-08 03:09:45 UTC,ETH,ETH_USDT_20261225,138.9,1914.34,1914.35,1914.35,1000.0,1932.5,1933.75,1932.35,1000.0,0.9404,2.47,0.9509,-0.0105,-0.03,140.4,NO-GO
1786158615,2026-08-08 03:10:15 UTC,BTC,BTC_USDT_20260925,47.9,64930.8,64930.9,64930.9,1000.0,65271.4,65312.5,65265.15,1000.0,0.5148,3.93,0.4523,0.0625,0.48,42.1,MARGINAL
1786158615,2026-08-08 03:10:15 UTC,BTC,BTC_USDT_20261225,138.9,64930.8,64930.9,64930.9,1000.0,65989.5,66043.3,65983.12,1000.0,1.6205,4.26,0.9509,0.6696,1.76,81.5,GO
1786158615,2026-08-08 03:10:15 UTC,ETH,ETH_USDT_20260925,47.9,1914.34,1914.35,1914.35,1000.0,1919.4,1920.9,1919.25,1000.0,0.2561,1.95,0.4523,-0.1962,-1.5,84.5,NO-GO
1786158615,2026-08-08 03:10:15 UTC,ETH,ETH_USDT_20261225,138.9,1914.34,1914.35,1914.35,1000.0,1932.5,1933.75,1932.35,1000.0,0.9404,2.47,0.9509,-0.0105,-0.03,140.4,NO-GO
1786158645,2026-08-08 03:10:45 UTC,BTC,BTC_USDT_20260925,47.9,64930.8,64930.9,64930.9,1000.0,65271.4,65312.5,65265.15,1000.0,0.5148,3.93,0.4523,0.0625,0.48,42.1,MARGINAL
1786158645,2026-08-08 03:10:45 UTC,BTC,BTC_USDT_20261225,138.9,64930.8,64930.9,64930.9,1000.0,65989.5,66043.3,65983.12,1000.0,1.6205,4.26,0.9509,0.6696,1.76,81.5,GO
1786158645,2026-08-08 03:10:45 UTC,ETH,ETH_USDT_20260925,47.9,1914.34,1914.35,1914.35,1000.0,1919.4,1920.9,1919.25,1000.0,0.2561,1.95,0.4523,-0.1962,-1.5,84.5,NO-GO
1786158645,2026-08-08 03:10:45 UTC,ETH,ETH_USDT_20261225,138.9,1914.34,1914.35,1914.35,1000.0,1932.5,1933.75,1932.35,1000.0,0.9404,2.47,0.9509,-0.0105,-0.03,140.4,NO-GO
1786158675,2026-08-08 03:11:15 UTC,BTC,BTC_USDT_20260925,47.9,64930.8,64930.9,64930.9,1000.0,65271.4,65312.5,65265.15,1000.0,0.5148,3.93,0.4523,0.0625,0.48,42.1,MARGINAL
1786158675,2026-08-08 03:11:15 UTC,BTC,BTC_USDT_20261225,138.9,64930.8,64930.9,64930.9,1000.0,65989.5,66043.3,65983.12,1000.0,1.6205,4.26,0.9509,0.6696,1.76,81.5,GO
1786158675,2026-08-08 03:11:15 UTC,ETH,ETH_USDT_20260925,47.9,1914.34,1914.35,1914.35,1000.0,1919.4,1920.9,1919.25,1000.0,0.2561,1.95,0.4523,-0.1962,-1.5,84.5,NO-GO
1786158675,2026-08-08 03:11:15 UTC,ETH,ETH_USDT_20261225,138.9,1914.34,1914.35,1914.35,1000.0,1932.5,1933.75,1932.35,1000.0,0.9404,2.47,0.9509,-0.0105,-0.03,140.4,NO-GO
1786158705,2026-08-08 03:11:45 UTC,BTC,BTC_USDT_20260925,47.9,64930.8,64930.9,64930.9,1000.0,65271.4,65312.5,65265.15,1000.0,0.5148,3.93,0.4523,0.0625,0.48,42.1,MARGINAL
1786158705,2026-08-08 03:11:45 UTC,BTC,BTC_USDT_20261225,138.9,64930.8,64930.9,64930.9,1000.0,66019.3,66043.3,65984.76,1000.0,1.623,4.27,0.9509,0.6721,1.77,81.4,GO
1786158705,2026-08-08 03:11:45 UTC,ETH,ETH_USDT_20260925,47.9,1914.21,1914.22,1914.22,1000.0,1919.4,1920.9,1919.25,1000.0,0.2629,2.0,0.4523,-0.1894,-1.44,82.3,NO-GO
1786158705,2026-08-08 03:11:45 UTC,ETH,ETH_USDT_20261225,138.9,1914.21,1914.22,1914.22,1000.0,1932.5,1933.75,1932.35,1000.0,0.9473,2.49,0.9509,-0.0036,-0.01,139.4,NO-GO
1786158735,2026-08-08 03:12:15 UTC,BTC,BTC_USDT_20260925,47.9,64930.8,64930.9,64930.9,1000.0,65271.4,65312.5,65265.15,1000.0,0.5148,3.93,0.4523,0.0625,0.48,42.1,MARGINAL
1786158735,2026-08-08 03:12:15 UTC,BTC,BTC_USDT_20261225,138.9,64930.8,64930.9,64930.9,1000.0,65989.5,66043.3,65983.12,1000.0,1.6205,4.26,0.9509,0.6696,1.76,81.5,GO
1786158735,2026-08-08 03:12:15 UTC,ETH,ETH_USDT_20260925,47.9,1914.21,1914.22,1914.22,1000.0,1919.4,1920.9,1919.25,1000.0,0.2629,2.0,0.4523,-0.1894,-1.44,82.3,NO-GO
1786158735,2026-08-08 03:12:15 UTC,ETH,ETH_USDT_20261225,138.9,1914.21,1914.22,1914.22,1000.0,1932.55,1933.6,1932.4,1000.0,0.9499,2.5,0.9509,-0.001,-0.0,139.0,NO-GO
1786158765,2026-08-08 03:12:45 UTC,BTC,BTC_USDT_20260925,47.9,64934.6,64934.7,64934.7,1000.0,65271.4,65312.5,65265.15,1000.0,0.5089,3.88,0.4523,0.0566,0.43,42.5,MARGINAL
1786158765,2026-08-08 03:12:45 UTC,BTC,BTC_USDT_20261225,138.9,64934.6,64934.7,64934.7,1000.0,65989.5,66043.3,65983.12,1000.0,1.6146,4.24,0.9509,0.6637,1.74,81.8,GO
1786158765,2026-08-08 03:12:45 UTC,ETH,ETH_USDT_20260925,47.9,1914.34,1914.35,1914.37,1000.0,1919.4,1920.9,1919.25,1000.0,0.2549,1.94,0.4523,-0.1974,-1.51,84.9,NO-GO
1786158765,2026-08-08 03:12:45 UTC,ETH,ETH_USDT_20261225,138.9,1914.34,1914.35,1914.37,1000.0,1932.55,1933.6,1932.4,1000.0,0.9418,2.48,0.9509,-0.0091,-0.02,140.2,NO-GO
1786158795,2026-08-08 03:13:15 UTC,BTC,BTC_USDT_20260925,47.9,64935.4,64935.5,64935.5,1000.0,65271.4,65312.5,65265.15,1000.0,0.5077,3.87,0.4523,0.0554,0.42,42.6,MARGINAL
1786158795,2026-08-08 03:13:15 UTC,BTC,BTC_USDT_20261225,138.9,64935.4,64935.5,64935.5,1000.0,65989.5,66043.3,65983.12,1000.0,1.6133,4.24,0.9509,0.6624,1.74,81.8,GO
1786158795,2026-08-08 03:13:15 UTC,ETH,ETH_USDT_20260925,47.9,1914.34,1914.35,1914.35,1000.0,1919.4,1920.9,1919.25,1000.0,0.2561,1.95,0.4523,-0.1962,-1.5,84.5,NO-GO
1786158795,2026-08-08 03:13:15 UTC,ETH,ETH_USDT_20261225,138.9,1914.34,1914.35,1914.35,1000.0,1932.55,1933.6,1932.4,1000.0,0.943,2.48,0.9509,-0.0079,-0.02,140.0,NO-GO
1786158825,2026-08-08 03:13:45 UTC,BTC,BTC_USDT_20260925,47.9,64935.4,64935.5,64935.5,1000.0,65271.4,65312.5,65265.15,1000.0,0.5077,3.87,0.4523,0.0554,0.42,42.6,MARGINAL
1786158825,2026-08-08 03:13:45 UTC,BTC,BTC_USDT_20261225,138.9,64935.4,64935.5,64935.5,1000.0,65989.5,66043.3,65983.12,1000.0,1.6133,4.24,0.9509,0.6624,1.74,81.8,GO
1786158825,2026-08-08 03:13:45 UTC,ETH,ETH_USDT_20260925,47.9,1914.34,1914.35,1914.35,1000.0,1919.4,1920.9,1919.25,1000.0,0.2561,1.95,0.4523,-0.1962,-1.5,84.5,NO-GO
1786158825,2026-08-08 03:13:45 UTC,ETH,ETH_USDT_20261225,138.9,1914.34,1914.35,1914.35,1000.0,1932.55,1933.6,1932.4,1000.0,0.943,2.48,0.9509,-0.0079,-0.02,140.0,NO-GO
1786158855,2026-08-08 03:14:15 UTC,BTC,BTC_USDT_20260925,47.9,64935.4,64935.5,64935.5,1000.0,65271.4,65312.5,65265.15,1000.0,0.5077,3.87,0.4523,0.0554,0.42,42.6,MARGINAL
1786158855,2026-08-08 03:14:15 UTC,BTC,BTC_USDT_20261225,138.9,64935.4,64935.5,64935.5,1000.0,65989.5,66043.3,65983.12,1000.0,1.6133,4.24,0.9509,0.6624,1.74,81.8,GO
1786158855,2026-08-08 03:14:15 UTC,ETH,ETH_USDT_20260925,47.9,1914.34,1914.35,1914.43,1000.0,1919.7,1920.9,1919.55,1000.0,0.2677,2.04,0.4523,-0.1846,-1.41,80.9,NO-GO
1786158855,2026-08-08 03:14:15 UTC,ETH,ETH_USDT_20261225,138.9,1914.34,1914.35,1914.43,1000.0,1932.55,1933.6,1932.4,1000.0,0.9389,2.47,0.9509,-0.012,-0.03,140.6,NO-GO
1786158885,2026-08-08 03:14:45 UTC,BTC,BTC_USDT_20260925,47.9,64933.2,64933.3,64933.3,1000.0,65281.4,65332.3,65275.15,1000.0,0.5265,4.01,0.4523,0.0742,0.57,41.1,MARGINAL
1786158885,2026-08-08 03:14:45 UTC,BTC,BTC_USDT_20261225,138.9,64933.2,64933.3,64933.3,1000.0,65999.8,66043.3,65993.42,1000.0,1.6326,4.29,0.9509,0.6817,1.79,80.9,GO
1786158885,2026-08-08 03:14:45 UTC,ETH,ETH_USDT_20260925,47.9,1914.34,1914.35,1914.35,1000.0,1919.7,1920.9,1919.55,1000.0,0.2718,2.07,0.4523,-0.1805,-1.38,79.7,NO-GO
1786158885,2026-08-08 03:14:45 UTC,ETH,ETH_USDT_20261225,138.9,1914.34,1914.35,1914.35,1000.0,1932.55,1933.6,1932.4,1000.0,0.943,2.48,0.9509,-0.0079,-0.02,140.0,NO-GO
1786158915,2026-08-08 03:15:15 UTC,BTC,BTC_USDT_20260925,47.9,64933.2,64933.3,64933.3,1000.0,65281.4,65332.3,65275.15,1000.0,0.5265,4.01,0.4523,0.0742,0.57,41.1,MARGINAL
1786158915,2026-08-08 03:15:15 UTC,BTC,BTC_USDT_20261225,138.9,64933.2,64933.3,64933.3,1000.0,65999.8,66043.3,65993.42,1000.0,1.6326,4.29,0.9509,0.6817,1.79,80.9,GO
1786158915,2026-08-08 03:15:15 UTC,ETH,ETH_USDT_20260925,47.9,1914.34,1914.35,1914.35,1000.0,1919.7,1920.9,1919.55,1000.0,0.2718,2.07,0.4523,-0.1805,-1.38,79.7,NO-GO
1786158915,2026-08-08 03:15:15 UTC,ETH,ETH_USDT_20261225,138.9,1914.34,1914.35,1914.35,1000.0,1932.55,1933.6,1932.4,1000.0,0.943,2.48,0.9509,-0.0079,-0.02,140.0,NO-GO
1786158945,2026-08-08 03:15:45 UTC,BTC,BTC_USDT_20260925,47.9,64933.2,64933.3,64933.3,1000.0,65281.4,65332.3,65275.15,1000.0,0.5265,4.01,0.4523,0.0742,0.57,41.1,MARGINAL
1786158945,2026-08-08 03:15:45 UTC,BTC,BTC_USDT_20261225,138.9,64933.2,64933.3,64933.3,1000.0,65999.8,66043.3,65993.42,1000.0,1.6326,4.29,0.9509,0.6817,1.79,80.9,GO
1786158945,2026-08-08 03:15:45 UTC,ETH,ETH_USDT_20260925,47.9,1914.34,1914.35,1914.35,1000.0,1919.7,1920.9,1919.55,1000.0,0.2718,2.07,0.4523,-0.1805,-1.38,79.6,NO-GO
1786158945,2026-08-08 03:15:45 UTC,ETH,ETH_USDT_20261225,138.9,1914.34,1914.35,1914.35,1000.0,1932.55,1933.6,1932.4,1000.0,0.943,2.48,0.9509,-0.0079,-0.02,140.0,NO-GO
1786158975,2026-08-08 03:16:15 UTC,BTC,BTC_USDT_20260925,47.9,64933.2,64933.3,64933.3,1000.0,65281.4,65332.3,65275.15,1000.0,0.5265,4.01,0.4523,0.0742,0.57,41.1,MARGINAL
1786158975,2026-08-08 03:16:15 UTC,BTC,BTC_USDT_20261225,138.9,64933.2,64933.3,64933.3,1000.0,66028.2,66043.3,65994.76,1000.0,1.6347,4.3,0.9509,0.6838,1.8,80.8,GO
1786158975,2026-08-08 03:16:15 UTC,ETH,ETH_USDT_20260925,47.9,1914.34,1914.35,1914.35,1000.0,1919.7,1920.9,1919.55,1000.0,0.2718,2.07,0.4523,-0.1805,-1.38,79.6,NO-GO
1786158975,2026-08-08 03:16:15 UTC,ETH,ETH_USDT_20261225,138.9,1914.34,1914.35,1914.35,1000.0,1932.55,1933.6,1932.4,1000.0,0.943,2.48,0.9509,-0.0079,-0.02,140.0,NO-GO
1786159005,2026-08-08 03:16:45 UTC,BTC,BTC_USDT_20260925,47.9,64939.9,64940.0,64942.11,1000.0,65281.4,65332.3,65275.15,1000.0,0.5128,3.91,0.4523,0.0606,0.46,42.2,MARGINAL
1786159005,2026-08-08 03:16:45 UTC,BTC,BTC_USDT_20261225,138.9,64939.9,64940.0,64942.11,1000.0,66028.4,66043.3,65994.96,1000.0,1.6212,4.26,0.9509,0.6703,1.76,81.4,GO
1786159005,2026-08-08 03:16:45 UTC,ETH,ETH_USDT_20260925,47.9,1914.35,1914.36,1914.36,1000.0,1919.7,1920.9,1919.55,1000.0,0.2713,2.07,0.4523,-0.181,-1.38,79.8,NO-GO
1786159005,2026-08-08 03:16:45 UTC,ETH,ETH_USDT_20261225,138.9,1914.35,1914.36,1914.36,1000.0,1932.55,1933.6,1932.4,1000.0,0.9425,2.48,0.9509,-0.0084,-0.02,140.1,NO-GO
1786159035,2026-08-08 03:17:15 UTC,BTC,BTC_USDT_20260925,47.9,64939.9,64940.0,64945.17,1000.0,65291.4,65338.9,65285.11,1000.0,0.5234,3.99,0.4523,0.0712,0.54,41.4,MARGINAL
1786159035,2026-08-08 03:17:15 UTC,BTC,BTC_USDT_20261225,138.9,64939.9,64940.0,64945.17,1000.0,66009.8,66056.9,66003.42,1000.0,1.6294,4.28,0.9509,0.6786,1.78,81.0,GO
1786159035,2026-08-08 03:17:15 UTC,ETH,ETH_USDT_20260925,47.9,1914.48,1914.49,1914.58,1000.0,1919.7,1921.5,1919.55,1000.0,0.26,1.98,0.4523,-0.1923,-1.47,83.3,NO-GO
1786159035,2026-08-08 03:17:15 UTC,ETH,ETH_USDT_20261225,138.9,1914.48,1914.49,1914.58,1000.0,1932.55,1933.6,1932.4,1000.0,0.9311,2.45,0.9509,-0.0198,-0.05,141.8,NO-GO
1786159065,2026-08-08 03:17:45 UTC,BTC,BTC_USDT_20260925,47.9,64953.0,64953.1,64959.15,1000.0,65303.5,65352.1,65297.21,1000.0,0.5204,3.97,0.4523,0.0682,0.52,41.6,MARGINAL
1786159065,2026-08-08 03:17:45 UTC,BTC,BTC_USDT_20261225,138.9,64953.0,64953.1,64959.15,1000.0,66021.7,66070.3,66015.32,1000.0,1.6259,4.27,0.9509,0.675,1.77,81.2,GO
1786159065,2026-08-08 03:17:45 UTC,ETH,ETH_USDT_20260925,47.9,1914.48,1914.49,1914.58,1000.0,1919.7,1921.5,1919.55,1000.0,0.26,1.98,0.4523,-0.1923,-1.47,83.3,NO-GO
1786159065,2026-08-08 03:17:45 UTC,ETH,ETH_USDT_20261225,138.9,1914.48,1914.49,1914.58,1000.0,1932.55,1933.6,1932.4,1000.0,0.9311,2.45,0.9509,-0.0198,-0.05,141.8,NO-GO
1786159095,2026-08-08 03:18:15 UTC,BTC,BTC_USDT_20260925,47.9,64958.1,64958.2,64961.2,1000.0,65303.5,65352.1,65297.21,1000.0,0.5173,3.94,0.4523,0.065,0.5,41.8,MARGINAL
1786159095,2026-08-08 03:18:15 UTC,BTC,BTC_USDT_20261225,138.9,64958.1,64958.2,64961.2,1000.0,66021.7,66070.3,66015.32,1000.0,1.6227,4.27,0.9509,0.6718,1.77,81.4,GO
1786159095,2026-08-08 03:18:15 UTC,ETH,ETH_USDT_20260925,47.9,1914.48,1914.49,1914.49,1000.0,1919.7,1921.5,1919.55,1000.0,0.2645,2.02,0.4523,-0.1878,-1.43,81.9,NO-GO
1786159095,2026-08-08 03:18:15 UTC,ETH,ETH_USDT_20261225,138.9,1914.48,1914.49,1914.49,1000.0,1932.55,1933.6,1932.4,1000.0,0.9356,2.46,0.9509,-0.0152,-0.04,141.1,NO-GO
1786159125,2026-08-08 03:18:45 UTC,BTC,BTC_USDT_20260925,47.9,64962.0,64962.1,64965.71,1000.0,65303.5,65352.1,65297.21,1000.0,0.5103,3.89,0.4523,0.058,0.44,42.4,MARGINAL
1786159125,2026-08-08 03:18:45 UTC,BTC,BTC_USDT_20261225,138.9,64962.0,64962.1,64965.71,1000.0,66021.7,66070.3,66015.32,1000.0,1.6156,4.25,0.9509,0.6647,1.75,81.7,GO
1786159125,2026-08-08 03:18:45 UTC,ETH,ETH_USDT_20260925,47.9,1914.52,1914.53,1914.58,1000.0,1920.05,1921.5,1919.9,1000.0,0.2778,2.12,0.4523,-0.1745,-1.33,77.9,NO-GO
1786159125,2026-08-08 03:18:45 UTC,ETH,ETH_USDT_20261225,138.9,1914.52,1914.53,1914.58,1000.0,1932.95,1934.35,1932.8,1000.0,0.9516,2.5,0.9509,0.0007,0.0,138.8,MARGINAL
1786159155,2026-08-08 03:19:15 UTC,BTC,BTC_USDT_20260925,47.9,64973.3,64973.4,64978.19,1000.0,65313.6,65358.7,65307.35,1000.0,0.5066,3.86,0.4523,0.0543,0.41,42.7,MARGINAL
1786159155,2026-08-08 03:19:15 UTC,BTC,BTC_USDT_20261225,138.9,64973.3,64973.4,64978.19,1000.0,66032.3,66077.0,66025.92,1000.0,1.6124,4.24,0.9509,0.6615,1.74,81.9,GO
1786159155,2026-08-08 03:19:15 UTC,ETH,ETH_USDT_20260925,47.9,1914.65,1914.66,1914.66,1000.0,1920.05,1921.5,1919.9,1000.0,0.2738,2.09,0.4523,-0.1784,-1.36,79.0,NO-GO
1786159155,2026-08-08 03:19:15 UTC,ETH,ETH_USDT_20261225,138.9,1914.65,1914.66,1914.66,1000.0,1932.95,1934.35,1932.8,1000.0,0.9476,2.49,0.9509,-0.0033,-0.01,139.3,NO-GO
1786159185,2026-08-08 03:19:45 UTC,BTC,BTC_USDT_20260925,47.9,64973.3,64973.4,64978.29,1000.0,65313.6,65358.7,65307.35,1000.0,0.5064,3.86,0.4523,0.0542,0.41,42.7,MARGINAL
1786159185,2026-08-08 03:19:45 UTC,BTC,BTC_USDT_20261225,138.9,64973.3,64973.4,64978.29,1000.0,66032.3,66077.0,66025.92,1000.0,1.6123,4.24,0.9509,0.6614,1.74,81.9,GO
1786159185,2026-08-08 03:19:45 UTC,ETH,ETH_USDT_20260925,47.9,1914.97,1914.98,1914.98,1000.0,1920.4,1921.7,1920.25,1000.0,0.2753,2.1,0.4523,-0.1769,-1.35,78.6,NO-GO
1786159185,2026-08-08 03:19:45 UTC,ETH,ETH_USDT_20261225,138.9,1914.97,1914.98,1914.98,1000.0,1933.5,1934.75,1933.35,1000.0,0.9594,2.52,0.9509,0.0085,0.02,137.6,MARGINAL
1786159215,2026-08-08 03:20:15 UTC,BTC,BTC_USDT_20260925,47.9,64989.9,64990.0,64990.0,1000.0,65338.0,65383.5,65331.71,1000.0,0.5258,4.01,0.4523,0.0735,0.56,41.2,MARGINAL
1786159215,2026-08-08 03:20:15 UTC,BTC,BTC_USDT_20261225,138.9,64989.9,64990.0,64990.0,1000.0,66056.9,66102.8,66050.52,1000.0,1.6318,4.29,0.9509,0.6809,1.79,80.9,GO
1786159215,2026-08-08 03:20:15 UTC,ETH,ETH_USDT_20260925,47.9,1915.12,1915.13,1915.13,1000.0,1920.4,1922.1,1920.25,1000.0,0.2675,2.04,0.4523,-0.1848,-1.41,80.9,NO-GO
1786159215,2026-08-08 03:20:15 UTC,ETH,ETH_USDT_20261225,138.9,1915.12,1915.13,1915.13,1000.0,1933.5,1934.75,1933.35,1000.0,0.9515,2.5,0.9509,0.0006,0.0,138.8,MARGINAL
1786159245,2026-08-08 03:20:45 UTC,BTC,BTC_USDT_20260925,47.9,64994.4,64994.5,64994.5,1000.0,65338.0,65383.5,65331.71,1000.0,0.5188,3.96,0.4522,0.0666,0.51,41.7,MARGINAL
1786159245,2026-08-08 03:20:45 UTC,BTC,BTC_USDT_20261225,138.9,64994.4,64994.5,64994.5,1000.0,66056.9,66102.8,66050.52,1000.0,1.6248,4.27,0.9509,0.6739,1.77,81.3,GO
1786159245,2026-08-08 03:20:45 UTC,ETH,ETH_USDT_20260925,47.9,1915.16,1915.17,1915.17,1000.0,1920.4,1922.1,1920.25,1000.0,0.2654,2.02,0.4522,-0.1868,-1.42,81.6,NO-GO
1786159245,2026-08-08 03:20:45 UTC,ETH,ETH_USDT_20261225,138.9,1915.16,1915.17,1915.17,1000.0,1933.5,1934.75,1933.35,1000.0,0.9494,2.5,0.9509,-0.0015,-0.0,139.1,NO-GO
1786159275,2026-08-08 03:21:15 UTC,BTC,BTC_USDT_20260925,47.9,64994.4,64994.5,64994.5,1000.0,65338.0,65383.5,65331.71,1000.0,0.5188,3.96,0.4522,0.0666,0.51,41.7,MARGINAL
1786159275,2026-08-08 03:21:15 UTC,BTC,BTC_USDT_20261225,138.9,64994.4,64994.5,64994.5,1000.0,66056.9,66102.8,66050.52,1000.0,1.6248,4.27,0.9509,0.6739,1.77,81.3,GO
1786159275,2026-08-08 03:21:15 UTC,ETH,ETH_USDT_20260925,47.9,1915.17,1915.18,1915.18,1000.0,1920.4,1922.1,1920.25,1000.0,0.2649,2.02,0.4522,-0.1874,-1.43,81.7,NO-GO
1786159275,2026-08-08 03:21:15 UTC,ETH,ETH_USDT_20261225,138.9,1915.17,1915.18,1915.18,1000.0,1933.5,1934.75,1933.35,1000.0,0.9489,2.49,0.9509,-0.002,-0.01,139.2,NO-GO
1786159305,2026-08-08 03:21:45 UTC,BTC,BTC_USDT_20260925,47.9,64994.7,64994.8,64994.8,1000.0,65338.0,65383.5,65331.71,1000.0,0.5184,3.95,0.4522,0.0661,0.5,41.8,MARGINAL
1786159305,2026-08-08 03:21:45 UTC,BTC,BTC_USDT_20261225,138.9,64994.7,64994.8,64994.8,1000.0,66056.9,66102.8,66050.52,1000.0,1.6243,4.27,0.9509,0.6734,1.77,81.3,GO
1786159305,2026-08-08 03:21:45 UTC,ETH,ETH_USDT_20260925,47.9,1915.18,1915.19,1915.19,1000.0,1920.4,1922.1,1920.25,1000.0,0.2644,2.02,0.4522,-0.1879,-1.43,81.9,NO-GO
1786159305,2026-08-08 03:21:45 UTC,ETH,ETH_USDT_20261225,138.9,1915.18,1915.19,1915.19,1000.0,1933.5,1934.75,1933.35,1000.0,0.9484,2.49,0.9509,-0.0025,-0.01,139.2,NO-GO
1786159335,2026-08-08 03:22:15 UTC,BTC,BTC_USDT_20260925,47.9,64996.4,64996.5,64996.5,1000.0,65338.0,65383.5,65331.71,1000.0,0.5157,3.93,0.4522,0.0635,0.48,42.0,MARGINAL
1786159335,2026-08-08 03:22:15 UTC,BTC,BTC_USDT_20261225,138.9,64996.4,64996.5,64996.5,1000.0,66056.9,66102.8,66050.52,1000.0,1.6217,4.26,0.9509,0.6708,1.76,81.4,GO
1786159335,2026-08-08 03:22:15 UTC,ETH,ETH_USDT_20260925,47.9,1915.18,1915.19,1915.19,1000.0,1920.4,1922.1,1920.25,1000.0,0.2644,2.02,0.4522,-0.1879,-1.43,81.9,NO-GO
1786159335,2026-08-08 03:22:15 UTC,ETH,ETH_USDT_20261225,138.9,1915.18,1915.19,1915.19,1000.0,1933.5,1934.75,1933.35,1000.0,0.9484,2.49,0.9509,-0.0025,-0.01,139.2,NO-GO
1786159365,2026-08-08 03:22:45 UTC,BTC,BTC_USDT_20260925,47.9,64997.9,64998.0,64998.0,1000.0,65338.0,65383.5,65331.71,1000.0,0.5134,3.92,0.4522,0.0612,0.47,42.2,MARGINAL
1786159365,2026-08-08 03:22:45 UTC,BTC,BTC_USDT_20261225,138.9,64997.9,64998.0,64998.0,1000.0,66086.5,66102.8,66052.1,1000.0,1.6217,4.26,0.9509,0.6709,1.76,81.4,GO
1786159365,2026-08-08 03:22:45 UTC,ETH,ETH_USDT_20260925,47.9,1915.18,1915.19,1915.19,1000.0,1920.4,1922.1,1920.25,1000.0,0.2644,2.02,0.4522,-0.1879,-1.43,81.9,NO-GO
1786159365,2026-08-08 03:22:45 UTC,ETH,ETH_USDT_20261225,138.9,1915.18,1915.19,1915.19,1000.0,1933.75,1935.2,1933.6,1000.0,0.9614,2.53,0.9509,0.0105,0.03,137.3,MARGINAL
1786159395,2026-08-08 03:23:15 UTC,BTC,BTC_USDT_20260925,47.9,64998.3,64998.4,64998.4,1000.0,65338.0,65383.5,65331.71,1000.0,0.5128,3.91,0.4522,0.0606,0.46,42.2,MARGINAL
1786159395,2026-08-08 03:23:15 UTC,BTC,BTC_USDT_20261225,138.9,64998.3,64998.4,64998.4,1000.0,66056.9,66102.8,66050.52,1000.0,1.6187,4.25,0.9509,0.6678,1.76,81.6,GO
1786159395,2026-08-08 03:23:15 UTC,ETH,ETH_USDT_20260925,47.9,1915.44,1915.45,1915.45,1000.0,1920.7,1922.1,1920.55,1000.0,0.2664,2.03,0.4522,-0.1858,-1.42,81.2,NO-GO
1786159395,2026-08-08 03:23:15 UTC,ETH,ETH_USDT_20261225,138.9,1915.44,1915.45,1915.45,1000.0,1933.75,1935.2,1933.6,1000.0,0.9477,2.49,0.9509,-0.0032,-0.01,139.3,NO-GO
1786159425,2026-08-08 03:23:45 UTC,BTC,BTC_USDT_20260925,47.9,64998.3,64998.4,64998.4,1000.0,65338.0,65383.5,65331.71,1000.0,0.5128,3.91,0.4522,0.0606,0.46,42.2,MARGINAL
1786159425,2026-08-08 03:23:45 UTC,BTC,BTC_USDT_20261225,138.9,64998.3,64998.4,64998.4,1000.0,66056.9,66102.8,66050.52,1000.0,1.6187,4.25,0.9509,0.6678,1.76,81.6,GO
1786159425,2026-08-08 03:23:45 UTC,ETH,ETH_USDT_20260925,47.9,1915.44,1915.45,1915.45,1000.0,1920.7,1922.1,1920.55,1000.0,0.2664,2.03,0.4522,-0.1858,-1.42,81.2,NO-GO
1786159425,2026-08-08 03:23:45 UTC,ETH,ETH_USDT_20261225,138.9,1915.44,1915.45,1915.45,1000.0,1933.75,1935.2,1933.6,1000.0,0.9477,2.49,0.9509,-0.0032,-0.01,139.3,NO-GO
1786159455,2026-08-08 03:24:15 UTC,BTC,BTC_USDT_20260925,47.9,65014.6,65014.7,65014.7,1000.0,65354.8,65390.6,65338.65,1000.0,0.4983,3.8,0.4522,0.046,0.35,43.4,MARGINAL
1786159455,2026-08-08 03:24:15 UTC,BTC,BTC_USDT_20261225,138.9,65014.6,65014.7,65014.7,1000.0,66074.3,66122.9,66057.57,1000.0,1.6041,4.22,0.9509,0.6532,1.72,82.3,GO
1786159455,2026-08-08 03:24:15 UTC,ETH,ETH_USDT_20260925,47.9,1915.7,1915.71,1915.71,1000.0,1920.95,1922.3,1920.8,1000.0,0.2658,2.03,0.4522,-0.1864,-1.42,81.4,NO-GO
1786159455,2026-08-08 03:24:15 UTC,ETH,ETH_USDT_20261225,138.9,1915.7,1915.71,1915.71,1000.0,1934.05,1935.55,1933.9,1000.0,0.9497,2.5,0.9509,-0.0012,-0.0,139.0,NO-GO
1786159485,2026-08-08 03:24:45 UTC,BTC,BTC_USDT_20260925,47.9,65014.5,65014.6,65014.6,1000.0,65354.8,65390.6,65338.65,1000.0,0.4984,3.8,0.4522,0.0462,0.35,43.4,MARGINAL
1786159485,2026-08-08 03:24:45 UTC,BTC,BTC_USDT_20261225,138.9,65014.5,65014.6,65014.6,1000.0,66074.3,66122.9,66057.57,1000.0,1.6042,4.22,0.9509,0.6533,1.72,82.3,GO
1786159485,2026-08-08 03:24:45 UTC,ETH,ETH_USDT_20260925,47.9,1915.43,1915.44,1915.44,1000.0,1920.95,1922.15,1920.8,1000.0,0.28,2.14,0.4522,-0.1723,-1.31,77.3,NO-GO
1786159485,2026-08-08 03:24:45 UTC,ETH,ETH_USDT_20261225,138.9,1915.43,1915.44,1915.44,1000.0,1933.75,1935.1,1933.5,1000.0,0.9431,2.48,0.9509,-0.0077,-0.02,140.0,NO-GO
1786159515,2026-08-08 03:25:15 UTC,BTC,BTC_USDT_20260925,47.9,65003.6,65003.7,65003.7,1000.0,65359.3,65390.6,65338.79,1000.0,0.5155,3.93,0.4522,0.0633,0.48,42.0,MARGINAL
1786159515,2026-08-08 03:25:15 UTC,BTC,BTC_USDT_20261225,138.9,65003.6,65003.7,65003.7,1000.0,66074.3,66105.8,66057.57,1000.0,1.6212,4.26,0.9509,0.6704,1.76,81.4,GO
1786159515,2026-08-08 03:25:15 UTC,ETH,ETH_USDT_20260925,47.9,1915.3,1915.31,1915.31,1000.0,1920.7,1922.15,1920.45,1000.0,0.2686,2.05,0.4522,-0.1836,-1.4,80.6,NO-GO
1786159515,2026-08-08 03:25:15 UTC,ETH,ETH_USDT_20261225,138.9,1915.3,1915.31,1915.31,1000.0,1933.75,1935.1,1933.5,1000.0,0.95,2.5,0.9509,-0.0009,-0.0,139.0,NO-GO
1786159545,2026-08-08 03:25:45 UTC,BTC,BTC_USDT_20260925,47.9,65002.4,65002.5,65002.5,1000.0,65362.7,65390.6,65338.9,1000.0,0.5175,3.95,0.4522,0.0653,0.5,41.8,MARGINAL
1786159545,2026-08-08 03:25:45 UTC,BTC,BTC_USDT_20261225,138.9,65002.4,65002.5,65002.5,1000.0,66074.3,66105.8,66057.57,1000.0,1.6231,4.27,0.9509,0.6723,1.77,81.3,GO
1786159545,2026-08-08 03:25:45 UTC,ETH,ETH_USDT_20260925,47.9,1915.29,1915.3,1915.3,1000.0,1920.7,1922.15,1920.45,1000.0,0.2691,2.05,0.4522,-0.1831,-1.4,80.4,NO-GO
1786159545,2026-08-08 03:25:45 UTC,ETH,ETH_USDT_20261225,138.9,1915.29,1915.3,1915.3,1000.0,1933.75,1935.1,1933.5,1000.0,0.9505,2.5,0.9509,-0.0004,-0.0,138.9,NO-GO
1786159575,2026-08-08 03:26:15 UTC,BTC,BTC_USDT_20260925,47.9,65021.7,65021.8,65026.95,1000.0,65362.7,65405.3,65359.89,1000.0,0.512,3.91,0.4522,0.0598,0.46,42.3,MARGINAL
1786159575,2026-08-08 03:26:15 UTC,BTC,BTC_USDT_20261225,138.9,65021.7,65021.8,65026.95,1000.0,66112.0,66124.8,66080.39,1000.0,1.62,4.26,0.9509,0.6691,1.76,81.5,GO
1786159575,2026-08-08 03:26:15 UTC,ETH,ETH_USDT_20260925,47.9,1915.62,1915.63,1915.63,1000.0,1920.95,1922.15,1920.8,1000.0,0.27,2.06,0.4522,-0.1822,-1.39,80.1,NO-GO
1786159575,2026-08-08 03:26:15 UTC,ETH,ETH_USDT_20261225,138.9,1915.62,1915.63,1915.63,1000.0,1934.0,1935.55,1933.85,1000.0,0.9513,2.5,0.9509,0.0004,0.0,138.8,MARGINAL
1786159605,2026-08-08 03:26:45 UTC,BTC,BTC_USDT_20260925,47.9,65038.9,65039.0,65039.0,1000.0,65362.7,65420.3,65362.12,1000.0,0.4968,3.79,0.4522,0.0446,0.34,43.6,MARGINAL
1786159605,2026-08-08 03:26:45 UTC,BTC,BTC_USDT_20261225,138.9,65038.9,65039.0,65039.0,1000.0,66095.6,66140.1,66089.22,1000.0,1.6148,4.24,0.9509,0.6639,1.75,81.8,GO
1786159605,2026-08-08 03:26:45 UTC,ETH,ETH_USDT_20260925,47.9,1915.7,1915.71,1915.98,1000.0,1921.25,1922.7,1921.1,1000.0,0.2672,2.04,0.4522,-0.1851,-1.41,81.0,NO-GO
1786159605,2026-08-08 03:26:45 UTC,ETH,ETH_USDT_20261225,138.9,1915.7,1915.71,1915.98,1000.0,1934.0,1935.55,1933.85,1000.0,0.9326,2.45,0.9509,-0.0182,-0.05,141.6,NO-GO
1786159635,2026-08-08 03:27:15 UTC,BTC,BTC_USDT_20260925,47.9,65032.0,65032.1,65032.1,1000.0,65380.7,65409.0,65364.37,1000.0,0.5109,3.9,0.4522,0.0587,0.45,42.4,MARGINAL
1786159635,2026-08-08 03:27:15 UTC,BTC,BTC_USDT_20261225,138.9,65032.0,65032.1,65032.1,1000.0,66085.5,66128.6,66077.76,1000.0,1.6079,4.23,0.9509,0.6571,1.73,82.1,GO
1786159635,2026-08-08 03:27:15 UTC,ETH,ETH_USDT_20260925,47.9,1916.03,1916.04,1916.04,1000.0,1921.5,1923.1,1921.25,1000.0,0.2722,2.08,0.4522,-0.1801,-1.37,79.5,NO-GO
1786159635,2026-08-08 03:27:15 UTC,ETH,ETH_USDT_20261225,138.9,1916.03,1916.04,1916.04,1000.0,1934.3,1935.85,1934.15,1000.0,0.9453,2.48,0.9509,-0.0055,-0.01,139.7,NO-GO
1786159665,2026-08-08 03:27:45 UTC,BTC,BTC_USDT_20260925,47.9,65028.4,65028.5,65028.5,1000.0,65359.3,65409.0,65353.01,1000.0,0.499,3.81,0.4522,0.0468,0.36,43.4,MARGINAL
1786159665,2026-08-08 03:27:45 UTC,BTC,BTC_USDT_20261225,138.9,65028.4,65028.5,65028.5,1000.0,66074.3,66128.6,66067.34,1000.0,1.5975,4.2,0.9509,0.6467,1.7,82.6,GO
1786159665,2026-08-08 03:27:45 UTC,ETH,ETH_USDT_20260925,47.9,1916.03,1916.04,1916.04,1000.0,1921.5,1923.1,1921.25,1000.0,0.2722,2.08,0.4522,-0.1801,-1.37,79.5,NO-GO
1786159665,2026-08-08 03:27:45 UTC,ETH,ETH_USDT_20261225,138.9,1916.03,1916.04,1916.04,1000.0,1934.3,1935.85,1934.15,1000.0,0.9453,2.48,0.9509,-0.0055,-0.01,139.7,NO-GO
1786159696,2026-08-08 03:28:16 UTC,BTC,BTC_USDT_20260925,47.9,65028.4,65028.5,65028.5,1000.0,65359.3,65409.0,65353.01,1000.0,0.499,3.81,0.4522,0.0468,0.36,43.4,MARGINAL
1786159696,2026-08-08 03:28:16 UTC,BTC,BTC_USDT_20261225,138.9,65028.4,65028.5,65028.5,1000.0,66074.3,66128.6,66067.34,1000.0,1.5975,4.2,0.9509,0.6467,1.7,82.6,GO
1786159696,2026-08-08 03:28:16 UTC,ETH,ETH_USDT_20260925,47.9,1916.03,1916.04,1916.04,1000.0,1921.5,1923.1,1921.25,1000.0,0.2722,2.08,0.4522,-0.1801,-1.37,79.5,NO-GO
1786159696,2026-08-08 03:28:16 UTC,ETH,ETH_USDT_20261225,138.9,1916.03,1916.04,1916.04,1000.0,1934.3,1935.85,1934.15,1000.0,0.9453,2.48,0.9509,-0.0055,-0.01,139.7,NO-GO
1786159726,2026-08-08 03:28:46 UTC,BTC,BTC_USDT_20260925,47.9,65028.4,65028.5,65028.5,1000.0,65359.3,65409.0,65353.01,1000.0,0.499,3.81,0.4522,0.0468,0.36,43.4,MARGINAL
1786159726,2026-08-08 03:28:46 UTC,BTC,BTC_USDT_20261225,138.9,65028.4,65028.5,65028.5,1000.0,66085.4,66128.6,66079.02,1000.0,1.6155,4.25,0.9508,0.6646,1.75,81.7,GO
1786159726,2026-08-08 03:28:46 UTC,ETH,ETH_USDT_20260925,47.9,1916.03,1916.04,1916.04,1000.0,1921.5,1923.1,1921.25,1000.0,0.2722,2.08,0.4522,-0.1801,-1.37,79.5,NO-GO
1786159726,2026-08-08 03:28:46 UTC,ETH,ETH_USDT_20261225,138.9,1916.03,1916.04,1916.04,1000.0,1934.3,1935.85,1934.15,1000.0,0.9453,2.48,0.9508,-0.0055,-0.01,139.7,NO-GO
1786159756,2026-08-08 03:29:16 UTC,BTC,BTC_USDT_20260925,47.9,65028.4,65028.5,65028.5,1000.0,65359.3,65409.0,65353.01,1000.0,0.499,3.81,0.4522,0.0468,0.36,43.4,MARGINAL
1786159756,2026-08-08 03:29:16 UTC,BTC,BTC_USDT_20261225,138.9,65028.4,65028.5,65028.5,1000.0,66085.4,66128.6,66079.02,1000.0,1.6155,4.25,0.9508,0.6646,1.75,81.7,GO
1786159756,2026-08-08 03:29:16 UTC,ETH,ETH_USDT_20260925,47.9,1916.19,1916.2,1916.2,1000.0,1921.5,1923.1,1921.25,1000.0,0.2638,2.01,0.4522,-0.1884,-1.44,82.0,NO-GO
1786159756,2026-08-08 03:29:16 UTC,ETH,ETH_USDT_20261225,138.9,1916.19,1916.2,1916.2,1000.0,1934.3,1935.85,1934.15,1000.0,0.9369,2.46,0.9508,-0.0139,-0.04,140.9,NO-GO
1786159786,2026-08-08 03:29:46 UTC,BTC,BTC_USDT_20260925,47.9,65028.4,65028.5,65028.5,1000.0,65359.3,65409.0,65353.01,1000.0,0.499,3.81,0.4522,0.0468,0.36,43.4,MARGINAL
1786159786,2026-08-08 03:29:46 UTC,BTC,BTC_USDT_20261225,138.9,65028.4,65028.5,65028.5,1000.0,66085.4,66128.6,66079.02,1000.0,1.6155,4.25,0.9508,0.6646,1.75,81.7,GO
1786159786,2026-08-08 03:29:46 UTC,ETH,ETH_USDT_20260925,47.9,1916.3,1916.31,1916.31,1000.0,1921.5,1923.1,1921.25,1000.0,0.258,1.97,0.4522,-0.1942,-1.48,83.9,NO-GO
1786159786,2026-08-08 03:29:46 UTC,ETH,ETH_USDT_20261225,138.9,1916.3,1916.31,1916.31,1000.0,1934.3,1935.85,1934.15,1000.0,0.9311,2.45,0.9508,-0.0197,-0.05,141.8,NO-GO
1786159816,2026-08-08 03:30:16 UTC,BTC,BTC_USDT_20260925,47.9,65028.4,65028.5,65028.5,1000.0,65369.2,65409.0,65362.91,1000.0,0.5143,3.92,0.4522,0.062,0.47,42.1,MARGINAL
1786159816,2026-08-08 03:30:16 UTC,BTC,BTC_USDT_20261225,138.9,65028.4,65028.5,65028.5,1000.0,66085.4,66128.6,66079.02,1000.0,1.6155,4.25,0.9508,0.6646,1.75,81.7,GO
1786159816,2026-08-08 03:30:16 UTC,ETH,ETH_USDT_20260925,47.9,1916.83,1916.84,1916.84,1000.0,1922.0,1923.3,1921.85,1000.0,0.2615,1.99,0.4522,-0.1907,-1.45,82.7,NO-GO
1786159816,2026-08-08 03:30:16 UTC,ETH,ETH_USDT_20261225,138.9,1916.83,1916.84,1916.84,1000.0,1935.0,1936.35,1934.85,1000.0,0.9397,2.47,0.9508,-0.0111,-0.03,140.5,NO-GO
1786159846,2026-08-08 03:30:46 UTC,BTC,BTC_USDT_20260925,47.9,65028.4,65028.5,65028.5,1000.0,65369.2,65409.0,65362.91,1000.0,0.5143,3.92,0.4522,0.062,0.47,42.1,MARGINAL
1786159846,2026-08-08 03:30:46 UTC,BTC,BTC_USDT_20261225,138.9,65028.4,65028.5,65028.5,1000.0,66085.4,66128.6,66079.02,1000.0,1.6155,4.25,0.9508,0.6646,1.75,81.7,GO
1786159846,2026-08-08 03:30:46 UTC,ETH,ETH_USDT_20260925,47.9,1916.92,1916.93,1916.93,1000.0,1922.35,1923.3,1922.2,1000.0,0.2751,2.1,0.4522,-0.1771,-1.35,78.7,NO-GO
1786159846,2026-08-08 03:30:46 UTC,ETH,ETH_USDT_20261225,138.9,1916.92,1916.93,1916.93,1000.0,1935.25,1936.8,1935.1,1000.0,0.948,2.49,0.9508,-0.0028,-0.01,139.3,NO-GO
1786159876,2026-08-08 03:31:16 UTC,BTC,BTC_USDT_20260925,47.9,65028.4,65028.5,65028.5,1000.0,65369.2,65409.0,65362.91,1000.0,0.5143,3.92,0.4522,0.062,0.47,42.1,MARGINAL
1786159876,2026-08-08 03:31:16 UTC,BTC,BTC_USDT_20261225,138.9,65028.4,65028.5,65028.5,1000.0,66085.4,66128.6,66079.02,1000.0,1.6155,4.25,0.9508,0.6646,1.75,81.7,GO
1786159876,2026-08-08 03:31:16 UTC,ETH,ETH_USDT_20260925,47.9,1916.99,1917.0,1917.0,1000.0,1922.35,1924.0,1922.2,1000.0,0.2714,2.07,0.4522,-0.1808,-1.38,79.7,NO-GO
1786159876,2026-08-08 03:31:16 UTC,ETH,ETH_USDT_20261225,138.9,1916.99,1917.0,1917.0,1000.0,1935.25,1936.8,1935.1,1000.0,0.9443,2.48,0.9508,-0.0065,-0.02,139.8,NO-GO
1786159906,2026-08-08 03:31:46 UTC,BTC,BTC_USDT_20260925,47.9,65028.4,65028.5,65028.5,1000.0,65369.2,65409.0,65362.91,1000.0,0.5143,3.92,0.4522,0.062,0.47,42.1,MARGINAL
1786159906,2026-08-08 03:31:46 UTC,BTC,BTC_USDT_20261225,138.9,65028.4,65028.5,65028.5,1000.0,66085.4,66128.6,66079.02,1000.0,1.6155,4.25,0.9508,0.6646,1.75,81.7,GO
1786159906,2026-08-08 03:31:46 UTC,ETH,ETH_USDT_20260925,47.9,1917.3,1917.31,1917.31,1000.0,1922.35,1924.0,1922.2,1000.0,0.2552,1.95,0.4522,-0.197,-1.5,84.8,NO-GO
1786159906,2026-08-08 03:31:46 UTC,ETH,ETH_USDT_20261225,138.9,1917.3,1917.31,1917.31,1000.0,1935.25,1936.8,1935.1,1000.0,0.928,2.44,0.9508,-0.0228,-0.06,142.3,NO-GO
1786159936,2026-08-08 03:32:16 UTC,BTC,BTC_USDT_20260925,47.9,65028.4,65028.5,65028.5,1000.0,65369.2,65409.0,65362.91,1000.0,0.5143,3.92,0.4522,0.062,0.47,42.1,MARGINAL
1786159936,2026-08-08 03:32:16 UTC,BTC,BTC_USDT_20261225,138.9,65028.4,65028.5,65028.5,1000.0,66085.4,66106.8,66079.02,1000.0,1.6155,4.25,0.9508,0.6646,1.75,81.7,GO
1786159936,2026-08-08 03:32:16 UTC,ETH,ETH_USDT_20260925,47.9,1917.34,1917.35,1917.35,1000.0,1922.75,1924.2,1922.6,1000.0,0.274,2.09,0.4522,-0.1782,-1.36,79.0,NO-GO
1786159936,2026-08-08 03:32:16 UTC,ETH,ETH_USDT_20261225,138.9,1917.34,1917.35,1917.35,1000.0,1935.55,1937.0,1935.4,1000.0,0.9416,2.48,0.9508,-0.0093,-0.02,140.2,NO-GO
1786159966,2026-08-08 03:32:46 UTC,BTC,BTC_USDT_20260925,47.9,65028.4,65028.5,65028.5,1000.0,65369.2,65409.0,65362.91,1000.0,0.5143,3.92,0.4522,0.0621,0.47,42.1,MARGINAL
1786159966,2026-08-08 03:32:46 UTC,BTC,BTC_USDT_20261225,138.9,65028.4,65028.5,65028.5,1000.0,66085.4,66128.6,66079.02,1000.0,1.6155,4.25,0.9508,0.6646,1.75,81.7,GO
1786159966,2026-08-08 03:32:46 UTC,ETH,ETH_USDT_20260925,47.9,1918.15,1918.16,1918.16,1000.0,1923.5,1924.9,1923.35,1000.0,0.2707,2.06,0.4522,-0.1815,-1.38,79.9,NO-GO
1786159966,2026-08-08 03:32:46 UTC,ETH,ETH_USDT_20261225,138.9,1918.15,1918.16,1918.16,1000.0,1936.25,1937.4,1936.1,1000.0,0.9354,2.46,0.9508,-0.0154,-0.04,141.1,NO-GO
1786159996,2026-08-08 03:33:16 UTC,BTC,BTC_USDT_20260925,47.9,65042.1,65042.2,65046.64,1000.0,65379.9,65426.9,65373.65,1000.0,0.5027,3.83,0.4522,0.0505,0.39,43.0,MARGINAL
1786159996,2026-08-08 03:33:16 UTC,BTC,BTC_USDT_20261225,138.9,65042.1,65042.2,65046.64,1000.0,66107.5,66146.8,66101.12,1000.0,1.6211,4.26,0.9508,0.6703,1.76,81.4,GO
1786159996,2026-08-08 03:33:16 UTC,ETH,ETH_USDT_20260925,47.9,1918.88,1918.89,1918.89,1000.0,1924.35,1925.7,1924.2,1000.0,0.2769,2.11,0.4522,-0.1753,-1.34,78.2,NO-GO
1786159996,2026-08-08 03:33:16 UTC,ETH,ETH_USDT_20261225,138.9,1918.88,1918.89,1918.89,1000.0,1937.3,1938.4,1937.15,1000.0,0.9517,2.5,0.9508,0.0009,0.0,138.7,MARGINAL
1786160026,2026-08-08 03:33:46 UTC,BTC,BTC_USDT_20260925,47.9,65045.0,65045.1,65045.1,1000.0,65379.9,65426.9,65373.65,1000.0,0.5051,3.85,0.4522,0.0529,0.4,42.8,MARGINAL
1786160026,2026-08-08 03:33:46 UTC,BTC,BTC_USDT_20261225,138.9,65045.0,65045.1,65045.1,1000.0,66107.5,66124.5,66101.12,1000.0,1.6235,4.27,0.9508,0.6727,1.77,81.3,GO
1786160026,2026-08-08 03:33:46 UTC,ETH,ETH_USDT_20260925,47.9,1918.67,1918.68,1918.68,1000.0,1924.05,1925.55,1923.8,1000.0,0.2671,2.04,0.4522,-0.1851,-1.41,81.0,NO-GO
1786160026,2026-08-08 03:33:46 UTC,ETH,ETH_USDT_20261225,138.9,1918.67,1918.68,1918.68,1000.0,1936.95,1938.4,1936.8,1000.0,0.9446,2.48,0.9508,-0.0063,-0.02,139.8,NO-GO
1786160056,2026-08-08 03:34:16 UTC,BTC,BTC_USDT_20260925,47.9,65049.0,65049.1,65049.1,1000.0,65400.5,65440.1,65394.21,1000.0,0.5305,4.05,0.4522,0.0783,0.6,40.8,MARGINAL
1786160056,2026-08-08 03:34:16 UTC,BTC,BTC_USDT_20261225,138.9,65049.0,65049.1,65049.1,1000.0,66118.1,66166.9,66111.72,1000.0,1.6336,4.29,0.9508,0.6827,1.79,80.8,GO
1786160056,2026-08-08 03:34:16 UTC,ETH,ETH_USDT_20260925,47.9,1918.4,1918.41,1918.41,1000.0,1923.5,1924.95,1923.4,1000.0,0.2602,1.98,0.4522,-0.192,-1.46,83.2,NO-GO
1786160056,2026-08-08 03:34:16 UTC,ETH,ETH_USDT_20261225,138.9,1918.4,1918.41,1918.41,1000.0,1936.6,1938.1,1936.45,1000.0,0.9405,2.47,0.9508,-0.0103,-0.03,140.4,NO-GO
1786160086,2026-08-08 03:34:46 UTC,BTC,BTC_USDT_20260925,47.9,65055.8,65055.9,65055.9,1000.0,65400.5,65440.1,65394.21,1000.0,0.52,3.97,0.4522,0.0678,0.52,41.6,MARGINAL
1786160086,2026-08-08 03:34:46 UTC,BTC,BTC_USDT_20261225,138.9,65055.8,65055.9,65055.9,1000.0,66118.1,66166.9,66111.72,1000.0,1.6229,4.27,0.9508,0.6721,1.77,81.3,GO
1786160086,2026-08-08 03:34:46 UTC,ETH,ETH_USDT_20260925,47.9,1918.4,1918.41,1918.41,1000.0,1923.5,1924.95,1923.4,1000.0,0.2602,1.98,0.4522,-0.192,-1.46,83.2,NO-GO
1786160086,2026-08-08 03:34:46 UTC,ETH,ETH_USDT_20261225,138.9,1918.4,1918.41,1918.41,1000.0,1936.6,1938.1,1936.45,1000.0,0.9405,2.47,0.9508,-0.0103,-0.03,140.4,NO-GO
1786160116,2026-08-08 03:35:16 UTC,BTC,BTC_USDT_20260925,47.9,65057.2,65057.3,65057.3,1000.0,65400.5,65440.1,65394.21,1000.0,0.5179,3.95,0.4522,0.0657,0.5,41.8,MARGINAL
1786160116,2026-08-08 03:35:16 UTC,BTC,BTC_USDT_20261225,138.9,65057.2,65057.3,65057.3,1000.0,66118.1,66166.9,66111.72,1000.0,1.6208,4.26,0.9508,0.6699,1.76,81.5,GO
1786160116,2026-08-08 03:35:16 UTC,ETH,ETH_USDT_20260925,47.9,1918.62,1918.63,1918.63,1000.0,1923.9,1925.25,1923.75,1000.0,0.267,2.04,0.4522,-0.1852,-1.41,81.0,NO-GO
1786160116,2026-08-08 03:35:16 UTC,ETH,ETH_USDT_20261225,138.9,1918.62,1918.63,1918.63,1000.0,1936.95,1938.1,1936.8,1000.0,0.9472,2.49,0.9508,-0.0036,-0.01,139.4,NO-GO
1786160146,2026-08-08 03:35:46 UTC,BTC,BTC_USDT_20260925,47.9,65063.1,65063.2,65063.2,1000.0,65414.3,65466.5,65408.01,1000.0,0.53,4.04,0.4522,0.0778,0.59,40.8,MARGINAL
1786160146,2026-08-08 03:35:46 UTC,BTC,BTC_USDT_20261225,138.9,65063.1,65063.2,65063.2,1000.0,66133.2,66179.7,66126.82,1000.0,1.6347,4.3,0.9508,0.6839,1.8,80.8,GO
1786160146,2026-08-08 03:35:46 UTC,ETH,ETH_USDT_20260925,47.9,1918.99,1919.0,1919.0,1000.0,1924.2,1925.55,1924.05,1000.0,0.2633,2.01,0.4522,-0.1889,-1.44,82.2,NO-GO
1786160146,2026-08-08 03:35:46 UTC,ETH,ETH_USDT_20261225,138.9,1918.99,1919.0,1919.0,1000.0,1937.2,1938.8,1937.05,1000.0,0.9407,2.47,0.9508,-0.0101,-0.03,140.3,NO-GO
1786160176,2026-08-08 03:36:16 UTC,BTC,BTC_USDT_20260925,47.8,65064.2,65064.3,65064.83,1000.0,65414.3,65466.5,65408.01,1000.0,0.5275,4.02,0.4522,0.0753,0.57,41.0,MARGINAL
1786160176,2026-08-08 03:36:16 UTC,BTC,BTC_USDT_20261225,138.8,65064.2,65064.3,65064.83,1000.0,66133.2,66179.7,66126.82,1000.0,1.6322,4.29,0.9508,0.6814,1.79,80.9,GO
1786160176,2026-08-08 03:36:16 UTC,ETH,ETH_USDT_20260925,47.8,1918.99,1919.0,1919.0,1000.0,1924.2,1925.55,1924.05,1000.0,0.2633,2.01,0.4522,-0.1889,-1.44,82.2,NO-GO
1786160176,2026-08-08 03:36:16 UTC,ETH,ETH_USDT_20261225,138.8,1918.99,1919.0,1919.0,1000.0,1937.2,1938.8,1937.05,1000.0,0.9407,2.47,0.9508,-0.0101,-0.03,140.3,NO-GO
1786160206,2026-08-08 03:36:46 UTC,BTC,BTC_USDT_20260925,47.8,65049.1,65049.2,65049.2,1000.0,65382.7,65438.0,65376.45,1000.0,0.5031,3.84,0.4522,0.0509,0.39,43.0,MARGINAL
1786160206,2026-08-08 03:36:46 UTC,BTC,BTC_USDT_20261225,138.8,65049.1,65049.2,65049.2,1000.0,66101.3,66157.1,66094.92,1000.0,1.6076,4.23,0.9508,0.6568,1.73,82.1,GO
1786160206,2026-08-08 03:36:46 UTC,ETH,ETH_USDT_20260925,47.8,1918.72,1918.73,1918.73,1000.0,1924.2,1925.35,1924.05,1000.0,0.2774,2.12,0.4522,-0.1748,-1.33,78.0,NO-GO
1786160206,2026-08-08 03:36:46 UTC,ETH,ETH_USDT_20261225,138.8,1918.72,1918.73,1918.73,1000.0,1936.95,1938.55,1936.66,1000.0,0.9343,2.46,0.9508,-0.0166,-0.04,141.3,NO-GO
1786160236,2026-08-08 03:37:16 UTC,BTC,BTC_USDT_20260925,47.8,65037.7,65037.8,65037.8,1000.0,65382.7,65426.5,65376.45,1000.0,0.5207,3.97,0.4522,0.0685,0.52,41.6,MARGINAL
1786160236,2026-08-08 03:37:16 UTC,BTC,BTC_USDT_20261225,138.8,65037.7,65037.8,65037.8,1000.0,66101.3,66145.6,66094.92,1000.0,1.6254,4.27,0.9508,0.6746,1.77,81.2,GO
1786160236,2026-08-08 03:37:16 UTC,ETH,ETH_USDT_20260925,47.8,1918.59,1918.6,1918.6,1000.0,1923.9,1925.35,1923.7,1000.0,0.266,2.03,0.4522,-0.1862,-1.42,81.3,NO-GO
1786160236,2026-08-08 03:37:16 UTC,ETH,ETH_USDT_20261225,138.8,1918.59,1918.6,1918.6,1000.0,1936.95,1938.25,1936.66,1000.0,0.9411,2.47,0.9508,-0.0097,-0.03,140.3,NO-GO
1786160266,2026-08-08 03:37:46 UTC,BTC,BTC_USDT_20260925,47.8,65021.8,65021.9,65021.9,1000.0,65362.9,65405.8,65353.71,1000.0,0.5103,3.89,0.4522,0.0581,0.44,42.4,MARGINAL
1786160266,2026-08-08 03:37:46 UTC,BTC,BTC_USDT_20261225,138.8,65021.8,65021.9,65021.9,1000.0,66081.2,66124.5,66071.82,1000.0,1.6147,4.24,0.9508,0.6639,1.75,81.8,GO
1786160266,2026-08-08 03:37:46 UTC,ETH,ETH_USDT_20260925,47.8,1917.91,1917.92,1917.92,1000.0,1923.1,1924.7,1922.95,1000.0,0.2624,2.0,0.4522,-0.1898,-1.45,82.5,NO-GO
1786160266,2026-08-08 03:37:46 UTC,ETH,ETH_USDT_20261225,138.8,1917.91,1917.92,1917.92,1000.0,1936.0,1937.45,1935.95,1000.0,0.9401,2.47,0.9508,-0.0107,-0.03,140.4,NO-GO
1786160296,2026-08-08 03:38:16 UTC,BTC,BTC_USDT_20260925,47.8,65009.2,65009.3,65009.3,1000.0,65349.7,65405.8,65342.97,1000.0,0.5133,3.92,0.4522,0.0611,0.47,42.2,MARGINAL
1786160296,2026-08-08 03:38:16 UTC,BTC,BTC_USDT_20261225,138.8,65009.2,65009.3,65009.3,1000.0,66067.8,66124.5,66060.93,1000.0,1.6177,4.25,0.9508,0.6669,1.75,81.6,GO
1786160296,2026-08-08 03:38:16 UTC,ETH,ETH_USDT_20260925,47.8,1917.63,1917.64,1917.64,1000.0,1922.55,1924.1,1922.5,1000.0,0.2535,1.93,0.4522,-0.1987,-1.52,85.4,NO-GO
1786160296,2026-08-08 03:38:16 UTC,ETH,ETH_USDT_20261225,138.8,1917.63,1917.64,1917.64,1000.0,1935.8,1937.05,1935.6,1000.0,0.9368,2.46,0.9508,-0.014,-0.04,140.9,NO-GO
1786160326,2026-08-08 03:38:46 UTC,BTC,BTC_USDT_20260925,47.8,65009.2,65009.3,65009.3,1000.0,65349.7,65405.8,65342.97,1000.0,0.5133,3.92,0.4522,0.0611,0.47,42.2,MARGINAL
1786160326,2026-08-08 03:38:46 UTC,BTC,BTC_USDT_20261225,138.8,65009.2,65009.3,65009.3,1000.0,66067.8,66124.5,66060.93,1000.0,1.6177,4.25,0.9508,0.6669,1.75,81.6,GO
1786160326,2026-08-08 03:38:46 UTC,ETH,ETH_USDT_20260925,47.8,1917.63,1917.64,1917.64,1000.0,1922.55,1924.1,1922.5,1000.0,0.2535,1.93,0.4522,-0.1987,-1.52,85.4,NO-GO
1786160326,2026-08-08 03:38:46 UTC,ETH,ETH_USDT_20261225,138.8,1917.63,1917.64,1917.64,1000.0,1935.8,1937.05,1935.6,1000.0,0.9368,2.46,0.9508,-0.014,-0.04,140.9,NO-GO
1786160356,2026-08-08 03:39:16 UTC,BTC,BTC_USDT_20260925,47.8,65012.9,65013.0,65013.0,1000.0,65349.7,65405.8,65342.97,1000.0,0.5076,3.87,0.4522,0.0554,0.42,42.6,MARGINAL
1786160356,2026-08-08 03:39:16 UTC,BTC,BTC_USDT_20261225,138.8,65012.9,65013.0,65013.0,1000.0,66067.8,66124.5,66060.93,1000.0,1.6119,4.24,0.9508,0.6611,1.74,81.9,GO
1786160356,2026-08-08 03:39:16 UTC,ETH,ETH_USDT_20260925,47.8,1917.63,1917.64,1917.64,1000.0,1922.55,1924.1,1922.5,1000.0,0.2535,1.93,0.4522,-0.1987,-1.52,85.4,NO-GO
1786160356,2026-08-08 03:39:16 UTC,ETH,ETH_USDT_20261225,138.8,1917.63,1917.64,1917.64,1000.0,1935.8,1937.05,1935.6,1000.0,0.9368,2.46,0.9508,-0.014,-0.04,140.9,NO-GO
1786160386,2026-08-08 03:39:46 UTC,BTC,BTC_USDT_20260925,47.8,65012.9,65013.0,65013.0,1000.0,65349.7,65405.8,65342.97,1000.0,0.5076,3.87,0.4522,0.0554,0.42,42.6,MARGINAL
1786160386,2026-08-08 03:39:46 UTC,BTC,BTC_USDT_20261225,138.8,65012.9,65013.0,65013.0,1000.0,66067.8,66124.5,66060.93,1000.0,1.6119,4.24,0.9508,0.6611,1.74,81.9,GO
1786160386,2026-08-08 03:39:46 UTC,ETH,ETH_USDT_20260925,47.8,1917.63,1917.64,1917.64,1000.0,1922.55,1924.1,1922.5,1000.0,0.2535,1.93,0.4522,-0.1987,-1.52,85.4,NO-GO
1786160386,2026-08-08 03:39:46 UTC,ETH,ETH_USDT_20261225,138.8,1917.63,1917.64,1917.64,1000.0,1935.8,1937.05,1935.6,1000.0,0.9368,2.46,0.9508,-0.014,-0.04,140.9,NO-GO
1786160416,2026-08-08 03:40:16 UTC,BTC,BTC_USDT_20260925,47.8,65012.9,65013.0,65013.0,1000.0,65349.7,65394.7,65342.97,1000.0,0.5076,3.87,0.4522,0.0554,0.42,42.6,MARGINAL
1786160416,2026-08-08 03:40:16 UTC,BTC,BTC_USDT_20261225,138.8,65012.9,65013.0,65013.0,1000.0,66067.8,66113.2,66060.93,1000.0,1.6119,4.24,0.9508,0.6611,1.74,81.9,GO
1786160416,2026-08-08 03:40:16 UTC,ETH,ETH_USDT_20260925,47.8,1917.72,1917.73,1917.73,1000.0,1922.95,1924.4,1922.8,1000.0,0.2645,2.02,0.4522,-0.1877,-1.43,81.8,NO-GO
1786160416,2026-08-08 03:40:16 UTC,ETH,ETH_USDT_20261225,138.8,1917.72,1917.73,1917.73,1000.0,1935.8,1937.05,1935.6,1000.0,0.932,2.45,0.9508,-0.0188,-0.05,141.6,NO-GO
1786160446,2026-08-08 03:40:46 UTC,BTC,BTC_USDT_20260925,47.8,65008.3,65008.4,65008.4,1000.0,65336.5,65394.7,65332.82,1000.0,0.499,3.81,0.4522,0.0469,0.36,43.4,MARGINAL
1786160446,2026-08-08 03:40:46 UTC,BTC,BTC_USDT_20261225,138.8,65008.3,65008.4,65008.4,1000.0,66054.4,66113.2,66050.63,1000.0,1.6032,4.21,0.9508,0.6524,1.72,82.3,GO
1786160446,2026-08-08 03:40:46 UTC,ETH,ETH_USDT_20260925,47.8,1917.66,1917.67,1917.67,1000.0,1922.95,1924.4,1922.8,1000.0,0.2677,2.04,0.4522,-0.1845,-1.41,80.8,NO-GO
1786160446,2026-08-08 03:40:46 UTC,ETH,ETH_USDT_20261225,138.8,1917.66,1917.67,1917.67,1000.0,1935.8,1937.05,1935.6,1000.0,0.9352,2.46,0.9508,-0.0156,-0.04,141.2,NO-GO
1786160476,2026-08-08 03:41:16 UTC,BTC,BTC_USDT_20260925,47.8,65003.6,65003.7,65003.7,1000.0,65336.5,65394.7,65332.82,1000.0,0.5063,3.86,0.4522,0.0541,0.41,42.7,MARGINAL
1786160476,2026-08-08 03:41:16 UTC,BTC,BTC_USDT_20261225,138.8,65003.6,65003.7,65003.7,1000.0,66054.4,66113.2,66050.63,1000.0,1.6106,4.23,0.9508,0.6598,1.73,82.0,GO
1786160476,2026-08-08 03:41:16 UTC,ETH,ETH_USDT_20260925,47.8,1917.66,1917.67,1917.67,1000.0,1922.95,1924.4,1922.8,1000.0,0.2677,2.04,0.4522,-0.1845,-1.41,80.8,NO-GO
1786160476,2026-08-08 03:41:16 UTC,ETH,ETH_USDT_20261225,138.8,1917.66,1917.67,1917.67,1000.0,1935.8,1937.05,1935.6,1000.0,0.9352,2.46,0.9508,-0.0156,-0.04,141.2,NO-GO
1786160506,2026-08-08 03:41:46 UTC,BTC,BTC_USDT_20260925,47.8,65002.8,65002.9,65004.28,1000.0,65336.5,65394.7,65332.82,1000.0,0.5054,3.86,0.4522,0.0533,0.41,42.8,MARGINAL
1786160506,2026-08-08 03:41:46 UTC,BTC,BTC_USDT_20261225,138.8,65002.8,65002.9,65004.28,1000.0,66067.3,66113.2,66060.92,1000.0,1.6255,4.27,0.9508,0.6747,1.77,81.2,GO
1786160506,2026-08-08 03:41:46 UTC,ETH,ETH_USDT_20260925,47.8,1917.66,1917.67,1917.67,1000.0,1922.95,1924.4,1922.8,1000.0,0.2677,2.04,0.4522,-0.1845,-1.41,80.8,NO-GO
1786160506,2026-08-08 03:41:46 UTC,ETH,ETH_USDT_20261225,138.8,1917.66,1917.67,1917.67,1000.0,1935.8,1937.05,1935.6,1000.0,0.9352,2.46,0.9508,-0.0156,-0.04,141.2,NO-GO
1786160536,2026-08-08 03:42:16 UTC,BTC,BTC_USDT_20260925,47.8,65008.1,65008.2,65008.2,1000.0,65349.1,65394.7,65342.85,1000.0,0.5148,3.93,0.4522,0.0626,0.48,42.0,MARGINAL
1786160536,2026-08-08 03:42:16 UTC,BTC,BTC_USDT_20261225,138.8,65008.1,65008.2,65008.2,1000.0,66067.3,66113.2,66060.92,1000.0,1.6194,4.26,0.9508,0.6686,1.76,81.5,GO
1786160536,2026-08-08 03:42:16 UTC,ETH,ETH_USDT_20260925,47.8,1917.78,1917.79,1917.79,1000.0,1922.95,1924.4,1922.8,1000.0,0.2614,1.99,0.4522,-0.1908,-1.46,82.8,NO-GO
1786160536,2026-08-08 03:42:16 UTC,ETH,ETH_USDT_20261225,138.8,1917.78,1917.79,1917.79,1000.0,1935.8,1937.45,1935.6,1000.0,0.9289,2.44,0.9508,-0.0219,-0.06,142.1,NO-GO
1786160566,2026-08-08 03:42:46 UTC,BTC,BTC_USDT_20260925,47.8,65008.1,65008.2,65008.2,1000.0,65349.1,65394.7,65342.85,1000.0,0.5148,3.93,0.4522,0.0626,0.48,42.0,MARGINAL
1786160566,2026-08-08 03:42:46 UTC,BTC,BTC_USDT_20261225,138.8,65008.1,65008.2,65008.2,1000.0,66067.3,66113.2,66060.92,1000.0,1.6194,4.26,0.9508,0.6686,1.76,81.5,GO
1786160566,2026-08-08 03:42:46 UTC,ETH,ETH_USDT_20260925,47.8,1917.76,1917.77,1917.77,1000.0,1922.95,1924.4,1922.8,1000.0,0.2624,2.0,0.4522,-0.1897,-1.45,82.4,NO-GO
1786160566,2026-08-08 03:42:46 UTC,ETH,ETH_USDT_20261225,138.8,1917.76,1917.77,1917.77,1000.0,1935.8,1937.45,1935.6,1000.0,0.9299,2.44,0.9508,-0.0209,-0.05,142.0,NO-GO
1786160596,2026-08-08 03:43:16 UTC,BTC,BTC_USDT_20260925,47.8,65012.5,65012.6,65012.6,1000.0,65349.1,65394.7,65342.85,1000.0,0.508,3.88,0.4522,0.0558,0.43,42.6,MARGINAL
1786160596,2026-08-08 03:43:16 UTC,BTC,BTC_USDT_20261225,138.8,65012.5,65012.6,65012.6,1000.0,66067.3,66113.2,66060.92,1000.0,1.6125,4.24,0.9508,0.6617,1.74,81.9,GO
1786160596,2026-08-08 03:43:16 UTC,ETH,ETH_USDT_20260925,47.8,1917.76,1917.77,1917.77,1000.0,1922.95,1924.4,1922.8,1000.0,0.2624,2.0,0.4522,-0.1897,-1.45,82.4,NO-GO
1786160596,2026-08-08 03:43:16 UTC,ETH,ETH_USDT_20261225,138.8,1917.76,1917.77,1917.77,1000.0,1935.8,1937.45,1935.6,1000.0,0.9299,2.44,0.9508,-0.0209,-0.05,142.0,NO-GO
1786160626,2026-08-08 03:43:46 UTC,BTC,BTC_USDT_20260925,47.8,65012.5,65012.6,65012.6,1000.0,65349.1,65394.7,65342.85,1000.0,0.508,3.88,0.4522,0.0558,0.43,42.6,MARGINAL
1786160626,2026-08-08 03:43:46 UTC,BTC,BTC_USDT_20261225,138.8,65012.5,65012.6,65012.6,1000.0,66067.3,66113.2,66060.92,1000.0,1.6125,4.24,0.9508,0.6617,1.74,81.9,GO
1786160626,2026-08-08 03:43:46 UTC,ETH,ETH_USDT_20260925,47.8,1917.76,1917.77,1917.77,1000.0,1922.95,1924.4,1922.8,1000.0,0.2624,2.0,0.4522,-0.1897,-1.45,82.4,NO-GO
1786160626,2026-08-08 03:43:46 UTC,ETH,ETH_USDT_20261225,138.8,1917.76,1917.77,1917.77,1000.0,1935.8,1937.45,1935.6,1000.0,0.9299,2.44,0.9508,-0.0209,-0.05,142.0,NO-GO
1786160656,2026-08-08 03:44:16 UTC,BTC,BTC_USDT_20260925,47.8,65012.5,65012.6,65012.6,1000.0,65349.1,65394.7,65342.85,1000.0,0.508,3.88,0.4522,0.0558,0.43,42.6,MARGINAL
1786160656,2026-08-08 03:44:16 UTC,BTC,BTC_USDT_20261225,138.8,65012.5,65012.6,65012.6,1000.0,66067.3,66113.2,66060.92,1000.0,1.6125,4.24,0.9508,0.6617,1.74,81.9,GO
1786160656,2026-08-08 03:44:16 UTC,ETH,ETH_USDT_20260925,47.8,1917.76,1917.77,1917.77,1000.0,1922.95,1924.15,1922.8,1000.0,0.2624,2.0,0.4522,-0.1897,-1.45,82.4,NO-GO
1786160656,2026-08-08 03:44:16 UTC,ETH,ETH_USDT_20261225,138.8,1917.76,1917.77,1917.77,1000.0,1935.8,1937.05,1935.6,1000.0,0.9299,2.44,0.9508,-0.0209,-0.05,142.0,NO-GO
1786160686,2026-08-08 03:44:46 UTC,BTC,BTC_USDT_20260925,47.8,65012.5,65012.6,65012.6,1000.0,65349.1,65394.7,65342.85,1000.0,0.508,3.88,0.4522,0.0558,0.43,42.6,MARGINAL
1786160686,2026-08-08 03:44:46 UTC,BTC,BTC_USDT_20261225,138.8,65012.5,65012.6,65012.6,1000.0,66067.3,66113.2,66060.92,1000.0,1.6125,4.24,0.9508,0.6617,1.74,81.9,GO
1786160686,2026-08-08 03:44:46 UTC,ETH,ETH_USDT_20260925,47.8,1917.42,1917.43,1917.43,1000.0,1922.55,1924.15,1922.45,1000.0,0.2619,2.0,0.4522,-0.1902,-1.45,82.6,NO-GO
1786160686,2026-08-08 03:44:46 UTC,ETH,ETH_USDT_20261225,138.8,1917.42,1917.43,1917.43,1000.0,1935.8,1937.05,1935.6,1000.0,0.9478,2.49,0.9508,-0.003,-0.01,139.3,NO-GO
1786160716,2026-08-08 03:45:16 UTC,BTC,BTC_USDT_20260925,47.8,65012.5,65012.6,65012.6,1000.0,65349.1,65394.7,65342.85,1000.0,0.508,3.88,0.4522,0.0558,0.43,42.6,MARGINAL
1786160716,2026-08-08 03:45:16 UTC,BTC,BTC_USDT_20261225,138.8,65012.5,65012.6,65012.6,1000.0,66067.3,66113.2,66060.92,1000.0,1.6125,4.24,0.9508,0.6617,1.74,81.9,GO
1786160716,2026-08-08 03:45:16 UTC,ETH,ETH_USDT_20260925,47.8,1917.66,1917.67,1917.67,1000.0,1922.95,1924.4,1922.8,1000.0,0.2677,2.04,0.4522,-0.1845,-1.41,80.8,NO-GO
1786160716,2026-08-08 03:45:16 UTC,ETH,ETH_USDT_20261225,138.8,1917.66,1917.67,1917.67,1000.0,1935.8,1937.05,1935.6,1000.0,0.9352,2.46,0.9508,-0.0156,-0.04,141.2,NO-GO
1786160746,2026-08-08 03:45:46 UTC,BTC,BTC_USDT_20260925,47.8,65012.5,65012.6,65012.6,1000.0,65349.1,65394.7,65342.85,1000.0,0.508,3.88,0.4522,0.0558,0.43,42.6,MARGINAL
1786160746,2026-08-08 03:45:46 UTC,BTC,BTC_USDT_20261225,138.8,65012.5,65012.6,65012.6,1000.0,66097.1,66113.2,66062.51,1000.0,1.6149,4.25,0.9508,0.6642,1.75,81.7,GO
1786160746,2026-08-08 03:45:46 UTC,ETH,ETH_USDT_20260925,47.8,1917.68,1917.69,1917.69,1000.0,1922.95,1924.4,1922.8,1000.0,0.2666,2.03,0.4522,-0.1855,-1.42,81.1,NO-GO
1786160746,2026-08-08 03:45:46 UTC,ETH,ETH_USDT_20261225,138.8,1917.68,1917.69,1917.69,1000.0,1935.8,1937.05,1935.6,1000.0,0.9341,2.46,0.9508,-0.0166,-0.04,141.3,NO-GO
1786160776,2026-08-08 03:46:16 UTC,BTC,BTC_USDT_20260925,47.8,65012.5,65012.6,65012.6,1000.0,65349.1,65394.7,65342.85,1000.0,0.508,3.88,0.4522,0.0558,0.43,42.6,MARGINAL
1786160776,2026-08-08 03:46:16 UTC,BTC,BTC_USDT_20261225,138.8,65012.5,65012.6,65012.6,1000.0,66067.3,66113.2,66060.92,1000.0,1.6125,4.24,0.9508,0.6617,1.74,81.9,GO
1786160776,2026-08-08 03:46:16 UTC,ETH,ETH_USDT_20260925,47.8,1917.68,1917.69,1917.69,1000.0,1922.95,1924.4,1922.8,1000.0,0.2666,2.03,0.4522,-0.1855,-1.42,81.1,NO-GO
1786160776,2026-08-08 03:46:16 UTC,ETH,ETH_USDT_20261225,138.8,1917.68,1917.69,1917.69,1000.0,1935.8,1937.05,1935.6,1000.0,0.9341,2.46,0.9508,-0.0166,-0.04,141.3,NO-GO
1786160806,2026-08-08 03:46:46 UTC,BTC,BTC_USDT_20260925,47.8,65012.5,65012.6,65012.6,1000.0,65349.1,65394.7,65342.85,1000.0,0.508,3.88,0.4522,0.0558,0.43,42.6,MARGINAL
1786160806,2026-08-08 03:46:46 UTC,BTC,BTC_USDT_20261225,138.8,65012.5,65012.6,65012.6,1000.0,66067.3,66113.2,66060.92,1000.0,1.6125,4.24,0.9508,0.6617,1.74,81.9,GO
1786160806,2026-08-08 03:46:46 UTC,ETH,ETH_USDT_20260925,47.8,1917.74,1917.75,1917.75,1000.0,1922.95,1924.4,1922.8,1000.0,0.2635,2.01,0.4522,-0.1887,-1.44,82.1,NO-GO
1786160806,2026-08-08 03:46:46 UTC,ETH,ETH_USDT_20261225,138.8,1917.74,1917.75,1917.75,1000.0,1936.0,1937.45,1935.85,1000.0,0.944,2.48,0.9508,-0.0068,-0.02,139.8,NO-GO
1786160836,2026-08-08 03:47:16 UTC,BTC,BTC_USDT_20260925,47.8,65012.5,65012.6,65012.6,1000.0,65349.1,65394.7,65342.85,1000.0,0.508,3.88,0.4521,0.0558,0.43,42.6,MARGINAL
1786160836,2026-08-08 03:47:16 UTC,BTC,BTC_USDT_20261225,138.8,65012.5,65012.6,65012.6,1000.0,66067.3,66113.2,66060.92,1000.0,1.6125,4.24,0.9508,0.6617,1.74,81.9,GO
1786160836,2026-08-08 03:47:16 UTC,ETH,ETH_USDT_20260925,47.8,1917.83,1917.84,1917.84,1000.0,1922.95,1924.4,1922.8,1000.0,0.2588,1.97,0.4521,-0.1934,-1.48,83.6,NO-GO
1786160836,2026-08-08 03:47:16 UTC,ETH,ETH_USDT_20261225,138.8,1917.83,1917.84,1917.84,1000.0,1936.4,1937.45,1935.86,1000.0,0.9398,2.47,0.9508,-0.011,-0.03,140.5,NO-GO
1786160866,2026-08-08 03:47:46 UTC,BTC,BTC_USDT_20260925,47.8,65012.5,65012.6,65012.6,1000.0,65349.1,65394.7,65342.85,1000.0,0.508,3.88,0.4521,0.0558,0.43,42.6,MARGINAL
1786160866,2026-08-08 03:47:46 UTC,BTC,BTC_USDT_20261225,138.8,65012.5,65012.6,65012.6,1000.0,66095.9,66113.2,66062.08,1000.0,1.6143,4.24,0.9508,0.6635,1.74,81.8,GO
1786160866,2026-08-08 03:47:46 UTC,ETH,ETH_USDT_20260925,47.8,1917.75,1917.76,1917.76,1000.0,1922.95,1924.4,1922.8,1000.0,0.263,2.01,0.4521,-0.1892,-1.44,82.3,NO-GO
1786160866,2026-08-08 03:47:46 UTC,ETH,ETH_USDT_20261225,138.8,1917.75,1917.76,1917.76,1000.0,1936.0,1937.45,1935.85,1000.0,0.9434,2.48,0.9508,-0.0073,-0.02,139.9,NO-GO
1786160896,2026-08-08 03:48:16 UTC,BTC,BTC_USDT_20260925,47.8,65012.5,65012.6,65012.6,1000.0,65349.1,65394.7,65342.85,1000.0,0.508,3.88,0.4521,0.0558,0.43,42.6,MARGINAL
1786160896,2026-08-08 03:48:16 UTC,BTC,BTC_USDT_20261225,138.8,65012.5,65012.6,65012.6,1000.0,66067.3,66113.2,66060.92,1000.0,1.6125,4.24,0.9508,0.6617,1.74,81.9,GO
1786160896,2026-08-08 03:48:16 UTC,ETH,ETH_USDT_20260925,47.8,1917.56,1917.57,1917.57,1000.0,1922.95,1924.4,1922.8,1000.0,0.2729,2.08,0.4521,-0.1793,-1.37,79.3,NO-GO
1786160896,2026-08-08 03:48:16 UTC,ETH,ETH_USDT_20261225,138.8,1917.56,1917.57,1917.57,1000.0,1935.55,1937.1,1935.45,1000.0,0.9325,2.45,0.9508,-0.0182,-0.05,141.6,NO-GO
1786160926,2026-08-08 03:48:46 UTC,BTC,BTC_USDT_20260925,47.8,65012.5,65012.6,65012.6,1000.0,65364.0,65415.9,65357.75,1000.0,0.5309,4.05,0.4521,0.0788,0.6,40.7,MARGINAL
1786160926,2026-08-08 03:48:46 UTC,BTC,BTC_USDT_20261225,138.8,65012.5,65012.6,65012.6,1000.0,66082.5,66130.1,66076.12,1000.0,1.6359,4.3,0.9508,0.6851,1.8,80.7,GO
1786160926,2026-08-08 03:48:46 UTC,ETH,ETH_USDT_20260925,47.8,1917.69,1917.7,1917.71,1000.0,1923.25,1924.4,1923.1,1000.0,0.2814,2.15,0.4521,-0.1708,-1.3,76.9,NO-GO
1786160926,2026-08-08 03:48:46 UTC,ETH,ETH_USDT_20261225,138.8,1917.69,1917.7,1917.71,1000.0,1935.95,1937.45,1935.8,1000.0,0.9436,2.48,0.9508,-0.0072,-0.02,139.9,NO-GO
1786160956,2026-08-08 03:49:16 UTC,BTC,BTC_USDT_20260925,47.8,65032.6,65032.7,65032.7,1000.0,65364.0,65415.9,65357.75,1000.0,0.4998,3.81,0.4521,0.0477,0.36,43.3,MARGINAL
1786160956,2026-08-08 03:49:16 UTC,BTC,BTC_USDT_20261225,138.8,65032.6,65032.7,65032.7,1000.0,66082.5,66130.1,66076.12,1000.0,1.6045,4.22,0.9508,0.6537,1.72,82.3,GO
1786160956,2026-08-08 03:49:16 UTC,ETH,ETH_USDT_20260925,47.8,1918.11,1918.12,1918.12,1000.0,1923.25,1924.7,1923.1,1000.0,0.2598,1.98,0.4521,-0.1924,-1.47,83.3,NO-GO
1786160956,2026-08-08 03:49:16 UTC,ETH,ETH_USDT_20261225,138.8,1918.11,1918.12,1918.12,1000.0,1936.35,1937.8,1936.2,1000.0,0.9427,2.48,0.9508,-0.008,-0.02,140.0,NO-GO
1786160986,2026-08-08 03:49:46 UTC,BTC,BTC_USDT_20260925,47.8,65032.6,65032.7,65032.7,1000.0,65364.0,65415.9,65357.75,1000.0,0.4998,3.81,0.4521,0.0477,0.36,43.3,MARGINAL
1786160986,2026-08-08 03:49:46 UTC,BTC,BTC_USDT_20261225,138.8,65032.6,65032.7,65032.7,1000.0,66082.5,66130.1,66076.12,1000.0,1.6045,4.22,0.9508,0.6537,1.72,82.3,GO
1786160986,2026-08-08 03:49:46 UTC,ETH,ETH_USDT_20260925,47.8,1918.1,1918.11,1918.11,1000.0,1923.25,1924.7,1923.1,1000.0,0.2603,1.99,0.4521,-0.1918,-1.46,83.1,NO-GO
1786160986,2026-08-08 03:49:46 UTC,ETH,ETH_USDT_20261225,138.8,1918.1,1918.11,1918.11,1000.0,1936.35,1937.8,1936.2,1000.0,0.9433,2.48,0.9508,-0.0075,-0.02,139.9,NO-GO
1786161016,2026-08-08 03:50:16 UTC,BTC,BTC_USDT_20260925,47.8,65032.4,65032.5,65032.5,1000.0,65364.0,65415.9,65357.75,1000.0,0.5001,3.82,0.4521,0.048,0.37,43.2,MARGINAL
1786161016,2026-08-08 03:50:16 UTC,BTC,BTC_USDT_20261225,138.8,65032.4,65032.5,65032.5,1000.0,66082.5,66130.1,66076.12,1000.0,1.6048,4.22,0.9508,0.654,1.72,82.3,GO
1786161016,2026-08-08 03:50:16 UTC,ETH,ETH_USDT_20260925,47.8,1917.82,1917.83,1917.83,1000.0,1923.25,1924.7,1923.1,1000.0,0.2749,2.1,0.4521,-0.1772,-1.35,78.7,NO-GO
1786161016,2026-08-08 03:50:16 UTC,ETH,ETH_USDT_20261225,138.8,1917.82,1917.83,1917.83,1000.0,1935.95,1937.5,1935.85,1000.0,0.9397,2.47,0.9508,-0.0111,-0.03,140.5,NO-GO
1786161046,2026-08-08 03:50:46 UTC,BTC,BTC_USDT_20260925,47.8,65032.4,65032.5,65032.5,1000.0,65364.0,65415.9,65357.75,1000.0,0.5001,3.82,0.4521,0.048,0.37,43.2,MARGINAL
1786161046,2026-08-08 03:50:46 UTC,BTC,BTC_USDT_20261225,138.8,65032.4,65032.5,65032.5,1000.0,66082.5,66130.1,66076.12,1000.0,1.6048,4.22,0.9508,0.654,1.72,82.3,GO
1786161046,2026-08-08 03:50:46 UTC,ETH,ETH_USDT_20260925,47.8,1917.95,1917.96,1917.96,1000.0,1923.25,1924.7,1923.1,1000.0,0.2681,2.05,0.4521,-0.184,-1.4,80.7,NO-GO
1786161046,2026-08-08 03:50:46 UTC,ETH,ETH_USDT_20261225,138.8,1917.95,1917.96,1917.96,1000.0,1935.95,1937.5,1935.85,1000.0,0.9329,2.45,0.9508,-0.0179,-0.05,141.5,NO-GO
1786161076,2026-08-08 03:51:16 UTC,BTC,BTC_USDT_20260925,47.8,65032.4,65032.5,65032.5,1000.0,65364.0,65415.9,65357.75,1000.0,0.5001,3.82,0.4521,0.048,0.37,43.2,MARGINAL
1786161076,2026-08-08 03:51:16 UTC,BTC,BTC_USDT_20261225,138.8,65032.4,65032.5,65032.5,1000.0,66082.5,66130.1,66076.12,1000.0,1.6048,4.22,0.9508,0.654,1.72,82.3,GO
1786161076,2026-08-08 03:51:16 UTC,ETH,ETH_USDT_20260925,47.8,1917.95,1917.96,1917.96,1000.0,1923.25,1924.7,1923.1,1000.0,0.2681,2.05,0.4521,-0.184,-1.4,80.7,NO-GO
1786161076,2026-08-08 03:51:16 UTC,ETH,ETH_USDT_20261225,138.8,1917.95,1917.96,1917.96,1000.0,1935.95,1937.5,1935.85,1000.0,0.9329,2.45,0.9508,-0.0179,-0.05,141.5,NO-GO
1786161106,2026-08-08 03:51:46 UTC,BTC,BTC_USDT_20260925,47.8,65032.4,65032.5,65032.5,1000.0,65364.0,65415.9,65357.75,1000.0,0.5001,3.82,0.4521,0.048,0.37,43.2,MARGINAL
1786161106,2026-08-08 03:51:46 UTC,BTC,BTC_USDT_20261225,138.8,65032.4,65032.5,65032.5,1000.0,66082.5,66130.1,66076.12,1000.0,1.6048,4.22,0.9508,0.654,1.72,82.3,GO
1786161106,2026-08-08 03:51:46 UTC,ETH,ETH_USDT_20260925,47.8,1917.91,1917.92,1917.92,1000.0,1923.25,1924.7,1923.1,1000.0,0.2702,2.06,0.4521,-0.1819,-1.39,80.0,NO-GO
1786161106,2026-08-08 03:51:46 UTC,ETH,ETH_USDT_20261225,138.8,1917.91,1917.92,1917.92,1000.0,1935.95,1937.5,1935.85,1000.0,0.935,2.46,0.9508,-0.0158,-0.04,141.2,NO-GO
1786161136,2026-08-08 03:52:16 UTC,BTC,BTC_USDT_20260925,47.8,65032.4,65032.5,65032.5,1000.0,65364.0,65415.9,65357.75,1000.0,0.5001,3.82,0.4521,0.048,0.37,43.2,MARGINAL
1786161136,2026-08-08 03:52:16 UTC,BTC,BTC_USDT_20261225,138.8,65032.4,65032.5,65032.5,1000.0,66082.5,66130.1,66076.12,1000.0,1.6048,4.22,0.9508,0.654,1.72,82.3,GO
1786161136,2026-08-08 03:52:16 UTC,ETH,ETH_USDT_20260925,47.8,1917.9,1917.91,1917.91,1000.0,1923.25,1924.7,1923.1,1000.0,0.2708,2.07,0.4521,-0.1814,-1.38,79.9,NO-GO
1786161136,2026-08-08 03:52:16 UTC,ETH,ETH_USDT_20261225,138.8,1917.9,1917.91,1917.91,1000.0,1935.95,1937.5,1935.85,1000.0,0.9355,2.46,0.9508,-0.0153,-0.04,141.1,NO-GO
1786161166,2026-08-08 03:52:46 UTC,BTC,BTC_USDT_20260925,47.8,65027.9,65028.0,65028.0,1000.0,65363.3,65400.4,65346.06,1000.0,0.4891,3.73,0.4521,0.037,0.28,44.2,MARGINAL
1786161166,2026-08-08 03:52:46 UTC,BTC,BTC_USDT_20261225,138.8,65027.9,65028.0,65028.0,1000.0,66067.3,66119.6,66063.92,1000.0,1.593,4.19,0.9508,0.6423,1.69,82.9,GO
1786161166,2026-08-08 03:52:46 UTC,ETH,ETH_USDT_20260925,47.8,1917.67,1917.68,1917.68,1000.0,1922.95,1924.4,1922.75,1000.0,0.2646,2.02,0.4521,-0.1875,-1.43,81.7,NO-GO
1786161166,2026-08-08 03:52:46 UTC,ETH,ETH_USDT_20261225,138.8,1917.67,1917.68,1917.68,1000.0,1935.95,1937.05,1935.46,1000.0,0.9271,2.44,0.9508,-0.0236,-0.06,142.4,NO-GO
1786161196,2026-08-08 03:53:16 UTC,BTC,BTC_USDT_20260925,47.8,65026.4,65026.5,65026.5,1000.0,65349.1,65400.4,65345.35,1000.0,0.4903,3.74,0.4521,0.0382,0.29,44.1,MARGINAL
1786161196,2026-08-08 03:53:16 UTC,BTC,BTC_USDT_20261225,138.8,65026.4,65026.5,65026.5,1000.0,66067.3,66119.6,66063.92,1000.0,1.5954,4.19,0.9508,0.6446,1.69,82.7,GO
1786161196,2026-08-08 03:53:16 UTC,ETH,ETH_USDT_20260925,47.8,1917.67,1917.68,1917.68,1000.0,1922.95,1924.4,1922.75,1000.0,0.2646,2.02,0.4521,-0.1875,-1.43,81.7,NO-GO
1786161196,2026-08-08 03:53:16 UTC,ETH,ETH_USDT_20261225,138.8,1917.67,1917.68,1917.68,1000.0,1935.95,1937.05,1935.46,1000.0,0.9271,2.44,0.9508,-0.0236,-0.06,142.4,NO-GO
1786161226,2026-08-08 03:53:46 UTC,BTC,BTC_USDT_20260925,47.8,65002.0,65002.1,65002.1,1000.0,65336.5,65388.9,65330.02,1000.0,0.5045,3.85,0.4521,0.0524,0.4,42.9,MARGINAL
1786161226,2026-08-08 03:53:46 UTC,BTC,BTC_USDT_20261225,138.8,65002.0,65002.1,65002.1,1000.0,66067.3,66108.0,66048.83,1000.0,1.6103,4.23,0.9508,0.6595,1.73,82.0,GO
1786161226,2026-08-08 03:53:46 UTC,ETH,ETH_USDT_20260925,47.8,1917.2,1917.21,1917.21,1000.0,1922.55,1924.0,1922.4,1000.0,0.2709,2.07,0.4521,-0.1813,-1.38,79.9,NO-GO
1786161226,2026-08-08 03:53:46 UTC,ETH,ETH_USDT_20261225,138.8,1917.2,1917.21,1917.21,1000.0,1935.35,1936.75,1935.1,1000.0,0.9334,2.45,0.9508,-0.0174,-0.05,141.4,NO-GO
1786161256,2026-08-08 03:54:16 UTC,BTC,BTC_USDT_20260925,47.8,64994.5,64994.6,64994.6,1000.0,65336.5,65378.4,65330.02,1000.0,0.5161,3.94,0.4521,0.0639,0.49,41.9,MARGINAL
1786161256,2026-08-08 03:54:16 UTC,BTC,BTC_USDT_20261225,138.8,64994.5,64994.6,64994.6,1000.0,66067.3,66097.3,66048.83,1000.0,1.622,4.26,0.9508,0.6713,1.76,81.4,GO
1786161256,2026-08-08 03:54:16 UTC,ETH,ETH_USDT_20260925,47.8,1917.17,1917.18,1917.18,1000.0,1922.15,1923.7,1922.05,1000.0,0.2541,1.94,0.4521,-0.198,-1.51,85.1,NO-GO
1786161256,2026-08-08 03:54:16 UTC,ETH,ETH_USDT_20261225,138.8,1917.17,1917.18,1917.18,1000.0,1935.35,1936.75,1935.1,1000.0,0.935,2.46,0.9508,-0.0158,-0.04,141.2,NO-GO
1786161286,2026-08-08 03:54:46 UTC,BTC,BTC_USDT_20260925,47.8,64994.5,64994.6,64994.6,1000.0,65336.5,65378.4,65330.02,1000.0,0.5161,3.94,0.4521,0.064,0.49,41.9,MARGINAL
1786161286,2026-08-08 03:54:46 UTC,BTC,BTC_USDT_20261225,138.8,64994.5,64994.6,64994.6,1000.0,66067.3,66097.3,66048.83,1000.0,1.622,4.26,0.9508,0.6713,1.76,81.4,GO
1786161286,2026-08-08 03:54:46 UTC,ETH,ETH_USDT_20260925,47.8,1916.99,1917.0,1917.0,1000.0,1922.15,1923.7,1922.05,1000.0,0.2635,2.01,0.4521,-0.1886,-1.44,82.1,NO-GO
1786161286,2026-08-08 03:54:46 UTC,ETH,ETH_USDT_20261225,138.8,1916.99,1917.0,1917.0,1000.0,1935.0,1936.45,1934.75,1000.0,0.9262,2.43,0.9508,-0.0246,-0.06,142.5,NO-GO
1786161316,2026-08-08 03:55:16 UTC,BTC,BTC_USDT_20260925,47.8,65008.1,65008.2,65015.52,1000.0,65358.7,65400.4,65352.41,1000.0,0.5182,3.95,0.4521,0.066,0.5,41.7,MARGINAL
1786161316,2026-08-08 03:55:16 UTC,BTC,BTC_USDT_20261225,138.8,65008.1,65008.2,65015.52,1000.0,66077.5,66123.9,66071.12,1000.0,1.6236,4.27,0.9507,0.6729,1.77,81.3,GO
1786161316,2026-08-08 03:55:16 UTC,ETH,ETH_USDT_20260925,47.8,1917.9,1917.91,1917.91,1000.0,1923.15,1924.7,1923.0,1000.0,0.2655,2.03,0.4521,-0.1866,-1.42,81.4,NO-GO
1786161316,2026-08-08 03:55:16 UTC,ETH,ETH_USDT_20261225,138.8,1917.9,1917.91,1917.91,1000.0,1936.0,1937.5,1935.85,1000.0,0.9355,2.46,0.9507,-0.0152,-0.04,141.1,NO-GO
1786161346,2026-08-08 03:55:46 UTC,BTC,BTC_USDT_20260925,47.8,65012.6,65012.7,65017.04,1000.0,65358.7,65400.4,65352.41,1000.0,0.5158,3.94,0.4521,0.0637,0.49,41.9,MARGINAL
1786161346,2026-08-08 03:55:46 UTC,BTC,BTC_USDT_20261225,138.8,65012.6,65012.7,65017.04,1000.0,66077.5,66123.9,66071.12,1000.0,1.6212,4.26,0.9507,0.6705,1.76,81.4,GO
1786161346,2026-08-08 03:55:46 UTC,ETH,ETH_USDT_20260925,47.8,1917.9,1917.91,1917.91,1000.0,1923.15,1924.7,1923.0,1000.0,0.2655,2.03,0.4521,-0.1866,-1.42,81.4,NO-GO
1786161346,2026-08-08 03:55:46 UTC,ETH,ETH_USDT_20261225,138.8,1917.9,1917.91,1917.91,1000.0,1936.0,1937.5,1935.85,1000.0,0.9355,2.46,0.9507,-0.0152,-0.04,141.1,NO-GO
1786161376,2026-08-08 03:56:16 UTC,BTC,BTC_USDT_20260925,47.8,65021.4,65021.5,65022.82,1000.0,65370.7,65413.6,65364.41,1000.0,0.5253,4.01,0.4521,0.0732,0.56,41.2,MARGINAL
1786161376,2026-08-08 03:56:16 UTC,BTC,BTC_USDT_20261225,138.8,65021.4,65021.5,65022.82,1000.0,66077.5,66124.8,66071.99,1000.0,1.6135,4.24,0.9507,0.6628,1.74,81.8,GO
1786161376,2026-08-08 03:56:16 UTC,ETH,ETH_USDT_20260925,47.8,1918.58,1918.59,1918.59,1000.0,1923.8,1925.2,1923.65,1000.0,0.2639,2.01,0.4521,-0.1882,-1.44,82.0,NO-GO
1786161376,2026-08-08 03:56:16 UTC,ETH,ETH_USDT_20261225,138.8,1918.58,1918.59,1918.59,1000.0,1936.65,1937.8,1936.5,1000.0,0.9336,2.45,0.9507,-0.0171,-0.04,141.4,NO-GO
1786161406,2026-08-08 03:56:46 UTC,BTC,BTC_USDT_20260925,47.8,65013.9,65014.0,65014.0,1000.0,65359.6,65405.6,65353.31,1000.0,0.5219,3.98,0.4521,0.0698,0.53,41.4,MARGINAL
1786161406,2026-08-08 03:56:46 UTC,BTC,BTC_USDT_20261225,138.8,65013.9,65014.0,65014.0,1000.0,66077.5,66124.8,66071.99,1000.0,1.6273,4.28,0.9507,0.6766,1.78,81.1,GO
1786161406,2026-08-08 03:56:46 UTC,ETH,ETH_USDT_20260925,47.8,1918.32,1918.33,1918.33,1000.0,1923.5,1924.95,1923.3,1000.0,0.2593,1.98,0.4521,-0.1928,-1.47,83.4,NO-GO
1786161406,2026-08-08 03:56:46 UTC,ETH,ETH_USDT_20261225,138.8,1918.32,1918.33,1918.33,1000.0,1936.35,1937.8,1936.15,1000.0,0.9291,2.44,0.9507,-0.0216,-0.06,142.1,NO-GO
1786161436,2026-08-08 03:57:16 UTC,BTC,BTC_USDT_20260925,47.8,65012.8,65012.9,65012.9,1000.0,65347.9,65393.2,65340.94,1000.0,0.5046,3.85,0.4521,0.0525,0.4,42.9,MARGINAL
1786161436,2026-08-08 03:57:16 UTC,BTC,BTC_USDT_20261225,138.8,65012.8,65012.9,65012.9,1000.0,66067.3,66112.3,66059.56,1000.0,1.6099,4.23,0.9507,0.6592,1.73,82.0,GO
1786161436,2026-08-08 03:57:16 UTC,ETH,ETH_USDT_20260925,47.8,1918.27,1918.28,1918.28,1000.0,1923.5,1924.95,1923.3,1000.0,0.2619,2.0,0.4521,-0.1902,-1.45,82.6,NO-GO
1786161436,2026-08-08 03:57:16 UTC,ETH,ETH_USDT_20261225,138.8,1918.27,1918.28,1918.28,1000.0,1936.35,1937.8,1936.15,1000.0,0.9318,2.45,0.9507,-0.019,-0.05,141.7,NO-GO
1786161466,2026-08-08 03:57:46 UTC,BTC,BTC_USDT_20260925,47.8,65013.8,65013.9,65016.37,1000.0,65359.5,65405.6,65353.25,1000.0,0.5182,3.95,0.4521,0.066,0.5,41.7,MARGINAL
1786161466,2026-08-08 03:57:46 UTC,BTC,BTC_USDT_20261225,138.8,65013.8,65013.9,65016.37,1000.0,66078.3,66124.8,66071.92,1000.0,1.6235,4.27,0.9507,0.6728,1.77,81.3,GO
1786161466,2026-08-08 03:57:46 UTC,ETH,ETH_USDT_20260925,47.8,1918.27,1918.28,1918.28,1000.0,1923.5,1924.95,1923.3,1000.0,0.2619,2.0,0.4521,-0.1902,-1.45,82.6,NO-GO
1786161466,2026-08-08 03:57:46 UTC,ETH,ETH_USDT_20261225,138.8,1918.27,1918.28,1918.28,1000.0,1936.35,1937.8,1936.15,1000.0,0.9318,2.45,0.9507,-0.019,-0.05,141.7,NO-GO
1786161496,2026-08-08 03:58:16 UTC,BTC,BTC_USDT_20260925,47.8,65021.4,65021.5,65024.69,1000.0,65359.5,65405.6,65353.25,1000.0,0.5053,3.86,0.4521,0.0532,0.41,42.8,MARGINAL
1786161496,2026-08-08 03:58:16 UTC,BTC,BTC_USDT_20261225,138.8,65021.4,65021.5,65024.69,1000.0,66078.3,66124.8,66071.92,1000.0,1.6105,4.23,0.9507,0.6598,1.73,82.0,GO
1786161496,2026-08-08 03:58:16 UTC,ETH,ETH_USDT_20260925,47.8,1918.27,1918.28,1918.28,1000.0,1923.7,1924.95,1923.55,1000.0,0.2749,2.1,0.4521,-0.1772,-1.35,78.7,NO-GO
1786161496,2026-08-08 03:58:16 UTC,ETH,ETH_USDT_20261225,138.8,1918.27,1918.28,1918.28,1000.0,1936.35,1937.8,1936.15,1000.0,0.9318,2.45,0.9507,-0.019,-0.05,141.7,NO-GO
1786161526,2026-08-08 03:58:46 UTC,BTC,BTC_USDT_20260925,47.8,65026.3,65026.4,65026.4,1000.0,65359.5,65405.6,65353.25,1000.0,0.5026,3.84,0.4521,0.0505,0.39,43.0,MARGINAL
1786161526,2026-08-08 03:58:46 UTC,BTC,BTC_USDT_20261225,138.8,65026.3,65026.4,65026.4,1000.0,66078.3,66124.8,66071.92,1000.0,1.6078,4.23,0.9507,0.6571,1.73,82.1,GO
1786161526,2026-08-08 03:58:46 UTC,ETH,ETH_USDT_20260925,47.8,1918.35,1918.36,1918.36,1000.0,1923.7,1924.95,1923.55,1000.0,0.2707,2.07,0.4521,-0.1814,-1.38,79.9,NO-GO
1786161526,2026-08-08 03:58:46 UTC,ETH,ETH_USDT_20261225,138.8,1918.35,1918.36,1918.36,1000.0,1936.35,1937.8,1936.15,1000.0,0.9276,2.44,0.9507,-0.0232,-0.06,142.3,NO-GO
1786161556,2026-08-08 03:59:16 UTC,BTC,BTC_USDT_20260925,47.8,65035.2,65035.3,65035.3,1000.0,65370.5,65413.6,65364.25,1000.0,0.5058,3.86,0.4521,0.0537,0.41,42.8,MARGINAL
1786161556,2026-08-08 03:59:16 UTC,BTC,BTC_USDT_20261225,138.8,65035.2,65035.3,65035.3,1000.0,66089.4,66136.8,66083.02,1000.0,1.611,4.24,0.9507,0.6603,1.74,81.9,GO
1786161556,2026-08-08 03:59:16 UTC,ETH,ETH_USDT_20260925,47.8,1918.38,1918.39,1918.39,1000.0,1923.7,1924.95,1923.55,1000.0,0.2691,2.05,0.4521,-0.183,-1.4,80.4,NO-GO
1786161556,2026-08-08 03:59:16 UTC,ETH,ETH_USDT_20261225,138.8,1918.38,1918.39,1918.39,1000.0,1936.35,1937.8,1936.15,1000.0,0.926,2.43,0.9507,-0.0248,-0.07,142.5,NO-GO
1786161586,2026-08-08 03:59:46 UTC,BTC,BTC_USDT_20260925,47.8,65033.2,65033.3,65033.3,1000.0,65370.5,65413.6,65364.25,1000.0,0.5089,3.88,0.4521,0.0568,0.43,42.5,MARGINAL
1786161586,2026-08-08 03:59:46 UTC,BTC,BTC_USDT_20261225,138.8,65033.2,65033.3,65033.3,1000.0,66089.4,66136.8,66083.02,1000.0,1.6141,4.24,0.9507,0.6634,1.74,81.8,GO
1786161586,2026-08-08 03:59:46 UTC,ETH,ETH_USDT_20260925,47.8,1918.16,1918.17,1918.17,1000.0,1923.5,1924.95,1923.16,1000.0,0.26,1.98,0.4521,-0.1921,-1.47,83.2,NO-GO
1786161586,2026-08-08 03:59:46 UTC,ETH,ETH_USDT_20261225,138.8,1918.16,1918.17,1918.17,1000.0,1936.35,1937.8,1936.15,1000.0,0.9376,2.46,0.9507,-0.0132,-0.03,140.8,NO-GO
1786161616,2026-08-08 04:00:16 UTC,BTC,BTC_USDT_20260925,47.8,65025.5,65025.6,65025.6,1000.0,65370.5,65413.6,65364.25,1000.0,0.5208,3.97,0.4521,0.0687,0.52,41.5,MARGINAL
1786161616,2026-08-08 04:00:16 UTC,BTC,BTC_USDT_20261225,138.8,65025.5,65025.6,65025.6,1000.0,66089.4,66136.8,66083.02,1000.0,1.6262,4.28,0.9507,0.6754,1.78,81.2,GO
1786161616,2026-08-08 04:00:16 UTC,ETH,ETH_USDT_20260925,47.8,1918.27,1918.28,1918.28,1000.0,1923.5,1924.95,1923.16,1000.0,0.2542,1.94,0.4521,-0.1979,-1.51,85.1,NO-GO
1786161616,2026-08-08 04:00:16 UTC,ETH,ETH_USDT_20261225,138.8,1918.27,1918.28,1918.28,1000.0,1936.2,1937.8,1936.05,1000.0,0.9265,2.44,0.9507,-0.0242,-0.06,142.5,NO-GO
1786161646,2026-08-08 04:00:46 UTC,BTC,BTC_USDT_20260925,47.8,65008.7,65008.8,65008.8,1000.0,65346.9,65392.9,65340.65,1000.0,0.5105,3.9,0.4521,0.0584,0.45,42.4,MARGINAL
1786161646,2026-08-08 04:00:46 UTC,BTC,BTC_USDT_20261225,138.8,65008.7,65008.8,65008.8,1000.0,66067.3,66112.0,66059.27,1000.0,1.6159,4.25,0.9507,0.6652,1.75,81.7,GO
1786161646,2026-08-08 04:00:46 UTC,ETH,ETH_USDT_20260925,47.8,1918.16,1918.17,1918.17,1000.0,1923.5,1924.7,1923.16,1000.0,0.26,1.98,0.4521,-0.1921,-1.47,83.2,NO-GO
1786161646,2026-08-08 04:00:46 UTC,ETH,ETH_USDT_20261225,138.8,1918.16,1918.17,1918.17,1000.0,1936.2,1937.5,1936.05,1000.0,0.9323,2.45,0.9507,-0.0184,-0.05,141.6,NO-GO
1786161676,2026-08-08 04:01:16 UTC,BTC,BTC_USDT_20260925,47.8,65017.7,65017.8,65025.48,1000.0,65370.8,65413.6,65364.51,1000.0,0.5214,3.98,0.4521,0.0693,0.53,41.5,MARGINAL
1786161676,2026-08-08 04:01:16 UTC,BTC,BTC_USDT_20261225,138.8,65017.7,65017.8,65025.48,1000.0,66089.7,66136.8,66083.32,1000.0,1.6268,4.28,0.9507,0.6761,1.78,81.1,GO
1786161676,2026-08-08 04:01:16 UTC,ETH,ETH_USDT_20260925,47.8,1918.01,1918.02,1918.33,1000.0,1923.65,1924.95,1923.5,1000.0,0.2697,2.06,0.4521,-0.1824,-1.39,80.2,NO-GO
1786161676,2026-08-08 04:01:16 UTC,ETH,ETH_USDT_20261225,138.8,1918.01,1918.02,1918.33,1000.0,1936.5,1937.8,1936.35,1000.0,0.9396,2.47,0.9507,-0.0112,-0.03,140.5,NO-GO
1786161706,2026-08-08 04:01:46 UTC,BTC,BTC_USDT_20260925,47.8,65024.2,65024.3,65029.42,1000.0,65370.8,65413.6,65364.51,1000.0,0.5153,3.93,0.4521,0.0632,0.48,42.0,MARGINAL
1786161706,2026-08-08 04:01:46 UTC,BTC,BTC_USDT_20261225,138.8,65024.2,65024.3,65029.42,1000.0,66089.7,66136.8,66083.32,1000.0,1.6207,4.26,0.9507,0.6699,1.76,81.4,GO
1786161706,2026-08-08 04:01:46 UTC,ETH,ETH_USDT_20260925,47.8,1918.88,1918.89,1918.89,1000.0,1924.0,1925.2,1923.85,1000.0,0.2586,1.97,0.4521,-0.1935,-1.48,83.6,NO-GO
1786161706,2026-08-08 04:01:46 UTC,ETH,ETH_USDT_20261225,138.8,1918.88,1918.89,1918.89,1000.0,1936.75,1938.0,1936.6,1000.0,0.9231,2.43,0.9507,-0.0276,-0.07,143.0,NO-GO
1786161736,2026-08-08 04:02:16 UTC,BTC,BTC_USDT_20260925,47.8,65036.5,65036.6,65037.84,1000.0,65370.8,65413.6,65364.51,1000.0,0.5023,3.83,0.4521,0.0502,0.38,43.1,MARGINAL
1786161736,2026-08-08 04:02:16 UTC,BTC,BTC_USDT_20261225,138.8,65036.5,65036.6,65037.84,1000.0,66089.7,66136.8,66083.32,1000.0,1.6075,4.23,0.9507,0.6568,1.73,82.1,GO
1786161736,2026-08-08 04:02:16 UTC,ETH,ETH_USDT_20260925,47.8,1918.88,1918.89,1918.91,1000.0,1924.0,1925.2,1923.85,1000.0,0.2574,1.96,0.4521,-0.1947,-1.49,84.0,NO-GO
1786161736,2026-08-08 04:02:16 UTC,ETH,ETH_USDT_20261225,138.8,1918.88,1918.89,1918.91,1000.0,1936.75,1938.0,1936.6,1000.0,0.9218,2.42,0.9507,-0.0289,-0.08,143.2,NO-GO
1786161766,2026-08-08 04:02:46 UTC,BTC,BTC_USDT_20260925,47.8,65040.5,65040.6,65047.35,1000.0,65382.1,65433.1,65375.81,1000.0,0.505,3.85,0.4521,0.0529,0.4,42.8,MARGINAL
1786161766,2026-08-08 04:02:46 UTC,BTC,BTC_USDT_20261225,138.8,65040.5,65040.6,65047.35,1000.0,66104.3,66145.6,66097.92,1000.0,1.6151,4.25,0.9507,0.6644,1.75,81.7,GO
1786161766,2026-08-08 04:02:46 UTC,ETH,ETH_USDT_20260925,47.8,1918.92,1918.93,1918.93,1000.0,1924.0,1925.55,1923.85,1000.0,0.2565,1.96,0.4521,-0.1955,-1.49,84.3,NO-GO
1786161766,2026-08-08 04:02:46 UTC,ETH,ETH_USDT_20261225,138.8,1918.92,1918.93,1918.93,1000.0,1937.1,1938.0,1936.95,1000.0,0.9392,2.47,0.9507,-0.0115,-0.03,140.5,NO-GO
1786161796,2026-08-08 04:03:16 UTC,BTC,BTC_USDT_20260925,47.8,65049.6,65049.7,65051.04,1000.0,65392.1,65439.7,65385.81,1000.0,0.5146,3.93,0.4521,0.0625,0.48,42.0,MARGINAL
1786161796,2026-08-08 04:03:16 UTC,BTC,BTC_USDT_20261225,138.8,65049.6,65049.7,65051.04,1000.0,66114.4,66159.0,66108.02,1000.0,1.6249,4.27,0.9507,0.6741,1.77,81.2,GO
1786161796,2026-08-08 04:03:16 UTC,ETH,ETH_USDT_20260925,47.8,1919.01,1919.02,1919.02,1000.0,1924.25,1925.55,1924.1,1000.0,0.2649,2.02,0.4521,-0.1872,-1.43,81.6,NO-GO
1786161796,2026-08-08 04:03:16 UTC,ETH,ETH_USDT_20261225,138.8,1919.01,1919.02,1919.02,1000.0,1937.1,1938.45,1936.95,1000.0,0.9345,2.46,0.9507,-0.0162,-0.04,141.2,NO-GO
1786161826,2026-08-08 04:03:46 UTC,BTC,BTC_USDT_20260925,47.8,65062.1,65062.2,65062.2,1000.0,65402.2,65439.7,65395.96,1000.0,0.513,3.91,0.4521,0.0609,0.46,42.2,MARGINAL
1786161826,2026-08-08 04:03:46 UTC,BTC,BTC_USDT_20261225,138.8,65062.1,65062.2,65062.2,1000.0,66114.4,66159.0,66108.02,1000.0,1.6074,4.23,0.9507,0.6567,1.73,82.1,GO
1786161826,2026-08-08 04:03:46 UTC,ETH,ETH_USDT_20260925,47.8,1919.49,1919.5,1919.5,1000.0,1924.55,1926.1,1924.4,1000.0,0.2554,1.95,0.4521,-0.1967,-1.5,84.7,NO-GO
1786161826,2026-08-08 04:03:46 UTC,ETH,ETH_USDT_20261225,138.8,1919.49,1919.5,1919.5,1000.0,1937.45,1938.8,1937.3,1000.0,0.9275,2.44,0.9507,-0.0232,-0.06,142.3,NO-GO
1786161856,2026-08-08 04:04:16 UTC,BTC,BTC_USDT_20260925,47.8,65063.3,65063.4,65063.4,1000.0,65402.2,65461.4,65395.96,1000.0,0.5111,3.9,0.4521,0.059,0.45,42.3,MARGINAL
1786161856,2026-08-08 04:04:16 UTC,BTC,BTC_USDT_20261225,138.8,65063.3,65063.4,65063.4,1000.0,66126.1,66167.4,66119.72,1000.0,1.6235,4.27,0.9507,0.6728,1.77,81.3,GO
1786161856,2026-08-08 04:04:16 UTC,ETH,ETH_USDT_20260925,47.8,1919.49,1919.5,1919.5,1000.0,1924.55,1926.1,1924.4,1000.0,0.2554,1.95,0.4521,-0.1967,-1.5,84.7,NO-GO
1786161856,2026-08-08 04:04:16 UTC,ETH,ETH_USDT_20261225,138.8,1919.49,1919.5,1919.5,1000.0,1937.45,1938.8,1937.3,1000.0,0.9275,2.44,0.9507,-0.0232,-0.06,142.3,NO-GO
1786161886,2026-08-08 04:04:46 UTC,BTC,BTC_USDT_20260925,47.8,65036.5,65036.6,65036.6,1000.0,65313.6,65417.6,65304.28,1000.0,0.4116,3.14,0.4521,-0.0405,-0.31,52.5,NO-GO
1786161886,2026-08-08 04:04:46 UTC,BTC,BTC_USDT_20261225,138.8,65036.5,65036.6,65036.6,1000.0,66034.3,66144.9,66022.6,1000.0,1.5161,3.99,0.9507,0.5654,1.49,87.1,GO
1786161886,2026-08-08 04:04:46 UTC,ETH,ETH_USDT_20260925,47.8,1918.4,1918.41,1918.41,1000.0,1923.65,1924.85,1923.5,1000.0,0.2655,2.03,0.4521,-0.1866,-1.42,81.5,NO-GO
1786161886,2026-08-08 04:04:46 UTC,ETH,ETH_USDT_20261225,138.8,1918.4,1918.41,1918.41,1000.0,1936.5,1937.9,1936.35,1000.0,0.9353,2.46,0.9507,-0.0154,-0.04,141.1,NO-GO
1786161916,2026-08-08 04:05:16 UTC,BTC,BTC_USDT_20260925,47.8,65022.8,65022.9,65022.9,1000.0,65364.0,65405.1,65352.97,1000.0,0.5076,3.87,0.4521,0.0555,0.42,42.6,MARGINAL
1786161916,2026-08-08 04:05:16 UTC,BTC,BTC_USDT_20261225,138.8,65022.8,65022.9,65022.9,1000.0,66089.6,66118.0,66072.1,1000.0,1.6136,4.24,0.9507,0.6629,1.74,81.8,GO
1786161916,2026-08-08 04:05:16 UTC,ETH,ETH_USDT_20260925,47.8,1917.93,1917.94,1917.94,1000.0,1923.45,1924.2,1922.62,1000.0,0.2438,1.86,0.4521,-0.2083,-1.59,88.7,NO-GO
1786161916,2026-08-08 04:05:16 UTC,ETH,ETH_USDT_20261225,138.8,1917.93,1917.94,1917.94,1000.0,1935.9,1937.2,1935.61,1000.0,0.9211,2.42,0.9507,-0.0296,-0.08,143.3,NO-GO
1786161946,2026-08-08 04:05:46 UTC,BTC,BTC_USDT_20260925,47.8,65001.6,65001.7,65001.7,1000.0,65350.8,65393.9,65341.71,1000.0,0.5231,3.99,0.4521,0.071,0.54,41.3,MARGINAL
1786161946,2026-08-08 04:05:46 UTC,BTC,BTC_USDT_20261225,138.8,65001.6,65001.7,65001.7,1000.0,66066.9,66107.5,66060.42,1000.0,1.6288,4.28,0.9507,0.6781,1.78,81.0,GO
1786161946,2026-08-08 04:05:46 UTC,ETH,ETH_USDT_20260925,47.8,1917.71,1917.72,1917.72,1000.0,1922.75,1924.2,1922.6,1000.0,0.2546,1.94,0.4521,-0.1975,-1.51,84.9,NO-GO
1786161946,2026-08-08 04:05:46 UTC,ETH,ETH_USDT_20261225,138.8,1917.71,1917.72,1917.72,1000.0,1935.9,1936.9,1935.26,1000.0,0.9148,2.41,0.9507,-0.0359,-0.09,144.3,NO-GO
1786161976,2026-08-08 04:06:16 UTC,BTC,BTC_USDT_20260925,47.8,64996.8,64996.9,64996.9,1000.0,65337.6,65383.9,65331.7,1000.0,0.5151,3.93,0.4521,0.063,0.48,42.0,MARGINAL
1786161976,2026-08-08 04:06:16 UTC,BTC,BTC_USDT_20261225,138.8,64996.8,64996.9,64996.9,1000.0,66066.9,66107.5,66050.65,1000.0,1.6212,4.26,0.9507,0.6705,1.76,81.4,GO
1786161976,2026-08-08 04:06:16 UTC,ETH,ETH_USDT_20260925,47.8,1917.42,1917.43,1917.43,1000.0,1922.45,1923.85,1922.25,1000.0,0.2516,1.92,0.4521,-0.2005,-1.53,85.9,NO-GO
1786161976,2026-08-08 04:06:16 UTC,ETH,ETH_USDT_20261225,138.8,1917.42,1917.43,1917.43,1000.0,1935.0,1936.55,1934.9,1000.0,0.9112,2.4,0.9507,-0.0395,-0.1,144.8,NO-GO
1786162006,2026-08-08 04:06:46 UTC,BTC,BTC_USDT_20260925,47.8,64996.8,64996.9,64996.9,1000.0,65337.6,65383.9,65331.7,1000.0,0.5151,3.93,0.4521,0.063,0.48,42.0,MARGINAL
1786162006,2026-08-08 04:06:46 UTC,BTC,BTC_USDT_20261225,138.8,64996.8,64996.9,64996.9,1000.0,66066.9,66107.5,66050.65,1000.0,1.6212,4.26,0.9507,0.6705,1.76,81.4,GO
1786162006,2026-08-08 04:06:46 UTC,ETH,ETH_USDT_20260925,47.8,1917.42,1917.43,1917.43,1000.0,1922.45,1923.85,1922.25,1000.0,0.2516,1.92,0.4521,-0.2005,-1.53,85.9,NO-GO
1786162006,2026-08-08 04:06:46 UTC,ETH,ETH_USDT_20261225,138.8,1917.42,1917.43,1917.43,1000.0,1935.0,1936.55,1934.9,1000.0,0.9112,2.4,0.9507,-0.0395,-0.1,144.8,NO-GO
1786162036,2026-08-08 04:07:16 UTC,BTC,BTC_USDT_20260925,47.8,64995.6,64995.7,64995.7,1000.0,65337.6,65383.9,65331.7,1000.0,0.517,3.95,0.4521,0.0649,0.5,41.8,MARGINAL
1786162036,2026-08-08 04:07:16 UTC,BTC,BTC_USDT_20261225,138.8,64995.6,64995.7,64995.7,1000.0,66066.9,66080.5,66050.65,1000.0,1.6231,4.27,0.9507,0.6724,1.77,81.3,GO
1786162036,2026-08-08 04:07:16 UTC,ETH,ETH_USDT_20260925,47.8,1917.34,1917.35,1917.35,1000.0,1922.45,1923.85,1922.25,1000.0,0.2558,1.95,0.4521,-0.1963,-1.5,84.5,NO-GO
1786162036,2026-08-08 04:07:16 UTC,ETH,ETH_USDT_20261225,138.8,1917.34,1917.35,1917.35,1000.0,1935.0,1936.55,1934.9,1000.0,0.9154,2.41,0.9507,-0.0353,-0.09,144.2,NO-GO
1786162066,2026-08-08 04:07:46 UTC,BTC,BTC_USDT_20260925,47.8,64995.1,64995.2,64995.2,1000.0,65337.6,65383.9,65331.7,1000.0,0.5177,3.95,0.4521,0.0657,0.5,41.8,MARGINAL
1786162066,2026-08-08 04:07:46 UTC,BTC,BTC_USDT_20261225,138.8,64995.1,64995.2,64995.2,1000.0,66066.9,66080.5,66050.65,1000.0,1.6239,4.27,0.9507,0.6732,1.77,81.3,GO
1786162066,2026-08-08 04:07:46 UTC,ETH,ETH_USDT_20260925,47.8,1917.26,1917.27,1917.27,1000.0,1922.45,1923.85,1922.25,1000.0,0.2599,1.98,0.4521,-0.1921,-1.47,83.2,NO-GO
1786162066,2026-08-08 04:07:46 UTC,ETH,ETH_USDT_20261225,138.8,1917.26,1917.27,1917.27,1000.0,1935.0,1936.55,1934.9,1000.0,0.9196,2.42,0.9507,-0.0311,-0.08,143.5,NO-GO
1786162096,2026-08-08 04:08:16 UTC,BTC,BTC_USDT_20260925,47.8,64981.5,64981.6,64981.6,1000.0,65253.4,65361.3,65241.87,1000.0,0.4005,3.06,0.4521,-0.0515,-0.39,54.0,NO-GO
1786162096,2026-08-08 04:08:16 UTC,BTC,BTC_USDT_20261225,138.8,64981.5,64981.6,64981.6,1000.0,66031.7,66073.6,66025.32,1000.0,1.6062,4.22,0.9507,0.6555,1.72,82.2,GO
1786162096,2026-08-08 04:08:16 UTC,ETH,ETH_USDT_20260925,47.8,1916.93,1916.94,1916.94,1000.0,1921.95,1923.45,1921.8,1000.0,0.2537,1.94,0.4521,-0.1984,-1.51,85.2,NO-GO
1786162096,2026-08-08 04:08:16 UTC,ETH,ETH_USDT_20261225,138.8,1916.93,1916.94,1916.94,1000.0,1934.8,1936.25,1934.51,1000.0,0.9163,2.41,0.9507,-0.0344,-0.09,144.0,NO-GO
1786162126,2026-08-08 04:08:46 UTC,BTC,BTC_USDT_20260925,47.8,64980.6,64980.7,64980.7,1000.0,65313.2,65361.3,65306.95,1000.0,0.5021,3.83,0.4521,0.05,0.38,43.1,MARGINAL
1786162126,2026-08-08 04:08:46 UTC,BTC,BTC_USDT_20261225,138.8,64980.6,64980.7,64980.7,1000.0,66031.7,66073.6,66025.32,1000.0,1.6076,4.23,0.9507,0.6569,1.73,82.1,GO
1786162126,2026-08-08 04:08:46 UTC,ETH,ETH_USDT_20260925,47.8,1916.69,1916.7,1916.7,1000.0,1921.95,1923.45,1921.8,1000.0,0.2662,2.03,0.4521,-0.1858,-1.42,81.2,NO-GO
1786162126,2026-08-08 04:08:46 UTC,ETH,ETH_USDT_20261225,138.8,1916.69,1916.7,1916.7,1000.0,1934.8,1936.25,1934.51,1000.0,0.929,2.44,0.9507,-0.0217,-0.06,142.1,NO-GO
1786162156,2026-08-08 04:09:16 UTC,BTC,BTC_USDT_20260925,47.8,64980.6,64980.7,64980.7,1000.0,65313.2,65361.3,65306.95,1000.0,0.5021,3.83,0.4521,0.05,0.38,43.1,MARGINAL
1786162156,2026-08-08 04:09:16 UTC,BTC,BTC_USDT_20261225,138.8,64980.6,64980.7,64980.7,1000.0,66031.7,66073.6,66025.32,1000.0,1.6076,4.23,0.9507,0.6569,1.73,82.1,GO
1786162156,2026-08-08 04:09:16 UTC,ETH,ETH_USDT_20260925,47.8,1916.52,1916.53,1916.53,1000.0,1921.95,1923.1,1921.8,1000.0,0.2751,2.1,0.4521,-0.1769,-1.35,78.6,NO-GO
1786162156,2026-08-08 04:09:16 UTC,ETH,ETH_USDT_20261225,138.8,1916.52,1916.53,1916.53,1000.0,1934.8,1936.25,1934.51,1000.0,0.9379,2.47,0.9507,-0.0128,-0.03,140.7,NO-GO
1786162186,2026-08-08 04:09:46 UTC,BTC,BTC_USDT_20260925,47.8,64974.7,64974.8,64974.8,1000.0,65313.2,65361.3,65306.95,1000.0,0.5112,3.9,0.4521,0.0591,0.45,42.3,MARGINAL
1786162186,2026-08-08 04:09:46 UTC,BTC,BTC_USDT_20261225,138.8,64974.7,64974.8,64974.8,1000.0,66031.7,66073.6,66025.32,1000.0,1.6168,4.25,0.9507,0.6661,1.75,81.6,GO
1786162186,2026-08-08 04:09:46 UTC,ETH,ETH_USDT_20260925,47.8,1916.52,1916.53,1916.53,1000.0,1921.55,1923.1,1921.45,1000.0,0.2568,1.96,0.4521,-0.1952,-1.49,84.2,NO-GO
1786162186,2026-08-08 04:09:46 UTC,ETH,ETH_USDT_20261225,138.8,1916.52,1916.53,1916.53,1000.0,1934.8,1935.9,1934.51,1000.0,0.9379,2.47,0.9507,-0.0128,-0.03,140.7,NO-GO
1786162216,2026-08-08 04:10:16 UTC,BTC,BTC_USDT_20260925,47.8,64976.2,64976.3,64976.3,1000.0,65313.2,65361.3,65306.95,1000.0,0.5089,3.88,0.4521,0.0568,0.43,42.5,MARGINAL
1786162216,2026-08-08 04:10:16 UTC,BTC,BTC_USDT_20261225,138.8,64976.2,64976.3,64976.3,1000.0,66031.7,66073.6,66025.32,1000.0,1.6145,4.24,0.9507,0.6638,1.75,81.7,GO
1786162216,2026-08-08 04:10:16 UTC,ETH,ETH_USDT_20260925,47.8,1916.52,1916.53,1916.53,1000.0,1921.55,1923.1,1921.45,1000.0,0.2568,1.96,0.4521,-0.1952,-1.49,84.2,NO-GO
1786162216,2026-08-08 04:10:16 UTC,ETH,ETH_USDT_20261225,138.8,1916.52,1916.53,1916.53,1000.0,1934.8,1935.9,1934.51,1000.0,0.9379,2.47,0.9507,-0.0128,-0.03,140.7,NO-GO
1786162246,2026-08-08 04:10:46 UTC,BTC,BTC_USDT_20260925,47.8,64974.7,64974.8,64974.8,1000.0,65313.2,65361.3,65306.95,1000.0,0.5112,3.9,0.4521,0.0591,0.45,42.3,MARGINAL
1786162246,2026-08-08 04:10:46 UTC,BTC,BTC_USDT_20261225,138.8,64974.7,64974.8,64974.8,1000.0,66031.7,66073.6,66025.32,1000.0,1.6168,4.25,0.9507,0.6661,1.75,81.6,GO
1786162246,2026-08-08 04:10:46 UTC,ETH,ETH_USDT_20260925,47.8,1916.52,1916.53,1916.53,1000.0,1921.55,1923.1,1921.45,1000.0,0.2568,1.96,0.4521,-0.1952,-1.49,84.2,NO-GO
1786162246,2026-08-08 04:10:46 UTC,ETH,ETH_USDT_20261225,138.8,1916.52,1916.53,1916.53,1000.0,1934.8,1935.9,1934.51,1000.0,0.9379,2.47,0.9507,-0.0128,-0.03,140.7,NO-GO
1786162276,2026-08-08 04:11:16 UTC,BTC,BTC_USDT_20260925,47.8,64974.7,64974.8,64974.8,1000.0,65313.2,65361.3,65306.95,1000.0,0.5112,3.9,0.4521,0.0591,0.45,42.3,MARGINAL
1786162276,2026-08-08 04:11:16 UTC,BTC,BTC_USDT_20261225,138.8,64974.7,64974.8,64974.8,1000.0,66031.7,66073.6,66025.32,1000.0,1.6168,4.25,0.9507,0.6661,1.75,81.6,GO
1786162276,2026-08-08 04:11:16 UTC,ETH,ETH_USDT_20260925,47.8,1916.52,1916.53,1916.53,1000.0,1921.55,1923.1,1921.45,1000.0,0.2568,1.96,0.4521,-0.1952,-1.49,84.2,NO-GO
1786162276,2026-08-08 04:11:16 UTC,ETH,ETH_USDT_20261225,138.8,1916.52,1916.53,1916.53,1000.0,1934.8,1935.9,1934.51,1000.0,0.9379,2.47,0.9507,-0.0128,-0.03,140.7,NO-GO
1786162306,2026-08-08 04:11:46 UTC,BTC,BTC_USDT_20260925,47.8,64974.7,64974.8,64974.8,1000.0,65313.2,65361.3,65306.95,1000.0,0.5112,3.9,0.4521,0.0591,0.45,42.3,MARGINAL
1786162306,2026-08-08 04:11:46 UTC,BTC,BTC_USDT_20261225,138.8,64974.7,64974.8,64974.8,1000.0,66031.7,66073.6,66025.32,1000.0,1.6168,4.25,0.9507,0.6661,1.75,81.6,GO
1786162306,2026-08-08 04:11:46 UTC,ETH,ETH_USDT_20260925,47.8,1916.52,1916.53,1916.53,1000.0,1921.55,1923.1,1921.45,1000.0,0.2568,1.96,0.4521,-0.1952,-1.49,84.2,NO-GO
1786162306,2026-08-08 04:11:46 UTC,ETH,ETH_USDT_20261225,138.8,1916.52,1916.53,1916.53,1000.0,1934.8,1935.9,1934.51,1000.0,0.9379,2.47,0.9507,-0.0128,-0.03,140.7,NO-GO
1786162336,2026-08-08 04:12:16 UTC,BTC,BTC_USDT_20260925,47.8,64974.7,64974.8,64974.8,1000.0,65313.2,65361.3,65306.95,1000.0,0.5112,3.9,0.4521,0.0592,0.45,42.3,MARGINAL
1786162336,2026-08-08 04:12:16 UTC,BTC,BTC_USDT_20261225,138.8,64974.7,64974.8,64974.8,1000.0,66031.7,66073.6,66025.32,1000.0,1.6168,4.25,0.9507,0.6661,1.75,81.6,GO
1786162336,2026-08-08 04:12:16 UTC,ETH,ETH_USDT_20260925,47.8,1916.52,1916.53,1916.53,1000.0,1921.55,1923.1,1921.45,1000.0,0.2568,1.96,0.4521,-0.1952,-1.49,84.2,NO-GO
1786162336,2026-08-08 04:12:16 UTC,ETH,ETH_USDT_20261225,138.8,1916.52,1916.53,1916.53,1000.0,1934.8,1935.9,1934.51,1000.0,0.9379,2.47,0.9507,-0.0127,-0.03,140.7,NO-GO
1786162366,2026-08-08 04:12:46 UTC,BTC,BTC_USDT_20260925,47.8,64974.7,64974.8,64974.8,1000.0,65313.2,65361.3,65306.95,1000.0,0.5112,3.9,0.4521,0.0592,0.45,42.3,MARGINAL
1786162366,2026-08-08 04:12:46 UTC,BTC,BTC_USDT_20261225,138.8,64974.7,64974.8,64974.8,1000.0,66031.7,66073.6,66025.32,1000.0,1.6168,4.25,0.9507,0.6661,1.75,81.6,GO
1786162366,2026-08-08 04:12:46 UTC,ETH,ETH_USDT_20260925,47.8,1916.52,1916.53,1916.53,1000.0,1921.55,1923.1,1921.45,1000.0,0.2568,1.96,0.4521,-0.1952,-1.49,84.2,NO-GO
1786162366,2026-08-08 04:12:46 UTC,ETH,ETH_USDT_20261225,138.8,1916.52,1916.53,1916.53,1000.0,1934.8,1936.25,1934.51,1000.0,0.9379,2.47,0.9507,-0.0127,-0.03,140.7,NO-GO
1786162396,2026-08-08 04:13:16 UTC,BTC,BTC_USDT_20260925,47.8,64983.0,64983.1,64983.1,1000.0,65324.2,65361.3,65317.91,1000.0,0.5152,3.93,0.452,0.0632,0.48,42.0,MARGINAL
1786162396,2026-08-08 04:13:16 UTC,BTC,BTC_USDT_20261225,138.8,64983.0,64983.1,64983.1,1000.0,66042.7,66084.0,66036.32,1000.0,1.6208,4.26,0.9507,0.6701,1.76,81.4,GO
1786162396,2026-08-08 04:13:16 UTC,ETH,ETH_USDT_20260925,47.8,1917.09,1917.1,1917.1,1000.0,1922.35,1923.85,1922.2,1000.0,0.2662,2.03,0.452,-0.1859,-1.42,81.2,NO-GO
1786162396,2026-08-08 04:13:16 UTC,ETH,ETH_USDT_20261225,138.8,1917.09,1917.1,1917.1,1000.0,1935.0,1936.55,1934.85,1000.0,0.926,2.43,0.9507,-0.0247,-0.06,142.5,NO-GO
1786162426,2026-08-08 04:13:46 UTC,BTC,BTC_USDT_20260925,47.8,64983.0,64983.1,64983.1,1000.0,65324.2,65361.3,65317.91,1000.0,0.5152,3.93,0.452,0.0632,0.48,42.0,MARGINAL
1786162426,2026-08-08 04:13:46 UTC,BTC,BTC_USDT_20261225,138.8,64983.0,64983.1,64983.1,1000.0,66042.7,66056.6,66036.32,1000.0,1.6208,4.26,0.9507,0.6701,1.76,81.4,GO
1786162426,2026-08-08 04:13:46 UTC,ETH,ETH_USDT_20260925,47.8,1917.08,1917.09,1917.09,1000.0,1922.35,1923.85,1922.2,1000.0,0.2667,2.04,0.452,-0.1853,-1.41,81.1,NO-GO
1786162426,2026-08-08 04:13:46 UTC,ETH,ETH_USDT_20261225,138.8,1917.08,1917.09,1917.09,1000.0,1935.0,1936.55,1934.85,1000.0,0.9266,2.44,0.9507,-0.0241,-0.06,142.4,NO-GO
1786162456,2026-08-08 04:14:16 UTC,BTC,BTC_USDT_20260925,47.8,64980.5,64980.6,64980.6,1000.0,65324.2,65361.3,65317.91,1000.0,0.5191,3.96,0.452,0.0671,0.51,41.6,MARGINAL
1786162456,2026-08-08 04:14:16 UTC,BTC,BTC_USDT_20261225,138.8,64980.5,64980.6,64980.6,1000.0,66042.7,66084.0,66036.32,1000.0,1.6247,4.27,0.9507,0.674,1.77,81.2,GO
1786162456,2026-08-08 04:14:16 UTC,ETH,ETH_USDT_20260925,47.8,1917.05,1917.06,1917.06,1000.0,1922.35,1923.6,1922.2,1000.0,0.2683,2.05,0.452,-0.1838,-1.4,80.6,NO-GO
1786162456,2026-08-08 04:14:16 UTC,ETH,ETH_USDT_20261225,138.8,1917.05,1917.06,1917.06,1000.0,1935.0,1936.55,1934.85,1000.0,0.9281,2.44,0.9507,-0.0225,-0.06,142.2,NO-GO
1786162486,2026-08-08 04:14:46 UTC,BTC,BTC_USDT_20260925,47.8,64980.5,64980.6,64980.6,1000.0,65324.2,65361.3,65317.91,1000.0,0.5191,3.96,0.452,0.0671,0.51,41.6,MARGINAL
1786162486,2026-08-08 04:14:46 UTC,BTC,BTC_USDT_20261225,138.8,64980.5,64980.6,64980.6,1000.0,66042.7,66084.0,66036.32,1000.0,1.6247,4.27,0.9507,0.674,1.77,81.2,GO
1786162486,2026-08-08 04:14:46 UTC,ETH,ETH_USDT_20260925,47.8,1917.05,1917.06,1917.06,1000.0,1921.95,1923.6,1921.75,1000.0,0.2448,1.87,0.452,-0.2072,-1.58,88.3,NO-GO
1786162486,2026-08-08 04:14:46 UTC,ETH,ETH_USDT_20261225,138.8,1917.05,1917.06,1917.06,1000.0,1935.0,1936.55,1934.85,1000.0,0.9281,2.44,0.9507,-0.0225,-0.06,142.2,NO-GO
1786162516,2026-08-08 04:15:16 UTC,BTC,BTC_USDT_20260925,47.8,64980.5,64980.6,64980.6,1000.0,65324.2,65361.3,65317.91,1000.0,0.5191,3.96,0.452,0.0671,0.51,41.6,MARGINAL
1786162516,2026-08-08 04:15:16 UTC,BTC,BTC_USDT_20261225,138.8,64980.5,64980.6,64980.6,1000.0,66042.7,66084.0,66036.32,1000.0,1.6247,4.27,0.9507,0.674,1.77,81.2,GO
1786162516,2026-08-08 04:15:16 UTC,ETH,ETH_USDT_20260925,47.8,1916.87,1916.88,1916.88,1000.0,1921.95,1923.6,1921.75,1000.0,0.2543,1.94,0.452,-0.1978,-1.51,85.0,NO-GO
1786162516,2026-08-08 04:15:16 UTC,ETH,ETH_USDT_20261225,138.8,1916.87,1916.88,1916.88,1000.0,1935.0,1936.55,1934.85,1000.0,0.9376,2.47,0.9507,-0.0131,-0.03,140.8,NO-GO
1786162546,2026-08-08 04:15:46 UTC,BTC,BTC_USDT_20260925,47.8,64976.9,64977.0,64977.0,1000.0,65313.2,65361.3,65307.53,1000.0,0.5087,3.88,0.452,0.0566,0.43,42.5,MARGINAL
1786162546,2026-08-08 04:15:46 UTC,BTC,BTC_USDT_20261225,138.8,64976.9,64977.0,64977.0,1000.0,66031.7,66072.0,66025.99,1000.0,1.6144,4.24,0.9507,0.6637,1.75,81.7,GO
1786162546,2026-08-08 04:15:46 UTC,ETH,ETH_USDT_20260925,47.8,1916.65,1916.66,1916.66,1000.0,1921.95,1923.3,1921.75,1000.0,0.2658,2.03,0.452,-0.1863,-1.42,81.3,NO-GO
1786162546,2026-08-08 04:15:46 UTC,ETH,ETH_USDT_20261225,138.8,1916.65,1916.66,1916.66,1000.0,1934.8,1936.1,1934.51,1000.0,0.9311,2.45,0.9507,-0.0196,-0.05,141.7,NO-GO
1786162576,2026-08-08 04:16:16 UTC,BTC,BTC_USDT_20260925,47.8,64976.9,64977.0,64977.0,1000.0,65313.2,65361.3,65307.53,1000.0,0.5087,3.88,0.452,0.0567,0.43,42.5,MARGINAL
1786162576,2026-08-08 04:16:16 UTC,BTC,BTC_USDT_20261225,138.8,64976.9,64977.0,64977.0,1000.0,66031.7,66084.0,66025.99,1000.0,1.6144,4.24,0.9507,0.6637,1.75,81.7,GO
1786162576,2026-08-08 04:16:16 UTC,ETH,ETH_USDT_20260925,47.8,1916.8,1916.81,1916.81,1000.0,1921.95,1923.3,1921.75,1000.0,0.2579,1.97,0.452,-0.1941,-1.48,83.8,NO-GO
1786162576,2026-08-08 04:16:16 UTC,ETH,ETH_USDT_20261225,138.8,1916.8,1916.81,1916.81,1000.0,1934.8,1936.1,1934.51,1000.0,0.9232,2.43,0.9507,-0.0275,-0.07,143.0,NO-GO
1786162606,2026-08-08 04:16:46 UTC,BTC,BTC_USDT_20260925,47.8,64976.9,64977.0,64977.0,1000.0,65313.2,65361.3,65307.53,1000.0,0.5087,3.88,0.452,0.0567,0.43,42.5,MARGINAL
1786162606,2026-08-08 04:16:46 UTC,BTC,BTC_USDT_20261225,138.8,64976.9,64977.0,64977.0,1000.0,66031.7,66084.0,66025.99,1000.0,1.6144,4.24,0.9507,0.6637,1.75,81.7,GO
1786162606,2026-08-08 04:16:46 UTC,ETH,ETH_USDT_20260925,47.8,1916.83,1916.84,1916.84,1000.0,1921.95,1923.6,1921.75,1000.0,0.2564,1.96,0.452,-0.1957,-1.49,84.3,NO-GO
1786162606,2026-08-08 04:16:46 UTC,ETH,ETH_USDT_20261225,138.8,1916.83,1916.84,1916.84,1000.0,1934.95,1936.55,1934.8,1000.0,0.9371,2.46,0.9507,-0.0136,-0.04,140.8,NO-GO
1786162636,2026-08-08 04:17:16 UTC,BTC,BTC_USDT_20260925,47.8,64976.2,64976.3,64976.3,1000.0,65313.2,65361.3,65307.53,1000.0,0.5098,3.89,0.452,0.0577,0.44,42.4,MARGINAL
1786162636,2026-08-08 04:17:16 UTC,BTC,BTC_USDT_20261225,138.8,64976.2,64976.3,64976.3,1000.0,66031.7,66084.0,66025.99,1000.0,1.6155,4.25,0.9507,0.6648,1.75,81.7,GO
1786162636,2026-08-08 04:17:16 UTC,ETH,ETH_USDT_20260925,47.8,1916.92,1916.93,1917.08,1000.0,1922.25,1923.6,1922.1,1000.0,0.2619,2.0,0.452,-0.1902,-1.45,82.5,NO-GO
1786162636,2026-08-08 04:17:16 UTC,ETH,ETH_USDT_20261225,138.8,1916.92,1916.93,1917.08,1000.0,1934.95,1936.55,1934.8,1000.0,0.9243,2.43,0.9507,-0.0263,-0.07,142.8,NO-GO
1786162666,2026-08-08 04:17:46 UTC,BTC,BTC_USDT_20260925,47.8,64976.2,64976.3,64976.3,1000.0,65324.4,65383.9,65318.11,1000.0,0.5261,4.02,0.452,0.074,0.56,41.1,MARGINAL
1786162666,2026-08-08 04:17:46 UTC,BTC,BTC_USDT_20261225,138.8,64976.2,64976.3,64976.3,1000.0,66043.0,66084.0,66036.62,1000.0,1.6319,4.29,0.9507,0.6812,1.79,80.9,GO
1786162666,2026-08-08 04:17:46 UTC,ETH,ETH_USDT_20260925,47.8,1917.17,1917.18,1917.42,1000.0,1922.5,1923.85,1922.35,1000.0,0.2575,1.97,0.452,-0.1946,-1.49,84.0,NO-GO
1786162666,2026-08-08 04:17:46 UTC,ETH,ETH_USDT_20261225,138.8,1917.17,1917.18,1917.42,1000.0,1935.3,1936.9,1935.15,1000.0,0.925,2.43,0.9507,-0.0256,-0.07,142.7,NO-GO
1786162696,2026-08-08 04:18:16 UTC,BTC,BTC_USDT_20260925,47.8,64985.9,64986.0,64986.0,1000.0,65324.4,65383.9,65318.11,1000.0,0.5111,3.9,0.452,0.059,0.45,42.3,MARGINAL
1786162696,2026-08-08 04:18:16 UTC,BTC,BTC_USDT_20261225,138.8,64985.9,64986.0,64986.0,1000.0,66043.0,66084.0,66036.62,1000.0,1.6167,4.25,0.9507,0.666,1.75,81.6,GO
1786162696,2026-08-08 04:18:16 UTC,ETH,ETH_USDT_20260925,47.8,1917.17,1917.18,1917.38,1000.0,1922.5,1923.85,1922.35,1000.0,0.2594,1.98,0.452,-0.1926,-1.47,83.3,NO-GO
1786162696,2026-08-08 04:18:16 UTC,ETH,ETH_USDT_20261225,138.8,1917.17,1917.18,1917.38,1000.0,1935.3,1936.9,1935.15,1000.0,0.927,2.44,0.9507,-0.0237,-0.06,142.4,NO-GO
1786162726,2026-08-08 04:18:46 UTC,BTC,BTC_USDT_20260925,47.8,64985.9,64986.0,64986.0,1000.0,65324.4,65383.9,65318.11,1000.0,0.5111,3.9,0.452,0.059,0.45,42.3,MARGINAL
1786162726,2026-08-08 04:18:46 UTC,BTC,BTC_USDT_20261225,138.8,64985.9,64986.0,64986.0,1000.0,66043.0,66084.0,66036.62,1000.0,1.6167,4.25,0.9507,0.666,1.75,81.6,GO
1786162726,2026-08-08 04:18:46 UTC,ETH,ETH_USDT_20260925,47.8,1917.17,1917.18,1917.31,1000.0,1922.5,1923.85,1922.35,1000.0,0.2631,2.01,0.452,-0.1889,-1.44,82.1,NO-GO
1786162726,2026-08-08 04:18:46 UTC,ETH,ETH_USDT_20261225,138.8,1917.17,1917.18,1917.31,1000.0,1935.3,1936.9,1935.15,1000.0,0.9307,2.45,0.9507,-0.0199,-0.05,141.8,NO-GO
1786162756,2026-08-08 04:19:16 UTC,BTC,BTC_USDT_20260925,47.8,64985.9,64986.0,64986.0,1000.0,65324.4,65383.9,65318.11,1000.0,0.5111,3.9,0.452,0.059,0.45,42.3,MARGINAL
1786162756,2026-08-08 04:19:16 UTC,BTC,BTC_USDT_20261225,138.8,64985.9,64986.0,64986.0,1000.0,66043.0,66084.0,66036.62,1000.0,1.6167,4.25,0.9507,0.666,1.75,81.6,GO
1786162756,2026-08-08 04:19:16 UTC,ETH,ETH_USDT_20260925,47.8,1917.37,1917.38,1917.38,1000.0,1922.8,1924.2,1922.65,1000.0,0.275,2.1,0.452,-0.177,-1.35,78.6,NO-GO
1786162756,2026-08-08 04:19:16 UTC,ETH,ETH_USDT_20261225,138.8,1917.37,1917.38,1917.38,1000.0,1935.6,1937.2,1935.45,1000.0,0.9426,2.48,0.9507,-0.0081,-0.02,140.0,NO-GO
1786162786,2026-08-08 04:19:46 UTC,BTC,BTC_USDT_20260925,47.8,64985.9,64986.0,64986.0,1000.0,65324.4,65383.9,65318.11,1000.0,0.5111,3.9,0.452,0.059,0.45,42.3,MARGINAL
1786162786,2026-08-08 04:19:46 UTC,BTC,BTC_USDT_20261225,138.8,64985.9,64986.0,64986.0,1000.0,66043.0,66084.0,66036.62,1000.0,1.6167,4.25,0.9507,0.666,1.75,81.6,GO
1786162786,2026-08-08 04:19:46 UTC,ETH,ETH_USDT_20260925,47.8,1917.37,1917.38,1917.38,1000.0,1922.8,1924.2,1922.65,1000.0,0.275,2.1,0.452,-0.177,-1.35,78.6,NO-GO
1786162786,2026-08-08 04:19:46 UTC,ETH,ETH_USDT_20261225,138.8,1917.37,1917.38,1917.38,1000.0,1935.6,1937.2,1935.45,1000.0,0.9426,2.48,0.9507,-0.0081,-0.02,140.0,NO-GO
1786162816,2026-08-08 04:20:16 UTC,BTC,BTC_USDT_20260925,47.8,64985.9,64986.0,64986.0,1000.0,65324.4,65367.6,65318.11,1000.0,0.5111,3.9,0.452,0.059,0.45,42.3,MARGINAL
1786162816,2026-08-08 04:20:16 UTC,BTC,BTC_USDT_20261225,138.8,64985.9,64986.0,64986.0,1000.0,66043.0,66084.0,66036.62,1000.0,1.6167,4.25,0.9507,0.666,1.75,81.6,GO
1786162816,2026-08-08 04:20:16 UTC,ETH,ETH_USDT_20260925,47.8,1917.37,1917.38,1917.38,1000.0,1922.8,1924.2,1922.65,1000.0,0.275,2.1,0.452,-0.177,-1.35,78.6,NO-GO
1786162816,2026-08-08 04:20:16 UTC,ETH,ETH_USDT_20261225,138.8,1917.37,1917.38,1917.38,1000.0,1935.6,1936.85,1935.45,1000.0,0.9426,2.48,0.9507,-0.0081,-0.02,140.0,NO-GO
1786162846,2026-08-08 04:20:46 UTC,BTC,BTC_USDT_20260925,47.8,64985.9,64986.0,64986.0,1000.0,65324.4,65367.6,65318.11,1000.0,0.5111,3.9,0.452,0.059,0.45,42.3,MARGINAL
1786162846,2026-08-08 04:20:46 UTC,BTC,BTC_USDT_20261225,138.8,64985.9,64986.0,64986.0,1000.0,66043.0,66084.0,66036.62,1000.0,1.6167,4.25,0.9507,0.666,1.75,81.6,GO
1786162846,2026-08-08 04:20:46 UTC,ETH,ETH_USDT_20260925,47.8,1917.37,1917.38,1917.38,1000.0,1922.5,1923.85,1922.25,1000.0,0.2542,1.94,0.452,-0.1978,-1.51,85.0,NO-GO
1786162846,2026-08-08 04:20:46 UTC,ETH,ETH_USDT_20261225,138.8,1917.37,1917.38,1917.38,1000.0,1935.3,1936.85,1935.05,1000.0,0.9218,2.42,0.9507,-0.0288,-0.08,143.2,NO-GO
1786162876,2026-08-08 04:21:16 UTC,BTC,BTC_USDT_20260925,47.8,64985.9,64986.0,64986.0,1000.0,65324.4,65367.6,65318.11,1000.0,0.5111,3.9,0.452,0.059,0.45,42.3,MARGINAL
1786162876,2026-08-08 04:21:16 UTC,BTC,BTC_USDT_20261225,138.8,64985.9,64986.0,64986.0,1000.0,66043.0,66084.0,66036.62,1000.0,1.6167,4.25,0.9506,0.666,1.75,81.6,GO
1786162876,2026-08-08 04:21:16 UTC,ETH,ETH_USDT_20260925,47.8,1917.37,1917.38,1917.38,1000.0,1922.5,1923.85,1922.25,1000.0,0.2542,1.94,0.452,-0.1978,-1.51,85.0,NO-GO
1786162876,2026-08-08 04:21:16 UTC,ETH,ETH_USDT_20261225,138.8,1917.37,1917.38,1917.38,1000.0,1935.3,1936.85,1935.05,1000.0,0.9218,2.42,0.9506,-0.0288,-0.08,143.2,NO-GO
1786162906,2026-08-08 04:21:46 UTC,BTC,BTC_USDT_20260925,47.8,64985.9,64986.0,64986.0,1000.0,65337.4,65367.6,65318.75,1000.0,0.512,3.91,0.452,0.06,0.46,42.2,MARGINAL
1786162906,2026-08-08 04:21:46 UTC,BTC,BTC_USDT_20261225,138.8,64985.9,64986.0,64986.0,1000.0,66043.0,66084.0,66036.62,1000.0,1.6167,4.25,0.9506,0.666,1.75,81.6,GO
1786162906,2026-08-08 04:21:46 UTC,ETH,ETH_USDT_20260925,47.8,1917.37,1917.38,1917.38,1000.0,1922.5,1923.85,1922.25,1000.0,0.2542,1.94,0.452,-0.1978,-1.51,85.0,NO-GO
1786162906,2026-08-08 04:21:46 UTC,ETH,ETH_USDT_20261225,138.8,1917.37,1917.38,1917.38,1000.0,1935.3,1936.85,1935.05,1000.0,0.9218,2.42,0.9506,-0.0288,-0.08,143.2,NO-GO
1786162936,2026-08-08 04:22:16 UTC,BTC,BTC_USDT_20260925,47.8,64985.9,64986.0,64986.0,1000.0,65324.4,65367.6,65318.11,1000.0,0.5111,3.9,0.452,0.059,0.45,42.3,MARGINAL
1786162936,2026-08-08 04:22:16 UTC,BTC,BTC_USDT_20261225,138.8,64985.9,64986.0,64986.0,1000.0,66043.0,66084.0,66036.62,1000.0,1.6167,4.25,0.9506,0.666,1.75,81.6,GO
1786162936,2026-08-08 04:22:16 UTC,ETH,ETH_USDT_20260925,47.8,1916.93,1916.94,1916.94,1000.0,1922.5,1923.85,1922.25,1000.0,0.2773,2.12,0.452,-0.1748,-1.33,78.0,NO-GO
1786162936,2026-08-08 04:22:16 UTC,ETH,ETH_USDT_20261225,138.8,1916.93,1916.94,1916.94,1000.0,1935.3,1936.5,1935.05,1000.0,0.945,2.48,0.9506,-0.0057,-0.01,139.6,NO-GO
1786162966,2026-08-08 04:22:46 UTC,BTC,BTC_USDT_20260925,47.8,64985.9,64986.0,64986.0,1000.0,65324.4,65367.6,65318.11,1000.0,0.5111,3.9,0.452,0.059,0.45,42.3,MARGINAL
1786162966,2026-08-08 04:22:46 UTC,BTC,BTC_USDT_20261225,138.8,64985.9,64986.0,64986.0,1000.0,66043.0,66084.0,66036.62,1000.0,1.6167,4.25,0.9506,0.666,1.75,81.6,GO
1786162966,2026-08-08 04:22:46 UTC,ETH,ETH_USDT_20260925,47.8,1916.93,1916.94,1916.94,1000.0,1922.25,1923.45,1921.81,1000.0,0.254,1.94,0.452,-0.198,-1.51,85.1,NO-GO
1786162966,2026-08-08 04:22:46 UTC,ETH,ETH_USDT_20261225,138.8,1916.93,1916.94,1916.94,1000.0,1934.95,1936.2,1934.66,1000.0,0.9242,2.43,0.9506,-0.0265,-0.07,142.8,NO-GO
1786162996,2026-08-08 04:23:16 UTC,BTC,BTC_USDT_20260925,47.8,64985.9,64986.0,64986.0,1000.0,65324.4,65367.6,65318.11,1000.0,0.5111,3.9,0.452,0.059,0.45,42.3,MARGINAL
1786162996,2026-08-08 04:23:16 UTC,BTC,BTC_USDT_20261225,138.8,64985.9,64986.0,64986.0,1000.0,66043.0,66084.0,66036.62,1000.0,1.6167,4.25,0.9506,0.666,1.75,81.6,GO
1786162996,2026-08-08 04:23:16 UTC,ETH,ETH_USDT_20260925,47.8,1916.93,1916.94,1916.94,1000.0,1922.25,1923.45,1921.81,1000.0,0.254,1.94,0.452,-0.198,-1.51,85.1,NO-GO
1786162996,2026-08-08 04:23:16 UTC,ETH,ETH_USDT_20261225,138.8,1916.93,1916.94,1916.94,1000.0,1934.95,1936.2,1934.66,1000.0,0.9242,2.43,0.9506,-0.0265,-0.07,142.8,NO-GO
1786163026,2026-08-08 04:23:46 UTC,BTC,BTC_USDT_20260925,47.8,64985.9,64986.0,64986.0,1000.0,65324.4,65367.6,65318.11,1000.0,0.5111,3.9,0.452,0.059,0.45,42.3,MARGINAL
1786163026,2026-08-08 04:23:46 UTC,BTC,BTC_USDT_20261225,138.8,64985.9,64986.0,64986.0,1000.0,66043.0,66084.0,66036.62,1000.0,1.6167,4.25,0.9506,0.666,1.75,81.6,GO
1786163026,2026-08-08 04:23:46 UTC,ETH,ETH_USDT_20260925,47.8,1916.74,1916.75,1916.75,1000.0,1922.25,1923.45,1921.81,1000.0,0.2639,2.01,0.452,-0.1881,-1.44,81.9,NO-GO
1786163026,2026-08-08 04:23:46 UTC,ETH,ETH_USDT_20261225,138.8,1916.74,1916.75,1916.75,1000.0,1934.95,1936.2,1934.66,1000.0,0.9342,2.46,0.9506,-0.0165,-0.04,141.3,NO-GO
1786163056,2026-08-08 04:24:16 UTC,BTC,BTC_USDT_20260925,47.8,64985.9,64986.0,64986.0,1000.0,65324.4,65367.6,65318.11,1000.0,0.5111,3.9,0.452,0.059,0.45,42.3,MARGINAL
1786163056,2026-08-08 04:24:16 UTC,BTC,BTC_USDT_20261225,138.8,64985.9,64986.0,64986.0,1000.0,66043.0,66084.0,66036.62,1000.0,1.6167,4.25,0.9506,0.666,1.75,81.6,GO
1786163056,2026-08-08 04:24:16 UTC,ETH,ETH_USDT_20260925,47.8,1916.74,1916.75,1916.75,1000.0,1922.25,1923.45,1921.81,1000.0,0.2639,2.01,0.452,-0.1881,-1.44,81.9,NO-GO
1786163056,2026-08-08 04:24:16 UTC,ETH,ETH_USDT_20261225,138.8,1916.74,1916.75,1916.75,1000.0,1934.95,1936.2,1934.66,1000.0,0.9342,2.46,0.9506,-0.0165,-0.04,141.3,NO-GO
1786163086,2026-08-08 04:24:46 UTC,BTC,BTC_USDT_20260925,47.8,64979.4,64979.5,64979.5,1000.0,65324.4,65367.6,65318.11,1000.0,0.5211,3.98,0.452,0.0691,0.53,41.5,MARGINAL
1786163086,2026-08-08 04:24:46 UTC,BTC,BTC_USDT_20261225,138.8,64979.4,64979.5,64979.5,1000.0,66043.0,66084.0,66036.62,1000.0,1.6268,4.28,0.9506,0.6762,1.78,81.1,GO
1786163086,2026-08-08 04:24:46 UTC,ETH,ETH_USDT_20260925,47.8,1916.74,1916.75,1916.75,1000.0,1922.25,1923.45,1921.81,1000.0,0.2639,2.01,0.452,-0.1881,-1.44,81.9,NO-GO
1786163086,2026-08-08 04:24:46 UTC,ETH,ETH_USDT_20261225,138.8,1916.74,1916.75,1916.75,1000.0,1934.95,1936.2,1934.66,1000.0,0.9342,2.46,0.9506,-0.0165,-0.04,141.3,NO-GO
1786163116,2026-08-08 04:25:16 UTC,BTC,BTC_USDT_20260925,47.8,64979.4,64979.5,64979.5,1000.0,65324.4,65367.6,65318.11,1000.0,0.5211,3.98,0.452,0.0691,0.53,41.5,MARGINAL
1786163116,2026-08-08 04:25:16 UTC,BTC,BTC_USDT_20261225,138.8,64979.4,64979.5,64979.5,1000.0,66043.0,66084.0,66036.62,1000.0,1.6268,4.28,0.9506,0.6762,1.78,81.1,GO
1786163116,2026-08-08 04:25:16 UTC,ETH,ETH_USDT_20260925,47.8,1916.74,1916.75,1916.75,1000.0,1922.25,1923.45,1921.81,1000.0,0.2639,2.01,0.452,-0.1881,-1.44,81.9,NO-GO
1786163116,2026-08-08 04:25:16 UTC,ETH,ETH_USDT_20261225,138.8,1916.74,1916.75,1916.75,1000.0,1934.95,1936.2,1934.66,1000.0,0.9342,2.46,0.9506,-0.0165,-0.04,141.3,NO-GO
1786163146,2026-08-08 04:25:46 UTC,BTC,BTC_USDT_20260925,47.8,64979.5,64979.6,64984.89,1000.0,65324.4,65383.9,65318.11,1000.0,0.5128,3.91,0.452,0.0608,0.46,42.1,MARGINAL
1786163146,2026-08-08 04:25:46 UTC,BTC,BTC_USDT_20261225,138.8,64979.5,64979.6,64984.89,1000.0,66043.0,66084.0,66036.62,1000.0,1.6184,4.26,0.9506,0.6678,1.76,81.5,GO
1786163146,2026-08-08 04:25:46 UTC,ETH,ETH_USDT_20260925,47.8,1916.69,1916.7,1916.7,1000.0,1922.25,1923.45,1921.81,1000.0,0.2665,2.03,0.452,-0.1855,-1.42,81.1,NO-GO
1786163146,2026-08-08 04:25:46 UTC,ETH,ETH_USDT_20261225,138.8,1916.69,1916.7,1916.7,1000.0,1934.95,1936.2,1934.66,1000.0,0.9368,2.46,0.9506,-0.0138,-0.04,140.9,NO-GO
1786163176,2026-08-08 04:26:16 UTC,BTC,BTC_USDT_20260925,47.8,64994.9,64995.0,64995.0,1000.0,65324.4,65383.9,65318.11,1000.0,0.4971,3.79,0.452,0.0451,0.34,43.5,MARGINAL
1786163176,2026-08-08 04:26:16 UTC,BTC,BTC_USDT_20261225,138.8,64994.9,64995.0,64995.0,1000.0,66043.0,66084.0,66036.62,1000.0,1.6026,4.21,0.9506,0.652,1.71,82.3,GO
1786163176,2026-08-08 04:26:16 UTC,ETH,ETH_USDT_20260925,47.8,1916.91,1916.92,1916.92,1000.0,1922.25,1923.45,1921.81,1000.0,0.255,1.95,0.452,-0.197,-1.5,84.7,NO-GO
1786163176,2026-08-08 04:26:16 UTC,ETH,ETH_USDT_20261225,138.8,1916.91,1916.92,1916.92,1000.0,1934.95,1936.2,1934.66,1000.0,0.9252,2.43,0.9506,-0.0254,-0.07,142.6,NO-GO
1786163206,2026-08-08 04:26:46 UTC,BTC,BTC_USDT_20260925,47.8,64994.9,64995.0,64995.0,1000.0,65335.1,65383.9,65328.81,1000.0,0.5136,3.92,0.452,0.0616,0.47,42.1,MARGINAL
1786163206,2026-08-08 04:26:46 UTC,BTC,BTC_USDT_20261225,138.8,64994.9,64995.0,64995.0,1000.0,66053.9,66084.0,66047.52,1000.0,1.6194,4.26,0.9506,0.6688,1.76,81.5,GO
1786163206,2026-08-08 04:26:46 UTC,ETH,ETH_USDT_20260925,47.8,1916.92,1916.93,1916.93,1000.0,1922.25,1923.45,1922.05,1000.0,0.2673,2.04,0.452,-0.1847,-1.41,80.9,NO-GO
1786163206,2026-08-08 04:26:46 UTC,ETH,ETH_USDT_20261225,138.8,1916.92,1916.93,1916.93,1000.0,1934.95,1936.5,1934.66,1000.0,0.9247,2.43,0.9506,-0.0259,-0.07,142.7,NO-GO
1786163236,2026-08-08 04:27:16 UTC,BTC,BTC_USDT_20260925,47.8,64994.9,64995.0,64995.0,1000.0,65345.0,65393.9,65338.71,1000.0,0.5288,4.04,0.452,0.0768,0.59,40.9,MARGINAL
1786163236,2026-08-08 04:27:16 UTC,BTC,BTC_USDT_20261225,138.8,64994.9,64995.0,64995.0,1000.0,66063.9,66107.5,66057.52,1000.0,1.6348,4.3,0.9506,0.6841,1.8,80.7,GO
1786163236,2026-08-08 04:27:16 UTC,ETH,ETH_USDT_20260925,47.8,1917.37,1917.38,1917.53,1000.0,1922.5,1923.85,1922.35,1000.0,0.2514,1.92,0.452,-0.2006,-1.53,86.0,NO-GO
1786163236,2026-08-08 04:27:16 UTC,ETH,ETH_USDT_20261225,138.8,1917.37,1917.38,1917.53,1000.0,1935.5,1936.85,1935.35,1000.0,0.9294,2.44,0.9506,-0.0212,-0.06,142.0,NO-GO
1786163266,2026-08-08 04:27:46 UTC,BTC,BTC_USDT_20260925,47.8,64995.0,64995.1,64999.29,1000.0,65369.6,65393.9,65338.92,1000.0,0.5225,3.99,0.452,0.0705,0.54,41.4,MARGINAL
1786163266,2026-08-08 04:27:46 UTC,BTC,BTC_USDT_20261225,138.8,64995.0,64995.1,64999.29,1000.0,66063.9,66107.5,66057.52,1000.0,1.6281,4.28,0.9506,0.6774,1.78,81.1,GO
1786163266,2026-08-08 04:27:46 UTC,ETH,ETH_USDT_20260925,47.8,1917.43,1917.44,1917.44,1000.0,1922.75,1924.2,1922.6,1000.0,0.2693,2.06,0.452,-0.1827,-1.39,80.3,NO-GO
1786163266,2026-08-08 04:27:46 UTC,ETH,ETH_USDT_20261225,138.8,1917.43,1917.44,1917.44,1000.0,1935.5,1936.85,1935.35,1000.0,0.9342,2.46,0.9506,-0.0164,-0.04,141.3,NO-GO
1786163296,2026-08-08 04:28:16 UTC,BTC,BTC_USDT_20260925,47.8,64995.0,64995.1,64998.77,1000.0,65345.0,65393.9,65338.71,1000.0,0.523,3.99,0.452,0.071,0.54,41.3,MARGINAL
1786163296,2026-08-08 04:28:16 UTC,BTC,BTC_USDT_20261225,138.8,64995.0,64995.1,64998.77,1000.0,66063.9,66107.5,66057.52,1000.0,1.6289,4.28,0.9506,0.6782,1.78,81.0,GO
1786163296,2026-08-08 04:28:16 UTC,ETH,ETH_USDT_20260925,47.8,1917.43,1917.44,1917.44,1000.0,1922.75,1924.2,1922.6,1000.0,0.2693,2.06,0.452,-0.1827,-1.39,80.3,NO-GO
1786163296,2026-08-08 04:28:16 UTC,ETH,ETH_USDT_20261225,138.8,1917.43,1917.44,1917.44,1000.0,1935.5,1936.85,1935.35,1000.0,0.9342,2.46,0.9506,-0.0164,-0.04,141.3,NO-GO
1786163326,2026-08-08 04:28:46 UTC,BTC,BTC_USDT_20260925,47.8,64995.0,64995.1,64998.62,1000.0,65345.0,65393.9,65338.71,1000.0,0.5232,3.99,0.452,0.0712,0.54,41.3,MARGINAL
1786163326,2026-08-08 04:28:46 UTC,BTC,BTC_USDT_20261225,138.8,64995.0,64995.1,64998.62,1000.0,66063.9,66107.5,66057.52,1000.0,1.6291,4.28,0.9506,0.6785,1.78,81.0,GO
1786163326,2026-08-08 04:28:46 UTC,ETH,ETH_USDT_20260925,47.8,1917.43,1917.44,1917.44,1000.0,1922.75,1923.95,1922.6,1000.0,0.2693,2.06,0.452,-0.1827,-1.39,80.3,NO-GO
1786163326,2026-08-08 04:28:46 UTC,ETH,ETH_USDT_20261225,138.8,1917.43,1917.44,1917.44,1000.0,1935.5,1936.85,1935.35,1000.0,0.9342,2.46,0.9506,-0.0164,-0.04,141.3,NO-GO
1786163356,2026-08-08 04:29:16 UTC,BTC,BTC_USDT_20260925,47.8,64999.0,64999.1,64999.1,1000.0,65345.0,65393.9,65338.71,1000.0,0.5225,3.99,0.452,0.0705,0.54,41.4,MARGINAL
1786163356,2026-08-08 04:29:16 UTC,BTC,BTC_USDT_20261225,138.8,64999.0,64999.1,64999.1,1000.0,66063.9,66107.5,66057.52,1000.0,1.6284,4.28,0.9506,0.6777,1.78,81.0,GO
1786163356,2026-08-08 04:29:16 UTC,ETH,ETH_USDT_20260925,47.8,1917.43,1917.44,1917.44,1000.0,1922.75,1923.95,1922.6,1000.0,0.2693,2.06,0.452,-0.1827,-1.39,80.3,NO-GO
1786163356,2026-08-08 04:29:16 UTC,ETH,ETH_USDT_20261225,138.8,1917.43,1917.44,1917.44,1000.0,1935.5,1936.85,1935.35,1000.0,0.9342,2.46,0.9506,-0.0164,-0.04,141.3,NO-GO
1786163386,2026-08-08 04:29:46 UTC,BTC,BTC_USDT_20260925,47.8,64999.0,64999.1,64999.1,1000.0,65345.0,65393.9,65338.71,1000.0,0.5225,3.99,0.452,0.0705,0.54,41.4,MARGINAL
1786163386,2026-08-08 04:29:46 UTC,BTC,BTC_USDT_20261225,138.8,64999.0,64999.1,64999.1,1000.0,66063.9,66107.5,66057.52,1000.0,1.6284,4.28,0.9506,0.6777,1.78,81.0,GO
1786163386,2026-08-08 04:29:46 UTC,ETH,ETH_USDT_20260925,47.8,1917.43,1917.44,1917.44,1000.0,1922.75,1923.95,1922.6,1000.0,0.2693,2.06,0.452,-0.1827,-1.39,80.3,NO-GO
1786163386,2026-08-08 04:29:46 UTC,ETH,ETH_USDT_20261225,138.8,1917.43,1917.44,1917.44,1000.0,1935.5,1936.85,1935.35,1000.0,0.9342,2.46,0.9506,-0.0164,-0.04,141.3,NO-GO
1786163416,2026-08-08 04:30:16 UTC,BTC,BTC_USDT_20260925,47.8,64999.0,64999.1,64999.1,1000.0,65345.0,65393.9,65338.71,1000.0,0.5225,3.99,0.452,0.0705,0.54,41.4,MARGINAL
1786163416,2026-08-08 04:30:16 UTC,BTC,BTC_USDT_20261225,138.8,64999.0,64999.1,64999.1,1000.0,66063.9,66107.5,66057.52,1000.0,1.6284,4.28,0.9506,0.6777,1.78,81.0,GO
1786163416,2026-08-08 04:30:16 UTC,ETH,ETH_USDT_20260925,47.8,1917.43,1917.44,1917.44,1000.0,1922.75,1923.95,1922.6,1000.0,0.2693,2.06,0.452,-0.1827,-1.39,80.3,NO-GO
1786163416,2026-08-08 04:30:16 UTC,ETH,ETH_USDT_20261225,138.8,1917.43,1917.44,1917.44,1000.0,1935.5,1936.85,1935.35,1000.0,0.9342,2.46,0.9506,-0.0164,-0.04,141.3,NO-GO
1786163446,2026-08-08 04:30:46 UTC,BTC,BTC_USDT_20260925,47.8,64998.9,64999.0,64999.0,1000.0,65335.1,65376.4,65326.2,1000.0,0.5034,3.84,0.452,0.0514,0.39,42.9,MARGINAL
1786163446,2026-08-08 04:30:46 UTC,BTC,BTC_USDT_20261225,138.8,64998.9,64999.0,64999.0,1000.0,66043.0,66095.6,66042.71,1000.0,1.6057,4.22,0.9506,0.6551,1.72,82.2,GO
1786163446,2026-08-08 04:30:46 UTC,ETH,ETH_USDT_20260925,47.8,1917.18,1917.19,1917.19,1000.0,1922.5,1923.95,1922.25,1000.0,0.2642,2.02,0.452,-0.1878,-1.43,81.8,NO-GO
1786163446,2026-08-08 04:30:46 UTC,ETH,ETH_USDT_20261225,138.8,1917.18,1917.19,1917.19,1000.0,1935.15,1936.65,1935.0,1000.0,0.9291,2.44,0.9506,-0.0215,-0.06,142.0,NO-GO
1786163476,2026-08-08 04:31:16 UTC,BTC,BTC_USDT_20260925,47.8,64998.8,64998.9,64998.9,1000.0,65343.3,65376.4,65337.05,1000.0,0.5202,3.97,0.452,0.0683,0.52,41.5,MARGINAL
1786163476,2026-08-08 04:31:16 UTC,BTC,BTC_USDT_20261225,138.8,64998.8,64998.9,64998.9,1000.0,66062.2,66107.5,66055.82,1000.0,1.6261,4.28,0.9506,0.6754,1.78,81.2,GO
1786163476,2026-08-08 04:31:16 UTC,ETH,ETH_USDT_20260925,47.8,1917.29,1917.3,1917.3,1000.0,1922.75,1923.95,1922.6,1000.0,0.2766,2.11,0.452,-0.1754,-1.34,78.1,NO-GO
1786163476,2026-08-08 04:31:16 UTC,ETH,ETH_USDT_20261225,138.8,1917.29,1917.3,1917.3,1000.0,1935.45,1936.85,1935.3,1000.0,0.939,2.47,0.9506,-0.0116,-0.03,140.5,NO-GO
1786163506,2026-08-08 04:31:46 UTC,BTC,BTC_USDT_20260925,47.8,64999.9,65000.0,65000.0,1000.0,65343.3,65376.3,65337.05,1000.0,0.5185,3.96,0.452,0.0666,0.51,41.7,MARGINAL
1786163506,2026-08-08 04:31:46 UTC,BTC,BTC_USDT_20261225,138.8,64999.9,65000.0,65000.0,1000.0,66062.2,66107.5,66055.82,1000.0,1.6243,4.27,0.9506,0.6737,1.77,81.2,GO
1786163506,2026-08-08 04:31:46 UTC,ETH,ETH_USDT_20260925,47.8,1917.47,1917.48,1917.48,1000.0,1922.75,1924.2,1922.6,1000.0,0.2672,2.04,0.452,-0.1848,-1.41,80.9,NO-GO
1786163506,2026-08-08 04:31:46 UTC,ETH,ETH_USDT_20261225,138.8,1917.47,1917.48,1917.48,1000.0,1935.45,1936.85,1935.3,1000.0,0.9295,2.44,0.9506,-0.0211,-0.06,142.0,NO-GO
1786163536,2026-08-08 04:32:16 UTC,BTC,BTC_USDT_20260925,47.8,64999.9,65000.0,65000.0,1000.0,65343.3,65359.8,65337.05,1000.0,0.5185,3.96,0.452,0.0666,0.51,41.7,MARGINAL
1786163536,2026-08-08 04:32:16 UTC,BTC,BTC_USDT_20261225,138.8,64999.9,65000.0,65000.0,1000.0,66062.2,66107.5,66055.82,1000.0,1.6243,4.27,0.9506,0.6737,1.77,81.2,GO
1786163536,2026-08-08 04:32:16 UTC,ETH,ETH_USDT_20260925,47.8,1917.47,1917.48,1917.48,1000.0,1922.75,1924.2,1922.6,1000.0,0.2672,2.04,0.452,-0.1848,-1.41,80.9,NO-GO
1786163536,2026-08-08 04:32:16 UTC,ETH,ETH_USDT_20261225,138.8,1917.47,1917.48,1917.48,1000.0,1935.45,1936.85,1935.3,1000.0,0.9295,2.44,0.9506,-0.0211,-0.06,142.0,NO-GO
1786163566,2026-08-08 04:32:46 UTC,BTC,BTC_USDT_20260925,47.8,64999.9,65000.0,65000.0,1000.0,65293.4,65553.2,65291.95,1000.0,0.4492,3.43,0.452,-0.0028,-0.02,48.1,NO-GO
1786163566,2026-08-08 04:32:46 UTC,BTC,BTC_USDT_20261225,138.8,64999.9,65000.0,65000.0,1000.0,66018.3,66271.1,66010.47,1000.0,1.5546,4.09,0.9506,0.604,1.59,84.9,GO
1786163566,2026-08-08 04:32:46 UTC,ETH,ETH_USDT_20260925,47.8,1917.47,1917.48,1917.48,1000.0,1923.05,1924.65,1922.9,1000.0,0.2828,2.16,0.452,-0.1692,-1.29,76.4,NO-GO
1786163566,2026-08-08 04:32:46 UTC,ETH,ETH_USDT_20261225,138.8,1917.47,1917.48,1917.48,1000.0,1936.15,1937.45,1936.0,1000.0,0.966,2.54,0.9506,0.0154,0.04,136.6,MARGINAL
1786163596,2026-08-08 04:33:16 UTC,BTC,BTC_USDT_20260925,47.8,65028.1,65028.2,65028.2,1000.0,65371.6,65419.2,65365.35,1000.0,0.5185,3.96,0.452,0.0665,0.51,41.7,MARGINAL
1786163596,2026-08-08 04:33:16 UTC,BTC,BTC_USDT_20261225,138.8,65028.1,65028.2,65028.2,1000.0,66090.8,66138.9,66084.42,1000.0,1.6242,4.27,0.9506,0.6736,1.77,81.2,GO
1786163596,2026-08-08 04:33:16 UTC,ETH,ETH_USDT_20260925,47.8,1917.72,1917.73,1917.73,1000.0,1923.05,1924.65,1922.9,1000.0,0.2697,2.06,0.452,-0.1822,-1.39,80.1,NO-GO
1786163596,2026-08-08 04:33:16 UTC,ETH,ETH_USDT_20261225,138.8,1917.72,1917.73,1917.73,1000.0,1936.15,1937.45,1936.0,1000.0,0.9528,2.51,0.9506,0.0022,0.01,138.5,MARGINAL
1786163626,2026-08-08 04:33:46 UTC,BTC,BTC_USDT_20260925,47.8,65031.7,65031.8,65031.8,1000.0,65371.6,65419.2,65365.35,1000.0,0.5129,3.92,0.452,0.0609,0.47,42.1,MARGINAL
1786163626,2026-08-08 04:33:46 UTC,BTC,BTC_USDT_20261225,138.8,65031.7,65031.8,65031.8,1000.0,66090.8,66138.9,66084.42,1000.0,1.6186,4.26,0.9506,0.668,1.76,81.5,GO
1786163626,2026-08-08 04:33:46 UTC,ETH,ETH_USDT_20260925,47.8,1917.72,1917.73,1917.73,1000.0,1923.05,1924.65,1922.9,1000.0,0.2697,2.06,0.452,-0.1822,-1.39,80.1,NO-GO
1786163626,2026-08-08 04:33:46 UTC,ETH,ETH_USDT_20261225,138.8,1917.72,1917.73,1917.73,1000.0,1935.8,1937.45,1935.6,1000.0,0.932,2.45,0.9506,-0.0186,-0.05,141.6,NO-GO
1786163656,2026-08-08 04:34:16 UTC,BTC,BTC_USDT_20260925,47.8,65022.4,65022.5,65022.5,1000.0,65351.8,65401.0,65346.42,1000.0,0.4982,3.8,0.452,0.0462,0.35,43.4,MARGINAL
1786163656,2026-08-08 04:34:16 UTC,BTC,BTC_USDT_20261225,138.8,65022.4,65022.5,65022.5,1000.0,66084.1,66120.5,66065.73,1000.0,1.6044,4.22,0.9506,0.6538,1.72,82.2,GO
1786163656,2026-08-08 04:34:16 UTC,ETH,ETH_USDT_20260925,47.8,1917.5,1917.51,1917.51,1000.0,1922.5,1924.0,1922.4,1000.0,0.2551,1.95,0.452,-0.1969,-1.5,84.7,NO-GO
1786163656,2026-08-08 04:34:16 UTC,ETH,ETH_USDT_20261225,138.8,1917.5,1917.51,1917.51,1000.0,1935.45,1936.8,1935.2,1000.0,0.9228,2.43,0.9506,-0.0278,-0.07,143.0,NO-GO
1786163686,2026-08-08 04:34:46 UTC,BTC,BTC_USDT_20260925,47.8,65022.4,65022.5,65022.5,1000.0,65351.8,65401.0,65346.42,1000.0,0.4982,3.8,0.452,0.0462,0.35,43.4,MARGINAL
1786163686,2026-08-08 04:34:46 UTC,BTC,BTC_USDT_20261225,138.8,65022.4,65022.5,65022.5,1000.0,66084.1,66120.5,66065.73,1000.0,1.6044,4.22,0.9506,0.6538,1.72,82.2,GO
1786163686,2026-08-08 04:34:46 UTC,ETH,ETH_USDT_20260925,47.8,1917.3,1917.31,1917.31,1000.0,1922.25,1923.65,1922.05,1000.0,0.2474,1.89,0.452,-0.2045,-1.56,87.3,NO-GO
1786163686,2026-08-08 04:34:46 UTC,ETH,ETH_USDT_20261225,138.8,1917.3,1917.31,1917.31,1000.0,1934.95,1936.45,1934.85,1000.0,0.9149,2.41,0.9506,-0.0357,-0.09,144.2,NO-GO
1786163716,2026-08-08 04:35:16 UTC,BTC,BTC_USDT_20260925,47.8,65022.4,65022.5,65022.5,1000.0,65351.8,65401.0,65346.42,1000.0,0.4982,3.8,0.452,0.0462,0.35,43.4,MARGINAL
1786163716,2026-08-08 04:35:16 UTC,BTC,BTC_USDT_20261225,138.8,65022.4,65022.5,65022.5,1000.0,66084.1,66120.5,66065.73,1000.0,1.6044,4.22,0.9506,0.6538,1.72,82.2,GO
1786163716,2026-08-08 04:35:16 UTC,ETH,ETH_USDT_20260925,47.8,1917.3,1917.31,1917.31,1000.0,1922.5,1924.0,1922.35,1000.0,0.263,2.01,0.452,-0.1889,-1.44,82.2,NO-GO
1786163716,2026-08-08 04:35:16 UTC,ETH,ETH_USDT_20261225,138.8,1917.3,1917.31,1917.31,1000.0,1935.3,1936.8,1935.15,1000.0,0.9306,2.45,0.9506,-0.02,-0.05,141.8,NO-GO
1786163746,2026-08-08 04:35:46 UTC,BTC,BTC_USDT_20260925,47.8,65022.4,65022.5,65022.5,1000.0,65351.8,65401.0,65346.42,1000.0,0.4982,3.8,0.452,0.0462,0.35,43.4,MARGINAL
1786163746,2026-08-08 04:35:46 UTC,BTC,BTC_USDT_20261225,138.8,65022.4,65022.5,65022.5,1000.0,66084.1,66120.5,66065.73,1000.0,1.6044,4.22,0.9506,0.6538,1.72,82.2,GO
1786163746,2026-08-08 04:35:46 UTC,ETH,ETH_USDT_20260925,47.8,1917.3,1917.31,1917.31,1000.0,1922.5,1924.0,1922.35,1000.0,0.263,2.01,0.452,-0.1889,-1.44,82.2,NO-GO
1786163746,2026-08-08 04:35:46 UTC,ETH,ETH_USDT_20261225,138.8,1917.3,1917.31,1917.31,1000.0,1935.3,1936.8,1935.15,1000.0,0.9306,2.45,0.9506,-0.02,-0.05,141.8,NO-GO
1786163776,2026-08-08 04:36:16 UTC,BTC,BTC_USDT_20260925,47.8,65022.4,65022.5,65022.5,1000.0,65351.8,65401.0,65346.42,1000.0,0.4982,3.8,0.452,0.0462,0.35,43.4,MARGINAL
1786163776,2026-08-08 04:36:16 UTC,BTC,BTC_USDT_20261225,138.8,65022.4,65022.5,65022.5,1000.0,66084.1,66120.5,66065.73,1000.0,1.6044,4.22,0.9506,0.6538,1.72,82.2,GO
1786163776,2026-08-08 04:36:16 UTC,ETH,ETH_USDT_20260925,47.8,1917.3,1917.31,1917.31,1000.0,1922.5,1924.0,1922.35,1000.0,0.263,2.01,0.452,-0.1889,-1.44,82.2,NO-GO
1786163776,2026-08-08 04:36:16 UTC,ETH,ETH_USDT_20261225,138.8,1917.3,1917.31,1917.31,1000.0,1935.3,1936.8,1935.15,1000.0,0.9306,2.45,0.9506,-0.02,-0.05,141.8,NO-GO
1786163806,2026-08-08 04:36:46 UTC,BTC,BTC_USDT_20260925,47.8,65022.4,65022.5,65022.5,1000.0,65351.8,65401.0,65346.42,1000.0,0.4982,3.8,0.452,0.0462,0.35,43.4,MARGINAL
1786163806,2026-08-08 04:36:46 UTC,BTC,BTC_USDT_20261225,138.8,65022.4,65022.5,65022.5,1000.0,66084.1,66120.5,66065.73,1000.0,1.6044,4.22,0.9506,0.6538,1.72,82.2,GO
1786163806,2026-08-08 04:36:46 UTC,ETH,ETH_USDT_20260925,47.8,1917.65,1917.66,1917.66,1000.0,1922.75,1924.3,1922.6,1000.0,0.2578,1.97,0.452,-0.1942,-1.48,83.8,NO-GO
1786163806,2026-08-08 04:36:46 UTC,ETH,ETH_USDT_20261225,138.8,1917.65,1917.66,1917.66,1000.0,1935.65,1937.15,1935.5,1000.0,0.9305,2.45,0.9506,-0.0201,-0.05,141.8,NO-GO
1786163836,2026-08-08 04:37:16 UTC,BTC,BTC_USDT_20260925,47.8,65019.1,65019.2,65019.2,1000.0,65351.8,65401.0,65346.42,1000.0,0.5033,3.84,0.452,0.0513,0.39,42.9,MARGINAL
1786163836,2026-08-08 04:37:16 UTC,BTC,BTC_USDT_20261225,138.8,65019.1,65019.2,65019.2,1000.0,66084.1,66120.5,66065.73,1000.0,1.6096,4.23,0.9506,0.659,1.73,82.0,GO
1786163836,2026-08-08 04:37:16 UTC,ETH,ETH_USDT_20260925,47.8,1917.66,1917.67,1917.67,1000.0,1922.75,1924.3,1922.6,1000.0,0.2572,1.96,0.452,-0.1947,-1.49,84.0,NO-GO
1786163836,2026-08-08 04:37:16 UTC,ETH,ETH_USDT_20261225,138.8,1917.66,1917.67,1917.67,1000.0,1935.65,1937.15,1935.5,1000.0,0.9299,2.45,0.9506,-0.0207,-0.05,141.9,NO-GO
1786163866,2026-08-08 04:37:46 UTC,BTC,BTC_USDT_20260925,47.8,65025.9,65026.0,65026.0,1000.0,65363.7,65401.0,65357.41,1000.0,0.5097,3.89,0.452,0.0577,0.44,42.4,MARGINAL
1786163866,2026-08-08 04:37:46 UTC,BTC,BTC_USDT_20261225,138.8,65025.9,65026.0,65026.0,1000.0,66084.1,66120.5,66076.46,1000.0,1.6154,4.25,0.9506,0.6649,1.75,81.7,GO
1786163866,2026-08-08 04:37:46 UTC,ETH,ETH_USDT_20260925,47.8,1917.76,1917.77,1917.77,1000.0,1922.75,1924.3,1922.6,1000.0,0.252,1.92,0.452,-0.2,-1.53,85.7,NO-GO
1786163866,2026-08-08 04:37:46 UTC,ETH,ETH_USDT_20261225,138.8,1917.76,1917.77,1917.77,1000.0,1935.65,1937.15,1935.5,1000.0,0.9247,2.43,0.9506,-0.0259,-0.07,142.7,NO-GO
1786163896,2026-08-08 04:38:16 UTC,BTC,BTC_USDT_20260925,47.8,65026.9,65027.0,65027.0,1000.0,65363.7,65401.0,65357.41,1000.0,0.5081,3.88,0.452,0.0562,0.43,42.5,MARGINAL
1786163896,2026-08-08 04:38:16 UTC,BTC,BTC_USDT_20261225,138.8,65026.9,65027.0,65027.0,1000.0,66084.1,66120.5,66076.46,1000.0,1.6139,4.24,0.9506,0.6633,1.74,81.8,GO
1786163896,2026-08-08 04:38:16 UTC,ETH,ETH_USDT_20260925,47.8,1917.76,1917.77,1917.77,1000.0,1922.75,1924.3,1922.6,1000.0,0.252,1.92,0.452,-0.1999,-1.53,85.7,NO-GO
1786163896,2026-08-08 04:38:16 UTC,ETH,ETH_USDT_20261225,138.8,1917.76,1917.77,1917.77,1000.0,1935.65,1937.15,1935.5,1000.0,0.9247,2.43,0.9506,-0.0259,-0.07,142.7,NO-GO
1786163926,2026-08-08 04:38:46 UTC,BTC,BTC_USDT_20260925,47.8,65026.9,65027.0,65027.0,1000.0,65363.7,65401.0,65357.41,1000.0,0.5081,3.88,0.452,0.0562,0.43,42.5,MARGINAL
1786163926,2026-08-08 04:38:46 UTC,BTC,BTC_USDT_20261225,138.8,65026.9,65027.0,65027.0,1000.0,66084.1,66120.5,66076.46,1000.0,1.6139,4.24,0.9506,0.6633,1.74,81.8,GO
1786163926,2026-08-08 04:38:46 UTC,ETH,ETH_USDT_20260925,47.8,1917.76,1917.77,1917.77,1000.0,1922.75,1924.3,1922.6,1000.0,0.252,1.92,0.452,-0.1999,-1.53,85.7,NO-GO
1786163926,2026-08-08 04:38:46 UTC,ETH,ETH_USDT_20261225,138.8,1917.76,1917.77,1917.77,1000.0,1935.65,1937.15,1935.5,1000.0,0.9247,2.43,0.9506,-0.0259,-0.07,142.7,NO-GO
1786163956,2026-08-08 04:39:16 UTC,BTC,BTC_USDT_20260925,47.8,65026.9,65027.0,65027.0,1000.0,65363.7,65401.0,65357.41,1000.0,0.5081,3.88,0.452,0.0562,0.43,42.5,MARGINAL
1786163956,2026-08-08 04:39:16 UTC,BTC,BTC_USDT_20261225,138.8,65026.9,65027.0,65027.0,1000.0,66084.1,66120.5,66076.46,1000.0,1.6139,4.24,0.9506,0.6633,1.74,81.8,GO
1786163956,2026-08-08 04:39:16 UTC,ETH,ETH_USDT_20260925,47.8,1917.76,1917.77,1917.77,1000.0,1922.75,1924.3,1922.6,1000.0,0.252,1.92,0.452,-0.1999,-1.53,85.7,NO-GO
1786163956,2026-08-08 04:39:16 UTC,ETH,ETH_USDT_20261225,138.8,1917.76,1917.77,1917.77,1000.0,1935.65,1937.15,1935.5,1000.0,0.9247,2.43,0.9506,-0.0259,-0.07,142.7,NO-GO
1786163986,2026-08-08 04:39:46 UTC,BTC,BTC_USDT_20260925,47.8,65035.9,65036.0,65040.82,1000.0,65374.1,65418.7,65367.85,1000.0,0.5028,3.84,0.4519,0.0509,0.39,43.0,MARGINAL
1786163986,2026-08-08 04:39:46 UTC,BTC,BTC_USDT_20261225,138.8,65035.9,65036.0,65040.82,1000.0,66093.4,66127.2,66087.02,1000.0,1.6085,4.23,0.9506,0.658,1.73,82.0,GO
1786163986,2026-08-08 04:39:46 UTC,ETH,ETH_USDT_20260925,47.8,1917.77,1917.78,1917.78,1000.0,1923.05,1924.3,1922.9,1000.0,0.2671,2.04,0.4519,-0.1848,-1.41,80.9,NO-GO
1786163986,2026-08-08 04:39:46 UTC,ETH,ETH_USDT_20261225,138.8,1917.77,1917.78,1917.78,1000.0,1935.65,1937.15,1935.5,1000.0,0.9241,2.43,0.9506,-0.0264,-0.07,142.8,NO-GO
1786164016,2026-08-08 04:40:16 UTC,BTC,BTC_USDT_20260925,47.8,65045.0,65045.1,65050.43,1000.0,65397.4,65445.6,65391.16,1000.0,0.5238,4.0,0.4519,0.0718,0.55,41.2,MARGINAL
1786164016,2026-08-08 04:40:16 UTC,BTC,BTC_USDT_20261225,138.8,65045.0,65045.1,65050.43,1000.0,66117.1,66163.6,66110.72,1000.0,1.63,4.29,0.9506,0.6794,1.79,81.0,GO
1786164016,2026-08-08 04:40:16 UTC,ETH,ETH_USDT_20260925,47.8,1918.15,1918.16,1918.42,1000.0,1923.85,1925.25,1923.7,1000.0,0.2755,2.1,0.4519,-0.1765,-1.35,78.4,NO-GO
1786164016,2026-08-08 04:40:16 UTC,ETH,ETH_USDT_20261225,138.8,1918.15,1918.16,1918.42,1000.0,1936.65,1938.0,1936.5,1000.0,0.9427,2.48,0.9506,-0.0079,-0.02,140.0,NO-GO
1786164046,2026-08-08 04:40:46 UTC,BTC,BTC_USDT_20260925,47.8,65062.9,65063.0,65063.0,1000.0,65397.4,65445.6,65391.16,1000.0,0.5044,3.85,0.4519,0.0524,0.4,42.8,MARGINAL
1786164046,2026-08-08 04:40:46 UTC,BTC,BTC_USDT_20261225,138.8,65062.9,65063.0,65063.0,1000.0,66117.1,66163.6,66110.72,1000.0,1.6103,4.23,0.9506,0.6597,1.73,81.9,GO
1786164046,2026-08-08 04:40:46 UTC,ETH,ETH_USDT_20260925,47.8,1918.56,1918.57,1918.57,1000.0,1923.85,1925.25,1923.7,1000.0,0.2675,2.04,0.4519,-0.1844,-1.41,80.8,NO-GO
1786164046,2026-08-08 04:40:46 UTC,ETH,ETH_USDT_20261225,138.8,1918.56,1918.57,1918.57,1000.0,1936.65,1938.0,1936.5,1000.0,0.9347,2.46,0.9506,-0.0159,-0.04,141.2,NO-GO
1786164076,2026-08-08 04:41:16 UTC,BTC,BTC_USDT_20260925,47.8,65061.6,65061.7,65061.7,1000.0,65397.4,65445.6,65391.16,1000.0,0.5064,3.87,0.4519,0.0544,0.42,42.7,MARGINAL
1786164076,2026-08-08 04:41:16 UTC,BTC,BTC_USDT_20261225,138.8,65061.6,65061.7,65061.7,1000.0,66117.1,66163.6,66110.72,1000.0,1.6123,4.24,0.9506,0.6618,1.74,81.8,GO
1786164076,2026-08-08 04:41:16 UTC,ETH,ETH_USDT_20260925,47.8,1918.64,1918.65,1918.65,1000.0,1923.85,1925.25,1923.7,1000.0,0.2634,2.01,0.4519,-0.1886,-1.44,82.0,NO-GO
1786164076,2026-08-08 04:41:16 UTC,ETH,ETH_USDT_20261225,138.8,1918.64,1918.65,1918.65,1000.0,1936.65,1938.0,1936.5,1000.0,0.9305,2.45,0.9506,-0.0201,-0.05,141.8,NO-GO
1786164106,2026-08-08 04:41:46 UTC,BTC,BTC_USDT_20260925,47.8,65062.5,65062.6,65062.6,1000.0,65397.4,65445.6,65391.16,1000.0,0.505,3.86,0.4519,0.053,0.4,42.8,MARGINAL
1786164106,2026-08-08 04:41:46 UTC,BTC,BTC_USDT_20261225,138.8,65062.5,65062.6,65062.6,1000.0,66117.1,66163.6,66110.72,1000.0,1.6109,4.24,0.9506,0.6604,1.74,81.9,GO
1786164106,2026-08-08 04:41:46 UTC,ETH,ETH_USDT_20260925,47.8,1918.88,1918.89,1918.89,1000.0,1923.85,1925.25,1923.7,1000.0,0.2508,1.92,0.4519,-0.2011,-1.54,86.1,NO-GO
1786164106,2026-08-08 04:41:46 UTC,ETH,ETH_USDT_20261225,138.8,1918.88,1918.89,1918.89,1000.0,1936.65,1938.0,1936.5,1000.0,0.9179,2.41,0.9506,-0.0327,-0.09,143.7,NO-GO
1786164136,2026-08-08 04:42:16 UTC,BTC,BTC_USDT_20260925,47.8,65063.1,65063.2,65063.2,1000.0,65397.4,65445.6,65391.16,1000.0,0.5041,3.85,0.4519,0.0521,0.4,42.9,MARGINAL
1786164136,2026-08-08 04:42:16 UTC,BTC,BTC_USDT_20261225,138.8,65063.1,65063.2,65063.2,1000.0,66117.1,66163.6,66110.72,1000.0,1.61,4.23,0.9506,0.6594,1.73,82.0,GO
1786164136,2026-08-08 04:42:16 UTC,ETH,ETH_USDT_20260925,47.8,1918.73,1918.74,1918.74,1000.0,1923.85,1925.25,1923.7,1000.0,0.2587,1.97,0.4519,-0.1933,-1.48,83.5,NO-GO
1786164136,2026-08-08 04:42:16 UTC,ETH,ETH_USDT_20261225,138.8,1918.73,1918.74,1918.74,1000.0,1936.65,1938.0,1936.5,1000.0,0.9258,2.43,0.9506,-0.0248,-0.07,142.5,NO-GO
1786164166,2026-08-08 04:42:46 UTC,BTC,BTC_USDT_20260925,47.8,65056.2,65056.3,65056.3,1000.0,65397.4,65445.6,65391.16,1000.0,0.5147,3.93,0.4519,0.0628,0.48,42.0,MARGINAL
1786164166,2026-08-08 04:42:46 UTC,BTC,BTC_USDT_20261225,138.8,65056.2,65056.3,65056.3,1000.0,66117.1,66163.6,66110.72,1000.0,1.6208,4.26,0.9506,0.6702,1.76,81.4,GO
1786164166,2026-08-08 04:42:46 UTC,ETH,ETH_USDT_20260925,47.8,1918.71,1918.72,1918.72,1000.0,1923.85,1925.25,1923.7,1000.0,0.2597,1.98,0.4519,-0.1922,-1.47,83.2,NO-GO
1786164166,2026-08-08 04:42:46 UTC,ETH,ETH_USDT_20261225,138.8,1918.71,1918.72,1918.72,1000.0,1936.65,1938.0,1936.5,1000.0,0.9268,2.44,0.9506,-0.0238,-0.06,142.4,NO-GO
1786164196,2026-08-08 04:43:16 UTC,BTC,BTC_USDT_20260925,47.8,65051.8,65051.9,65051.9,1000.0,65387.1,65431.2,65379.03,1000.0,0.5029,3.84,0.4519,0.0509,0.39,43.0,MARGINAL
1786164196,2026-08-08 04:43:16 UTC,BTC,BTC_USDT_20261225,138.8,65051.8,65051.9,65051.9,1000.0,66106.5,66143.3,66098.38,1000.0,1.6087,4.23,0.9506,0.6581,1.73,82.0,GO
1786164196,2026-08-08 04:43:16 UTC,ETH,ETH_USDT_20260925,47.8,1918.4,1918.41,1918.41,1000.0,1923.45,1925.0,1923.35,1000.0,0.2576,1.97,0.4519,-0.1943,-1.48,83.9,NO-GO
1786164196,2026-08-08 04:43:16 UTC,ETH,ETH_USDT_20261225,138.8,1918.4,1918.41,1918.41,1000.0,1936.3,1937.8,1936.15,1000.0,0.9249,2.43,0.9506,-0.0257,-0.07,142.7,NO-GO
1786164226,2026-08-08 04:43:46 UTC,BTC,BTC_USDT_20260925,47.8,65038.1,65038.2,65038.2,1000.0,65374.1,65419.7,65367.57,1000.0,0.5064,3.87,0.4519,0.0545,0.42,42.7,MARGINAL
1786164226,2026-08-08 04:43:46 UTC,BTC,BTC_USDT_20261225,138.8,65038.1,65038.2,65038.2,1000.0,66093.6,66143.3,66087.22,1000.0,1.6129,4.24,0.9506,0.6624,1.74,81.8,GO
1786164226,2026-08-08 04:43:46 UTC,ETH,ETH_USDT_20260925,47.8,1918.4,1918.41,1918.41,1000.0,1923.45,1925.0,1923.35,1000.0,0.2576,1.97,0.4519,-0.1943,-1.48,83.9,NO-GO
1786164226,2026-08-08 04:43:46 UTC,ETH,ETH_USDT_20261225,138.8,1918.4,1918.41,1918.41,1000.0,1936.3,1937.8,1936.15,1000.0,0.9249,2.43,0.9506,-0.0257,-0.07,142.7,NO-GO
1786164256,2026-08-08 04:44:16 UTC,BTC,BTC_USDT_20260925,47.8,65033.7,65033.8,65033.8,1000.0,65374.1,65419.7,65367.57,1000.0,0.5132,3.92,0.4519,0.0613,0.47,42.1,MARGINAL
1786164256,2026-08-08 04:44:16 UTC,BTC,BTC_USDT_20261225,138.8,65033.7,65033.8,65033.8,1000.0,66093.6,66143.3,66087.22,1000.0,1.6198,4.26,0.9506,0.6692,1.76,81.5,GO
1786164256,2026-08-08 04:44:16 UTC,ETH,ETH_USDT_20260925,47.8,1918.4,1918.41,1918.41,1000.0,1923.45,1925.0,1923.35,1000.0,0.2576,1.97,0.4519,-0.1943,-1.48,83.9,NO-GO
1786164256,2026-08-08 04:44:16 UTC,ETH,ETH_USDT_20261225,138.8,1918.4,1918.41,1918.41,1000.0,1936.3,1937.8,1936.15,1000.0,0.9249,2.43,0.9506,-0.0257,-0.07,142.7,NO-GO
1786164286,2026-08-08 04:44:46 UTC,BTC,BTC_USDT_20260925,47.8,65033.7,65033.8,65033.8,1000.0,65374.1,65419.7,65367.57,1000.0,0.5132,3.92,0.4519,0.0613,0.47,42.1,MARGINAL
1786164286,2026-08-08 04:44:46 UTC,BTC,BTC_USDT_20261225,138.8,65033.7,65033.8,65033.8,1000.0,66093.6,66143.3,66087.22,1000.0,1.6198,4.26,0.9506,0.6692,1.76,81.5,GO
1786164286,2026-08-08 04:44:46 UTC,ETH,ETH_USDT_20260925,47.8,1918.16,1918.17,1918.17,1000.0,1923.45,1924.65,1923.35,1000.0,0.2701,2.06,0.4519,-0.1818,-1.39,80.0,NO-GO
1786164286,2026-08-08 04:44:46 UTC,ETH,ETH_USDT_20261225,138.8,1918.16,1918.17,1918.17,1000.0,1936.3,1937.45,1936.15,1000.0,0.9375,2.47,0.9506,-0.0131,-0.03,140.7,NO-GO
1786164316,2026-08-08 04:45:16 UTC,BTC,BTC_USDT_20260925,47.8,65040.5,65040.6,65040.6,1000.0,65374.1,65419.7,65367.57,1000.0,0.5027,3.84,0.4519,0.0508,0.39,43.0,MARGINAL
1786164316,2026-08-08 04:45:16 UTC,BTC,BTC_USDT_20261225,138.8,65040.5,65040.6,65040.6,1000.0,66093.6,66143.3,66087.22,1000.0,1.6092,4.23,0.9506,0.6586,1.73,82.0,GO
1786164316,2026-08-08 04:45:16 UTC,ETH,ETH_USDT_20260925,47.8,1918.17,1918.18,1918.18,1000.0,1923.45,1924.65,1923.35,1000.0,0.2696,2.06,0.4519,-0.1823,-1.39,80.1,NO-GO
1786164316,2026-08-08 04:45:16 UTC,ETH,ETH_USDT_20261225,138.8,1918.17,1918.18,1918.18,1000.0,1936.3,1937.8,1936.15,1000.0,0.937,2.46,0.9506,-0.0136,-0.04,140.8,NO-GO
1786164346,2026-08-08 04:45:46 UTC,BTC,BTC_USDT_20260925,47.8,65040.5,65040.6,65040.6,1000.0,65374.1,65419.7,65367.57,1000.0,0.5027,3.84,0.4519,0.0508,0.39,43.0,MARGINAL
1786164346,2026-08-08 04:45:46 UTC,BTC,BTC_USDT_20261225,138.8,65040.5,65040.6,65040.6,1000.0,66093.6,66143.3,66087.22,1000.0,1.6092,4.23,0.9506,0.6586,1.73,82.0,GO
1786164346,2026-08-08 04:45:46 UTC,ETH,ETH_USDT_20260925,47.8,1918.17,1918.18,1918.18,1000.0,1923.45,1924.65,1923.35,1000.0,0.2696,2.06,0.4519,-0.1823,-1.39,80.1,NO-GO
1786164346,2026-08-08 04:45:46 UTC,ETH,ETH_USDT_20261225,138.8,1918.17,1918.18,1918.18,1000.0,1936.3,1937.8,1936.15,1000.0,0.937,2.46,0.9506,-0.0136,-0.04,140.8,NO-GO
1786164376,2026-08-08 04:46:16 UTC,BTC,BTC_USDT_20260925,47.8,65040.5,65040.6,65040.6,1000.0,65374.1,65419.7,65367.57,1000.0,0.5027,3.84,0.4519,0.0508,0.39,43.0,MARGINAL
1786164376,2026-08-08 04:46:16 UTC,BTC,BTC_USDT_20261225,138.8,65040.5,65040.6,65040.6,1000.0,66093.6,66143.3,66087.22,1000.0,1.6092,4.23,0.9506,0.6586,1.73,82.0,GO
1786164376,2026-08-08 04:46:16 UTC,ETH,ETH_USDT_20260925,47.8,1918.33,1918.34,1918.34,1000.0,1923.45,1925.0,1923.35,1000.0,0.2613,1.99,0.4519,-0.1907,-1.46,82.7,NO-GO
1786164376,2026-08-08 04:46:16 UTC,ETH,ETH_USDT_20261225,138.8,1918.33,1918.34,1918.34,1000.0,1936.3,1937.8,1936.15,1000.0,0.9286,2.44,0.9506,-0.022,-0.06,142.1,NO-GO
1786164406,2026-08-08 04:46:46 UTC,BTC,BTC_USDT_20260925,47.8,65040.5,65040.6,65040.6,1000.0,65374.1,65419.7,65367.57,1000.0,0.5027,3.84,0.4519,0.0508,0.39,43.0,MARGINAL
1786164406,2026-08-08 04:46:46 UTC,BTC,BTC_USDT_20261225,138.8,65040.5,65040.6,65040.6,1000.0,66093.6,66143.3,66087.22,1000.0,1.6092,4.23,0.9506,0.6586,1.73,82.0,GO
1786164406,2026-08-08 04:46:46 UTC,ETH,ETH_USDT_20260925,47.8,1918.22,1918.23,1918.23,1000.0,1923.45,1925.0,1923.35,1000.0,0.267,2.04,0.4519,-0.1849,-1.41,80.9,NO-GO
1786164406,2026-08-08 04:46:46 UTC,ETH,ETH_USDT_20261225,138.8,1918.22,1918.23,1918.23,1000.0,1936.3,1937.8,1936.15,1000.0,0.9343,2.46,0.9506,-0.0162,-0.04,141.2,NO-GO
1786164436,2026-08-08 04:47:16 UTC,BTC,BTC_USDT_20260925,47.8,65040.3,65040.4,65040.4,1000.0,65374.1,65419.7,65367.57,1000.0,0.503,3.84,0.4519,0.0511,0.39,42.9,MARGINAL
1786164436,2026-08-08 04:47:16 UTC,BTC,BTC_USDT_20261225,138.8,65040.3,65040.4,65040.4,1000.0,66093.6,66143.3,66087.22,1000.0,1.6095,4.23,0.9506,0.6589,1.73,82.0,GO
1786164436,2026-08-08 04:47:16 UTC,ETH,ETH_USDT_20260925,47.8,1918.22,1918.23,1918.23,1000.0,1923.45,1925.0,1923.35,1000.0,0.267,2.04,0.4519,-0.1849,-1.41,80.9,NO-GO
1786164436,2026-08-08 04:47:16 UTC,ETH,ETH_USDT_20261225,138.8,1918.22,1918.23,1918.23,1000.0,1936.3,1937.8,1936.15,1000.0,0.9343,2.46,0.9506,-0.0162,-0.04,141.2,NO-GO
1786164466,2026-08-08 04:47:46 UTC,BTC,BTC_USDT_20260925,47.8,65039.6,65039.7,65039.7,1000.0,65374.1,65419.7,65367.57,1000.0,0.5041,3.85,0.4519,0.0522,0.4,42.9,MARGINAL
1786164466,2026-08-08 04:47:46 UTC,BTC,BTC_USDT_20261225,138.8,65039.6,65039.7,65039.7,1000.0,66093.6,66143.3,66087.22,1000.0,1.6106,4.24,0.9505,0.66,1.74,81.9,GO
1786164466,2026-08-08 04:47:46 UTC,ETH,ETH_USDT_20260925,47.8,1918.22,1918.23,1918.23,1000.0,1923.45,1925.0,1923.35,1000.0,0.267,2.04,0.4519,-0.1849,-1.41,80.9,NO-GO
1786164466,2026-08-08 04:47:46 UTC,ETH,ETH_USDT_20261225,138.8,1918.22,1918.23,1918.23,1000.0,1936.3,1937.8,1936.15,1000.0,0.9343,2.46,0.9505,-0.0162,-0.04,141.2,NO-GO
1786164496,2026-08-08 04:48:16 UTC,BTC,BTC_USDT_20260925,47.8,65039.3,65039.4,65039.4,1000.0,65374.1,65419.7,65367.57,1000.0,0.5046,3.85,0.4519,0.0526,0.4,42.8,MARGINAL
1786164496,2026-08-08 04:48:16 UTC,BTC,BTC_USDT_20261225,138.8,65039.3,65039.4,65039.4,1000.0,66093.6,66143.3,66087.22,1000.0,1.6111,4.24,0.9505,0.6605,1.74,81.9,GO
1786164496,2026-08-08 04:48:16 UTC,ETH,ETH_USDT_20260925,47.8,1918.22,1918.23,1918.23,1000.0,1923.45,1924.65,1923.35,1000.0,0.267,2.04,0.4519,-0.1849,-1.41,80.9,NO-GO
1786164496,2026-08-08 04:48:16 UTC,ETH,ETH_USDT_20261225,138.8,1918.22,1918.23,1918.23,1000.0,1936.3,1937.8,1936.15,1000.0,0.9343,2.46,0.9505,-0.0162,-0.04,141.2,NO-GO
1786164526,2026-08-08 04:48:46 UTC,BTC,BTC_USDT_20260925,47.8,65039.3,65039.4,65039.4,1000.0,65374.1,65419.7,65367.57,1000.0,0.5046,3.85,0.4519,0.0527,0.4,42.8,MARGINAL
1786164526,2026-08-08 04:48:46 UTC,BTC,BTC_USDT_20261225,138.8,65039.3,65039.4,65039.4,1000.0,66093.6,66143.3,66087.22,1000.0,1.6111,4.24,0.9505,0.6605,1.74,81.9,GO
1786164526,2026-08-08 04:48:46 UTC,ETH,ETH_USDT_20260925,47.8,1918.22,1918.23,1918.23,1000.0,1923.45,1924.65,1923.35,1000.0,0.267,2.04,0.4519,-0.1849,-1.41,80.9,NO-GO
1786164526,2026-08-08 04:48:46 UTC,ETH,ETH_USDT_20261225,138.8,1918.22,1918.23,1918.23,1000.0,1936.3,1937.8,1936.15,1000.0,0.9343,2.46,0.9505,-0.0162,-0.04,141.2,NO-GO
1786164556,2026-08-08 04:49:16 UTC,BTC,BTC_USDT_20260925,47.8,65032.6,65032.7,65032.7,1000.0,65374.1,65419.7,65367.57,1000.0,0.5149,3.93,0.4519,0.063,0.48,42.0,MARGINAL
1786164556,2026-08-08 04:49:16 UTC,BTC,BTC_USDT_20261225,138.8,65032.6,65032.7,65032.7,1000.0,66077.4,66129.8,66076.82,1000.0,1.6055,4.22,0.9505,0.655,1.72,82.2,GO
1786164556,2026-08-08 04:49:16 UTC,ETH,ETH_USDT_20260925,47.8,1917.91,1917.92,1917.92,1000.0,1923.45,1924.65,1923.01,1000.0,0.2653,2.03,0.4519,-0.1866,-1.42,81.4,NO-GO
1786164556,2026-08-08 04:49:16 UTC,ETH,ETH_USDT_20261225,138.8,1917.91,1917.92,1917.92,1000.0,1936.0,1937.4,1935.8,1000.0,0.9325,2.45,0.9505,-0.0181,-0.05,141.5,NO-GO
1786164586,2026-08-08 04:49:46 UTC,BTC,BTC_USDT_20260925,47.8,65031.5,65031.6,65031.6,1000.0,65374.1,65419.7,65367.57,1000.0,0.5166,3.95,0.4519,0.0647,0.49,41.8,MARGINAL
1786164586,2026-08-08 04:49:46 UTC,BTC,BTC_USDT_20261225,138.8,65031.5,65031.6,65031.6,1000.0,66077.4,66129.8,66076.82,1000.0,1.6072,4.23,0.9505,0.6567,1.73,82.1,GO
1786164586,2026-08-08 04:49:46 UTC,ETH,ETH_USDT_20260925,47.8,1917.91,1917.92,1917.92,1000.0,1923.45,1924.65,1923.01,1000.0,0.2653,2.03,0.4519,-0.1866,-1.42,81.4,NO-GO
1786164586,2026-08-08 04:49:46 UTC,ETH,ETH_USDT_20261225,138.8,1917.91,1917.92,1917.92,1000.0,1936.0,1937.4,1935.8,1000.0,0.9325,2.45,0.9505,-0.0181,-0.05,141.5,NO-GO
1786164616,2026-08-08 04:50:16 UTC,BTC,BTC_USDT_20260925,47.8,65031.5,65031.6,65031.6,1000.0,65363.3,65409.2,65357.01,1000.0,0.5004,3.82,0.4519,0.0485,0.37,43.2,MARGINAL
1786164616,2026-08-08 04:50:16 UTC,BTC,BTC_USDT_20261225,138.8,65031.5,65031.6,65031.6,1000.0,66077.4,66129.8,66076.82,1000.0,1.6072,4.23,0.9505,0.6567,1.73,82.1,GO
1786164616,2026-08-08 04:50:16 UTC,ETH,ETH_USDT_20260925,47.8,1917.91,1917.92,1917.92,1000.0,1923.45,1924.65,1923.01,1000.0,0.2653,2.03,0.4519,-0.1866,-1.42,81.4,NO-GO
1786164616,2026-08-08 04:50:16 UTC,ETH,ETH_USDT_20261225,138.8,1917.91,1917.92,1917.92,1000.0,1936.0,1937.4,1935.8,1000.0,0.9325,2.45,0.9505,-0.0181,-0.05,141.5,NO-GO
1786164646,2026-08-08 04:50:46 UTC,BTC,BTC_USDT_20260925,47.8,65031.5,65031.6,65031.6,1000.0,65363.3,65409.2,65357.01,1000.0,0.5004,3.82,0.4519,0.0485,0.37,43.2,MARGINAL
1786164646,2026-08-08 04:50:46 UTC,BTC,BTC_USDT_20261225,138.8,65031.5,65031.6,65031.6,1000.0,66077.4,66129.8,66076.82,1000.0,1.6072,4.23,0.9505,0.6567,1.73,82.1,GO
1786164646,2026-08-08 04:50:46 UTC,ETH,ETH_USDT_20260925,47.8,1917.91,1917.92,1917.92,1000.0,1923.45,1924.65,1923.01,1000.0,0.2653,2.03,0.4519,-0.1866,-1.42,81.4,NO-GO
1786164646,2026-08-08 04:50:46 UTC,ETH,ETH_USDT_20261225,138.8,1917.91,1917.92,1917.92,1000.0,1936.0,1937.4,1935.8,1000.0,0.9325,2.45,0.9505,-0.0181,-0.05,141.5,NO-GO
1786164676,2026-08-08 04:51:16 UTC,BTC,BTC_USDT_20260925,47.8,65031.5,65031.6,65031.6,1000.0,65363.3,65409.2,65357.01,1000.0,0.5004,3.82,0.4519,0.0485,0.37,43.2,MARGINAL
1786164676,2026-08-08 04:51:16 UTC,BTC,BTC_USDT_20261225,138.8,65031.5,65031.6,65031.6,1000.0,66077.4,66129.8,66076.82,1000.0,1.6072,4.23,0.9505,0.6567,1.73,82.1,GO
1786164676,2026-08-08 04:51:16 UTC,ETH,ETH_USDT_20260925,47.8,1917.91,1917.92,1917.92,1000.0,1923.45,1924.65,1922.15,1000.0,0.2203,1.68,0.4519,-0.2316,-1.77,98.0,NO-GO
1786164676,2026-08-08 04:51:16 UTC,ETH,ETH_USDT_20261225,138.8,1917.91,1917.92,1917.92,1000.0,1935.65,1937.05,1935.45,1000.0,0.9142,2.4,0.9505,-0.0363,-0.1,144.3,NO-GO
1786164706,2026-08-08 04:51:46 UTC,BTC,BTC_USDT_20260925,47.8,65011.7,65011.8,65011.8,1000.0,65345.2,65393.6,65341.33,1000.0,0.5069,3.87,0.4519,0.055,0.42,42.6,MARGINAL
1786164706,2026-08-08 04:51:46 UTC,BTC,BTC_USDT_20261225,138.8,65011.7,65011.8,65011.8,1000.0,66064.0,66113.0,66060.13,1000.0,1.6125,4.24,0.9505,0.662,1.74,81.8,GO
1786164706,2026-08-08 04:51:46 UTC,ETH,ETH_USDT_20260925,47.8,1917.34,1917.35,1917.35,1000.0,1922.5,1923.85,1922.25,1000.0,0.2558,1.95,0.4519,-0.1961,-1.5,84.4,NO-GO
1786164706,2026-08-08 04:51:46 UTC,ETH,ETH_USDT_20261225,138.8,1917.34,1917.35,1917.35,1000.0,1935.3,1936.65,1935.05,1000.0,0.9234,2.43,0.9505,-0.0271,-0.07,142.9,NO-GO
1786164736,2026-08-08 04:52:16 UTC,BTC,BTC_USDT_20260925,47.8,65011.6,65011.7,65011.7,1000.0,65369.4,65393.6,65341.51,1000.0,0.5073,3.87,0.4519,0.0554,0.42,42.6,MARGINAL
1786164736,2026-08-08 04:52:16 UTC,BTC,BTC_USDT_20261225,138.8,65011.6,65011.7,65011.7,1000.0,66064.0,66113.0,66060.13,1000.0,1.6127,4.24,0.9505,0.6622,1.74,81.8,GO
1786164736,2026-08-08 04:52:16 UTC,ETH,ETH_USDT_20260925,47.8,1917.33,1917.34,1917.34,1000.0,1922.5,1923.85,1922.25,1000.0,0.2563,1.96,0.4519,-0.1956,-1.49,84.3,NO-GO
1786164736,2026-08-08 04:52:16 UTC,ETH,ETH_USDT_20261225,138.8,1917.33,1917.34,1917.34,1000.0,1935.3,1936.65,1935.05,1000.0,0.9239,2.43,0.9505,-0.0266,-0.07,142.8,NO-GO
1786164766,2026-08-08 04:52:46 UTC,BTC,BTC_USDT_20260925,47.8,65011.6,65011.7,65011.7,1000.0,65345.2,65393.6,65341.33,1000.0,0.507,3.87,0.4519,0.0551,0.42,42.6,MARGINAL
1786164766,2026-08-08 04:52:46 UTC,BTC,BTC_USDT_20261225,138.8,65011.6,65011.7,65011.7,1000.0,66064.0,66113.0,66060.13,1000.0,1.6127,4.24,0.9505,0.6622,1.74,81.8,GO
1786164766,2026-08-08 04:52:46 UTC,ETH,ETH_USDT_20260925,47.8,1917.32,1917.33,1917.33,1000.0,1922.5,1923.85,1922.25,1000.0,0.2569,1.96,0.4519,-0.195,-1.49,84.1,NO-GO
1786164766,2026-08-08 04:52:46 UTC,ETH,ETH_USDT_20261225,138.8,1917.32,1917.33,1917.33,1000.0,1935.3,1936.65,1935.05,1000.0,0.9245,2.43,0.9505,-0.0261,-0.07,142.7,NO-GO
1786164796,2026-08-08 04:53:16 UTC,BTC,BTC_USDT_20260925,47.8,65016.0,65016.1,65016.1,1000.0,65345.2,65393.6,65341.33,1000.0,0.5002,3.82,0.4519,0.0483,0.37,43.2,MARGINAL
1786164796,2026-08-08 04:53:16 UTC,BTC,BTC_USDT_20261225,138.8,65016.0,65016.1,65016.1,1000.0,66064.0,66113.0,66060.13,1000.0,1.6058,4.22,0.9505,0.6553,1.72,82.2,GO
1786164796,2026-08-08 04:53:16 UTC,ETH,ETH_USDT_20260925,47.8,1917.31,1917.32,1917.32,1000.0,1922.5,1923.85,1922.25,1000.0,0.2574,1.97,0.4519,-0.1945,-1.49,83.9,NO-GO
1786164796,2026-08-08 04:53:16 UTC,ETH,ETH_USDT_20261225,138.8,1917.31,1917.32,1917.32,1000.0,1935.3,1936.65,1935.05,1000.0,0.925,2.43,0.9505,-0.0255,-0.07,142.6,NO-GO
1786164826,2026-08-08 04:53:46 UTC,BTC,BTC_USDT_20260925,47.8,65016.0,65016.1,65016.1,1000.0,65345.2,65393.6,65341.33,1000.0,0.5002,3.82,0.4519,0.0483,0.37,43.2,MARGINAL
1786164826,2026-08-08 04:53:46 UTC,BTC,BTC_USDT_20261225,138.8,65016.0,65016.1,65016.1,1000.0,66064.0,66113.0,66060.13,1000.0,1.6058,4.22,0.9505,0.6553,1.72,82.2,GO
1786164826,2026-08-08 04:53:46 UTC,ETH,ETH_USDT_20260925,47.8,1917.3,1917.31,1917.31,1000.0,1922.5,1923.85,1922.25,1000.0,0.2579,1.97,0.4519,-0.194,-1.48,83.7,NO-GO
1786164826,2026-08-08 04:53:46 UTC,ETH,ETH_USDT_20261225,138.8,1917.3,1917.31,1917.31,1000.0,1935.3,1936.65,1935.05,1000.0,0.9255,2.43,0.9505,-0.025,-0.07,142.5,NO-GO
1786164856,2026-08-08 04:54:16 UTC,BTC,BTC_USDT_20260925,47.8,65016.0,65016.1,65016.1,1000.0,65345.2,65393.6,65341.33,1000.0,0.5002,3.82,0.4519,0.0483,0.37,43.2,MARGINAL
1786164856,2026-08-08 04:54:16 UTC,BTC,BTC_USDT_20261225,138.8,65016.0,65016.1,65016.1,1000.0,66064.0,66113.0,66060.13,1000.0,1.6058,4.22,0.9505,0.6553,1.72,82.2,GO
1786164856,2026-08-08 04:54:16 UTC,ETH,ETH_USDT_20260925,47.8,1917.29,1917.3,1917.3,1000.0,1922.5,1923.85,1922.25,1000.0,0.2584,1.97,0.4519,-0.1935,-1.48,83.6,NO-GO
1786164856,2026-08-08 04:54:16 UTC,ETH,ETH_USDT_20261225,138.8,1917.29,1917.3,1917.3,1000.0,1935.3,1936.65,1935.05,1000.0,0.926,2.44,0.9505,-0.0245,-0.06,142.5,NO-GO
1786164886,2026-08-08 04:54:46 UTC,BTC,BTC_USDT_20260925,47.8,65016.0,65016.1,65016.1,1000.0,65345.2,65393.6,65341.33,1000.0,0.5002,3.82,0.4519,0.0483,0.37,43.2,MARGINAL
1786164886,2026-08-08 04:54:46 UTC,BTC,BTC_USDT_20261225,138.8,65016.0,65016.1,65016.1,1000.0,66064.0,66113.0,66060.13,1000.0,1.6058,4.22,0.9505,0.6553,1.72,82.2,GO
1786164886,2026-08-08 04:54:46 UTC,ETH,ETH_USDT_20260925,47.8,1917.28,1917.29,1917.29,1000.0,1922.5,1923.85,1922.25,1000.0,0.2589,1.98,0.4519,-0.1929,-1.47,83.4,NO-GO
1786164886,2026-08-08 04:54:46 UTC,ETH,ETH_USDT_20261225,138.8,1917.28,1917.29,1917.29,1000.0,1935.3,1936.65,1935.05,1000.0,0.9266,2.44,0.9505,-0.024,-0.06,142.4,NO-GO
1786164916,2026-08-08 04:55:16 UTC,BTC,BTC_USDT_20260925,47.8,65016.0,65016.1,65016.1,1000.0,65345.2,65393.6,65341.33,1000.0,0.5002,3.82,0.4519,0.0483,0.37,43.2,MARGINAL
1786164916,2026-08-08 04:55:16 UTC,BTC,BTC_USDT_20261225,138.8,65016.0,65016.1,65016.1,1000.0,66064.0,66113.0,66060.13,1000.0,1.6058,4.22,0.9505,0.6553,1.72,82.2,GO
1786164916,2026-08-08 04:55:16 UTC,ETH,ETH_USDT_20260925,47.8,1917.28,1917.29,1917.29,1000.0,1922.5,1923.85,1922.25,1000.0,0.2589,1.98,0.4519,-0.1929,-1.47,83.4,NO-GO
1786164916,2026-08-08 04:55:16 UTC,ETH,ETH_USDT_20261225,138.8,1917.28,1917.29,1917.29,1000.0,1935.3,1936.65,1935.05,1000.0,0.9266,2.44,0.9505,-0.024,-0.06,142.4,NO-GO
1786164946,2026-08-08 04:55:46 UTC,BTC,BTC_USDT_20260925,47.8,65016.0,65016.1,65016.1,1000.0,65345.2,65393.6,65341.33,1000.0,0.5002,3.82,0.4519,0.0483,0.37,43.2,MARGINAL
1786164946,2026-08-08 04:55:46 UTC,BTC,BTC_USDT_20261225,138.8,65016.0,65016.1,65016.1,1000.0,66064.0,66113.0,66060.13,1000.0,1.6058,4.22,0.9505,0.6553,1.72,82.2,GO
1786164946,2026-08-08 04:55:46 UTC,ETH,ETH_USDT_20260925,47.8,1917.28,1917.29,1917.29,1000.0,1922.5,1923.85,1922.25,1000.0,0.2589,1.98,0.4519,-0.1929,-1.47,83.4,NO-GO
1786164946,2026-08-08 04:55:46 UTC,ETH,ETH_USDT_20261225,138.8,1917.28,1917.29,1917.29,1000.0,1935.3,1936.65,1935.05,1000.0,0.9266,2.44,0.9505,-0.024,-0.06,142.4,NO-GO
1786164976,2026-08-08 04:56:16 UTC,BTC,BTC_USDT_20260925,47.8,65008.7,65008.8,65008.8,1000.0,65345.2,65393.6,65341.33,1000.0,0.5115,3.91,0.4519,0.0596,0.46,42.2,MARGINAL
1786164976,2026-08-08 04:56:16 UTC,BTC,BTC_USDT_20261225,138.8,65008.7,65008.8,65008.8,1000.0,66064.0,66113.0,66060.13,1000.0,1.6172,4.25,0.9505,0.6667,1.75,81.6,GO
1786164976,2026-08-08 04:56:16 UTC,ETH,ETH_USDT_20260925,47.8,1916.95,1916.96,1916.96,1000.0,1922.05,1923.5,1921.85,1000.0,0.2553,1.95,0.4519,-0.1966,-1.5,84.6,NO-GO
1786164976,2026-08-08 04:56:16 UTC,ETH,ETH_USDT_20261225,138.8,1916.95,1916.96,1916.96,1000.0,1934.95,1936.3,1934.66,1000.0,0.9231,2.43,0.9505,-0.0274,-0.07,142.9,NO-GO
1786165006,2026-08-08 04:56:46 UTC,BTC,BTC_USDT_20260925,47.8,65008.7,65008.8,65008.8,1000.0,65345.2,65393.6,65341.33,1000.0,0.5115,3.91,0.4519,0.0596,0.46,42.2,MARGINAL
1786165006,2026-08-08 04:56:46 UTC,BTC,BTC_USDT_20261225,138.8,65008.7,65008.8,65008.8,1000.0,66088.6,66113.0,66060.32,1000.0,1.6175,4.25,0.9505,0.667,1.75,81.6,GO
1786165006,2026-08-08 04:56:46 UTC,ETH,ETH_USDT_20260925,47.8,1916.95,1916.96,1916.96,1000.0,1922.05,1923.5,1921.85,1000.0,0.2553,1.95,0.4519,-0.1966,-1.5,84.6,NO-GO
1786165006,2026-08-08 04:56:46 UTC,ETH,ETH_USDT_20261225,138.8,1916.95,1916.96,1916.96,1000.0,1934.95,1936.3,1934.66,1000.0,0.9231,2.43,0.9505,-0.0274,-0.07,142.9,NO-GO
1786165036,2026-08-08 04:57:16 UTC,BTC,BTC_USDT_20260925,47.8,65008.6,65008.7,65008.7,1000.0,65345.2,65393.6,65341.33,1000.0,0.5117,3.91,0.4519,0.0598,0.46,42.2,MARGINAL
1786165036,2026-08-08 04:57:16 UTC,BTC,BTC_USDT_20261225,138.8,65008.6,65008.7,65008.7,1000.0,66064.0,66113.0,66060.13,1000.0,1.6174,4.25,0.9505,0.6669,1.75,81.6,GO
1786165036,2026-08-08 04:57:16 UTC,ETH,ETH_USDT_20260925,47.8,1916.95,1916.96,1916.96,1000.0,1922.05,1923.5,1921.85,1000.0,0.2553,1.95,0.4519,-0.1966,-1.5,84.6,NO-GO
1786165036,2026-08-08 04:57:16 UTC,ETH,ETH_USDT_20261225,138.8,1916.95,1916.96,1916.96,1000.0,1934.95,1936.3,1934.66,1000.0,0.9231,2.43,0.9505,-0.0274,-0.07,142.9,NO-GO
1786165066,2026-08-08 04:57:46 UTC,BTC,BTC_USDT_20260925,47.8,65008.5,65008.6,65008.6,1000.0,65345.2,65393.6,65341.33,1000.0,0.5118,3.91,0.4519,0.0599,0.46,42.2,MARGINAL
1786165066,2026-08-08 04:57:46 UTC,BTC,BTC_USDT_20261225,138.8,65008.5,65008.6,65008.6,1000.0,66064.0,66113.0,66060.13,1000.0,1.6175,4.25,0.9505,0.667,1.75,81.6,GO
1786165066,2026-08-08 04:57:46 UTC,ETH,ETH_USDT_20260925,47.8,1916.94,1916.95,1916.95,1000.0,1922.05,1923.5,1921.85,1000.0,0.2558,1.95,0.4519,-0.1961,-1.5,84.4,NO-GO
1786165066,2026-08-08 04:57:46 UTC,ETH,ETH_USDT_20261225,138.8,1916.94,1916.95,1916.95,1000.0,1934.95,1936.3,1934.66,1000.0,0.9236,2.43,0.9505,-0.0269,-0.07,142.8,NO-GO
1786165096,2026-08-08 04:58:16 UTC,BTC,BTC_USDT_20260925,47.8,64999.8,64999.9,64999.9,1000.0,65345.2,65393.6,65341.33,1000.0,0.5253,4.01,0.4519,0.0734,0.56,41.1,MARGINAL
1786165096,2026-08-08 04:58:16 UTC,BTC,BTC_USDT_20261225,138.8,64999.8,64999.9,64999.9,1000.0,66064.0,66113.0,66060.13,1000.0,1.6311,4.29,0.9505,0.6806,1.79,80.9,GO
1786165096,2026-08-08 04:58:16 UTC,ETH,ETH_USDT_20260925,47.8,1917.09,1917.1,1917.1,1000.0,1922.3,1923.5,1922.15,1000.0,0.2636,2.01,0.4519,-0.1883,-1.44,81.9,NO-GO
1786165096,2026-08-08 04:58:16 UTC,ETH,ETH_USDT_20261225,138.8,1917.09,1917.1,1917.1,1000.0,1934.95,1936.3,1934.66,1000.0,0.9157,2.41,0.9505,-0.0348,-0.09,144.1,NO-GO
1786165126,2026-08-08 04:58:46 UTC,BTC,BTC_USDT_20260925,47.8,64999.8,64999.9,64999.9,1000.0,65345.2,65393.6,65341.33,1000.0,0.5253,4.01,0.4519,0.0734,0.56,41.1,MARGINAL
1786165126,2026-08-08 04:58:46 UTC,BTC,BTC_USDT_20261225,138.8,64999.8,64999.9,64999.9,1000.0,66064.0,66113.0,66060.13,1000.0,1.6311,4.29,0.9505,0.6806,1.79,80.9,GO
1786165126,2026-08-08 04:58:46 UTC,ETH,ETH_USDT_20260925,47.8,1917.09,1917.1,1917.1,1000.0,1922.3,1923.5,1922.15,1000.0,0.2636,2.01,0.4519,-0.1883,-1.44,81.9,NO-GO
1786165126,2026-08-08 04:58:46 UTC,ETH,ETH_USDT_20261225,138.8,1917.09,1917.1,1917.1,1000.0,1934.95,1936.3,1934.66,1000.0,0.9157,2.41,0.9505,-0.0348,-0.09,144.1,NO-GO
1786165156,2026-08-08 04:59:16 UTC,BTC,BTC_USDT_20260925,47.8,64999.7,64999.8,65004.91,1000.0,65345.0,65393.6,65338.75,1000.0,0.5136,3.92,0.4519,0.0617,0.47,42.1,MARGINAL
1786165156,2026-08-08 04:59:16 UTC,BTC,BTC_USDT_20261225,138.8,64999.7,64999.8,65004.91,1000.0,66064.1,66113.0,66057.72,1000.0,1.6196,4.26,0.9505,0.6691,1.76,81.5,GO
1786165156,2026-08-08 04:59:16 UTC,ETH,ETH_USDT_20260925,47.8,1917.08,1917.09,1917.09,1000.0,1922.3,1923.5,1922.15,1000.0,0.2641,2.02,0.4519,-0.1878,-1.43,81.8,NO-GO
1786165156,2026-08-08 04:59:16 UTC,ETH,ETH_USDT_20261225,138.8,1917.08,1917.09,1917.09,1000.0,1934.95,1936.3,1934.66,1000.0,0.9163,2.41,0.9505,-0.0342,-0.09,144.0,NO-GO
1786165186,2026-08-08 04:59:46 UTC,BTC,BTC_USDT_20260925,47.8,65006.6,65006.7,65006.7,1000.0,65345.0,65393.6,65338.75,1000.0,0.5108,3.9,0.4519,0.0589,0.45,42.3,MARGINAL
1786165186,2026-08-08 04:59:46 UTC,BTC,BTC_USDT_20261225,138.8,65006.6,65006.7,65006.7,1000.0,66064.1,66113.0,66057.72,1000.0,1.6168,4.25,0.9505,0.6663,1.75,81.6,GO
1786165186,2026-08-08 04:59:46 UTC,ETH,ETH_USDT_20260925,47.8,1917.08,1917.09,1917.09,1000.0,1922.3,1923.5,1922.15,1000.0,0.2641,2.02,0.4519,-0.1878,-1.43,81.8,NO-GO
1786165186,2026-08-08 04:59:46 UTC,ETH,ETH_USDT_20261225,138.8,1917.08,1917.09,1917.09,1000.0,1935.1,1936.3,1934.95,1000.0,0.9318,2.45,0.9505,-0.0187,-0.05,141.6,NO-GO
1786165216,2026-08-08 05:00:16 UTC,BTC,BTC_USDT_20260925,47.8,65006.6,65006.7,65006.7,1000.0,65345.0,65393.6,65338.75,1000.0,0.5108,3.9,0.4519,0.0589,0.45,42.3,MARGINAL
1786165216,2026-08-08 05:00:16 UTC,BTC,BTC_USDT_20261225,138.8,65006.6,65006.7,65006.7,1000.0,66064.1,66113.0,66057.72,1000.0,1.6168,4.25,0.9505,0.6663,1.75,81.6,GO
1786165216,2026-08-08 05:00:16 UTC,ETH,ETH_USDT_20260925,47.8,1917.08,1917.09,1917.09,1000.0,1922.3,1923.5,1922.15,1000.0,0.2641,2.02,0.4519,-0.1878,-1.43,81.8,NO-GO
1786165216,2026-08-08 05:00:16 UTC,ETH,ETH_USDT_20261225,138.8,1917.08,1917.09,1917.09,1000.0,1935.1,1936.3,1934.95,1000.0,0.9318,2.45,0.9505,-0.0187,-0.05,141.6,NO-GO
1786165246,2026-08-08 05:00:46 UTC,BTC,BTC_USDT_20260925,47.8,65006.6,65006.7,65006.7,1000.0,65345.0,65393.6,65338.75,1000.0,0.5108,3.9,0.4519,0.0589,0.45,42.3,MARGINAL
1786165246,2026-08-08 05:00:46 UTC,BTC,BTC_USDT_20261225,138.8,65006.6,65006.7,65006.7,1000.0,66064.1,66113.0,66057.72,1000.0,1.6168,4.25,0.9505,0.6663,1.75,81.6,GO
1786165246,2026-08-08 05:00:46 UTC,ETH,ETH_USDT_20260925,47.8,1917.07,1917.08,1917.08,1000.0,1922.3,1923.85,1922.15,1000.0,0.2646,2.02,0.4519,-0.1873,-1.43,81.6,NO-GO
1786165246,2026-08-08 05:00:46 UTC,ETH,ETH_USDT_20261225,138.8,1917.07,1917.08,1917.08,1000.0,1935.1,1936.65,1934.95,1000.0,0.9323,2.45,0.9505,-0.0182,-0.05,141.5,NO-GO
1786165276,2026-08-08 05:01:16 UTC,BTC,BTC_USDT_20260925,47.8,65006.6,65006.7,65006.7,1000.0,65345.0,65393.6,65338.75,1000.0,0.5108,3.9,0.4519,0.0589,0.45,42.3,MARGINAL
1786165276,2026-08-08 05:01:16 UTC,BTC,BTC_USDT_20261225,138.8,65006.6,65006.7,65006.7,1000.0,66064.1,66113.0,66057.72,1000.0,1.6168,4.25,0.9505,0.6663,1.75,81.6,GO
1786165276,2026-08-08 05:01:16 UTC,ETH,ETH_USDT_20260925,47.8,1917.07,1917.08,1917.08,1000.0,1922.3,1923.85,1922.15,1000.0,0.2646,2.02,0.4519,-0.1873,-1.43,81.6,NO-GO
1786165276,2026-08-08 05:01:16 UTC,ETH,ETH_USDT_20261225,138.8,1917.07,1917.08,1917.08,1000.0,1935.1,1936.65,1934.95,1000.0,0.9323,2.45,0.9505,-0.0182,-0.05,141.5,NO-GO
1786165306,2026-08-08 05:01:46 UTC,BTC,BTC_USDT_20260925,47.8,65006.6,65006.7,65006.7,1000.0,65345.0,65393.6,65338.75,1000.0,0.5108,3.9,0.4519,0.0589,0.45,42.3,MARGINAL
1786165306,2026-08-08 05:01:46 UTC,BTC,BTC_USDT_20261225,138.8,65006.6,65006.7,65006.7,1000.0,66064.1,66113.0,66057.72,1000.0,1.6168,4.25,0.9505,0.6663,1.75,81.6,GO
1786165306,2026-08-08 05:01:46 UTC,ETH,ETH_USDT_20260925,47.8,1917.07,1917.08,1917.08,1000.0,1922.3,1923.85,1922.15,1000.0,0.2646,2.02,0.4519,-0.1873,-1.43,81.6,NO-GO
1786165306,2026-08-08 05:01:46 UTC,ETH,ETH_USDT_20261225,138.8,1917.07,1917.08,1917.08,1000.0,1935.1,1936.65,1934.95,1000.0,0.9323,2.45,0.9505,-0.0182,-0.05,141.5,NO-GO
1786165336,2026-08-08 05:02:16 UTC,BTC,BTC_USDT_20260925,47.8,65006.6,65006.7,65006.7,1000.0,65345.0,65393.6,65338.75,1000.0,0.5108,3.9,0.4519,0.0589,0.45,42.3,MARGINAL
1786165336,2026-08-08 05:02:16 UTC,BTC,BTC_USDT_20261225,138.8,65006.6,65006.7,65006.7,1000.0,66064.1,66113.0,66057.72,1000.0,1.6168,4.25,0.9505,0.6663,1.75,81.6,GO
1786165336,2026-08-08 05:02:16 UTC,ETH,ETH_USDT_20260925,47.8,1917.07,1917.08,1917.08,1000.0,1922.3,1923.85,1922.15,1000.0,0.2646,2.02,0.4519,-0.1872,-1.43,81.6,NO-GO
1786165336,2026-08-08 05:02:16 UTC,ETH,ETH_USDT_20261225,138.8,1917.07,1917.08,1917.08,1000.0,1935.1,1936.65,1934.95,1000.0,0.9323,2.45,0.9505,-0.0182,-0.05,141.5,NO-GO
1786165366,2026-08-08 05:02:46 UTC,BTC,BTC_USDT_20260925,47.8,65005.3,65005.4,65005.78,1000.0,65345.0,65393.6,65338.75,1000.0,0.5122,3.91,0.4519,0.0604,0.46,42.2,MARGINAL
1786165366,2026-08-08 05:02:46 UTC,BTC,BTC_USDT_20261225,138.8,65005.3,65005.4,65005.78,1000.0,66064.1,66113.0,66057.72,1000.0,1.6182,4.26,0.9505,0.6677,1.76,81.5,GO
1786165366,2026-08-08 05:02:46 UTC,ETH,ETH_USDT_20260925,47.8,1917.07,1917.08,1917.08,1000.0,1922.3,1923.85,1922.15,1000.0,0.2646,2.02,0.4519,-0.1872,-1.43,81.6,NO-GO
1786165366,2026-08-08 05:02:46 UTC,ETH,ETH_USDT_20261225,138.8,1917.07,1917.08,1917.08,1000.0,1935.1,1936.65,1934.95,1000.0,0.9323,2.45,0.9505,-0.0182,-0.05,141.5,NO-GO
1786165396,2026-08-08 05:03:16 UTC,BTC,BTC_USDT_20260925,47.8,65005.3,65005.4,65005.4,1000.0,65345.0,65393.6,65338.75,1000.0,0.5128,3.92,0.4519,0.061,0.47,42.1,MARGINAL
1786165396,2026-08-08 05:03:16 UTC,BTC,BTC_USDT_20261225,138.8,65005.3,65005.4,65005.4,1000.0,66064.1,66113.0,66057.72,1000.0,1.6188,4.26,0.9505,0.6683,1.76,81.5,GO
1786165396,2026-08-08 05:03:16 UTC,ETH,ETH_USDT_20260925,47.8,1917.07,1917.08,1917.08,1000.0,1922.3,1923.85,1922.15,1000.0,0.2646,2.02,0.4519,-0.1872,-1.43,81.6,NO-GO
1786165396,2026-08-08 05:03:16 UTC,ETH,ETH_USDT_20261225,138.8,1917.07,1917.08,1917.08,1000.0,1935.1,1936.65,1934.95,1000.0,0.9323,2.45,0.9505,-0.0182,-0.05,141.5,NO-GO
1786165426,2026-08-08 05:03:46 UTC,BTC,BTC_USDT_20260925,47.8,65005.3,65005.4,65005.4,1000.0,65345.0,65393.6,65338.75,1000.0,0.5128,3.92,0.4519,0.061,0.47,42.1,MARGINAL
1786165426,2026-08-08 05:03:46 UTC,BTC,BTC_USDT_20261225,138.8,65005.3,65005.4,65005.4,1000.0,66064.1,66113.0,66057.72,1000.0,1.6188,4.26,0.9505,0.6683,1.76,81.5,GO
1786165426,2026-08-08 05:03:46 UTC,ETH,ETH_USDT_20260925,47.8,1917.07,1917.08,1917.08,1000.0,1922.3,1923.85,1922.15,1000.0,0.2646,2.02,0.4519,-0.1872,-1.43,81.6,NO-GO
1786165426,2026-08-08 05:03:46 UTC,ETH,ETH_USDT_20261225,138.8,1917.07,1917.08,1917.08,1000.0,1935.1,1936.65,1934.95,1000.0,0.9323,2.45,0.9505,-0.0182,-0.05,141.5,NO-GO
1786165456,2026-08-08 05:04:16 UTC,BTC,BTC_USDT_20260925,47.8,65009.3,65009.4,65009.4,1000.0,65345.0,65393.6,65338.75,1000.0,0.5066,3.87,0.4519,0.0548,0.42,42.6,MARGINAL
1786165456,2026-08-08 05:04:16 UTC,BTC,BTC_USDT_20261225,138.8,65009.3,65009.4,65009.4,1000.0,66064.1,66113.0,66057.72,1000.0,1.6126,4.24,0.9505,0.6621,1.74,81.8,GO
1786165456,2026-08-08 05:04:16 UTC,ETH,ETH_USDT_20260925,47.8,1917.07,1917.08,1917.08,1000.0,1922.3,1923.85,1922.15,1000.0,0.2646,2.02,0.4519,-0.1872,-1.43,81.6,NO-GO
1786165456,2026-08-08 05:04:16 UTC,ETH,ETH_USDT_20261225,138.8,1917.07,1917.08,1917.08,1000.0,1935.1,1936.65,1934.95,1000.0,0.9323,2.45,0.9505,-0.0182,-0.05,141.5,NO-GO
1786165486,2026-08-08 05:04:46 UTC,BTC,BTC_USDT_20260925,47.8,65009.3,65009.4,65009.4,1000.0,65345.0,65393.6,65338.75,1000.0,0.5066,3.87,0.4519,0.0548,0.42,42.6,MARGINAL
1786165486,2026-08-08 05:04:46 UTC,BTC,BTC_USDT_20261225,138.8,65009.3,65009.4,65009.4,1000.0,66064.1,66113.0,66057.72,1000.0,1.6126,4.24,0.9505,0.6621,1.74,81.8,GO
1786165486,2026-08-08 05:04:46 UTC,ETH,ETH_USDT_20260925,47.8,1917.07,1917.08,1917.08,1000.0,1922.3,1923.85,1922.15,1000.0,0.2646,2.02,0.4519,-0.1872,-1.43,81.6,NO-GO
1786165486,2026-08-08 05:04:46 UTC,ETH,ETH_USDT_20261225,138.8,1917.07,1917.08,1917.08,1000.0,1935.1,1936.65,1934.95,1000.0,0.9323,2.45,0.9505,-0.0182,-0.05,141.5,NO-GO
1786165516,2026-08-08 05:05:16 UTC,BTC,BTC_USDT_20260925,47.8,65009.3,65009.4,65009.4,1000.0,65345.0,65393.6,65338.75,1000.0,0.5066,3.87,0.4519,0.0548,0.42,42.6,MARGINAL
1786165516,2026-08-08 05:05:16 UTC,BTC,BTC_USDT_20261225,138.8,65009.3,65009.4,65009.4,1000.0,66064.1,66113.0,66057.72,1000.0,1.6126,4.24,0.9505,0.6621,1.74,81.8,GO
1786165516,2026-08-08 05:05:16 UTC,ETH,ETH_USDT_20260925,47.8,1917.07,1917.08,1917.08,1000.0,1922.3,1923.85,1922.15,1000.0,0.2646,2.02,0.4519,-0.1872,-1.43,81.6,NO-GO
1786165516,2026-08-08 05:05:16 UTC,ETH,ETH_USDT_20261225,138.8,1917.07,1917.08,1917.08,1000.0,1935.1,1936.65,1934.95,1000.0,0.9323,2.45,0.9505,-0.0182,-0.05,141.5,NO-GO
1786165546,2026-08-08 05:05:46 UTC,BTC,BTC_USDT_20260925,47.8,65009.3,65009.4,65009.4,1000.0,65345.0,65393.6,65338.75,1000.0,0.5066,3.87,0.4519,0.0548,0.42,42.6,MARGINAL
1786165546,2026-08-08 05:05:46 UTC,BTC,BTC_USDT_20261225,138.8,65009.3,65009.4,65009.4,1000.0,66064.1,66113.0,66057.72,1000.0,1.6126,4.24,0.9505,0.6621,1.74,81.8,GO
1786165546,2026-08-08 05:05:46 UTC,ETH,ETH_USDT_20260925,47.8,1917.07,1917.08,1917.08,1000.0,1922.3,1923.85,1922.15,1000.0,0.2646,2.02,0.4519,-0.1872,-1.43,81.6,NO-GO
1786165546,2026-08-08 05:05:46 UTC,ETH,ETH_USDT_20261225,138.8,1917.07,1917.08,1917.08,1000.0,1935.1,1936.65,1934.95,1000.0,0.9323,2.45,0.9505,-0.0182,-0.05,141.5,NO-GO
1786165576,2026-08-08 05:06:16 UTC,BTC,BTC_USDT_20260925,47.8,65009.3,65009.4,65009.4,1000.0,65345.0,65393.6,65338.75,1000.0,0.5066,3.87,0.4518,0.0548,0.42,42.6,MARGINAL
1786165576,2026-08-08 05:06:16 UTC,BTC,BTC_USDT_20261225,138.8,65009.3,65009.4,65009.4,1000.0,66064.1,66113.0,66057.72,1000.0,1.6126,4.24,0.9505,0.6621,1.74,81.8,GO
1786165576,2026-08-08 05:06:16 UTC,ETH,ETH_USDT_20260925,47.8,1917.07,1917.08,1917.08,1000.0,1922.3,1923.85,1922.15,1000.0,0.2646,2.02,0.4518,-0.1872,-1.43,81.6,NO-GO
1786165576,2026-08-08 05:06:16 UTC,ETH,ETH_USDT_20261225,138.8,1917.07,1917.08,1917.08,1000.0,1935.1,1936.65,1934.95,1000.0,0.9323,2.45,0.9505,-0.0182,-0.05,141.5,NO-GO
1786165606,2026-08-08 05:06:46 UTC,BTC,BTC_USDT_20260925,47.8,65009.3,65009.4,65009.4,1000.0,65345.0,65393.6,65338.75,1000.0,0.5066,3.87,0.4518,0.0548,0.42,42.6,MARGINAL
1786165606,2026-08-08 05:06:46 UTC,BTC,BTC_USDT_20261225,138.8,65009.3,65009.4,65009.4,1000.0,66064.1,66113.0,66057.72,1000.0,1.6126,4.24,0.9505,0.6621,1.74,81.8,GO
1786165606,2026-08-08 05:06:46 UTC,ETH,ETH_USDT_20260925,47.8,1917.07,1917.08,1917.08,1000.0,1922.3,1923.85,1922.15,1000.0,0.2646,2.02,0.4518,-0.1872,-1.43,81.6,NO-GO
1786165606,2026-08-08 05:06:46 UTC,ETH,ETH_USDT_20261225,138.8,1917.07,1917.08,1917.08,1000.0,1935.1,1936.65,1934.95,1000.0,0.9323,2.45,0.9505,-0.0182,-0.05,141.5,NO-GO
1786165636,2026-08-08 05:07:16 UTC,BTC,BTC_USDT_20260925,47.8,65009.3,65009.4,65009.4,1000.0,65345.0,65393.6,65338.75,1000.0,0.5066,3.87,0.4518,0.0548,0.42,42.6,MARGINAL
1786165636,2026-08-08 05:07:16 UTC,BTC,BTC_USDT_20261225,138.8,65009.3,65009.4,65009.4,1000.0,66064.1,66113.0,66057.72,1000.0,1.6126,4.24,0.9505,0.6621,1.74,81.8,GO
1786165636,2026-08-08 05:07:16 UTC,ETH,ETH_USDT_20260925,47.8,1917.07,1917.08,1917.08,1000.0,1922.3,1923.85,1922.15,1000.0,0.2646,2.02,0.4518,-0.1872,-1.43,81.6,NO-GO
1786165636,2026-08-08 05:07:16 UTC,ETH,ETH_USDT_20261225,138.8,1917.07,1917.08,1917.08,1000.0,1935.1,1936.65,1934.95,1000.0,0.9323,2.45,0.9505,-0.0182,-0.05,141.5,NO-GO
1786165666,2026-08-08 05:07:46 UTC,BTC,BTC_USDT_20260925,47.8,65009.3,65009.4,65009.4,1000.0,65345.0,65393.6,65338.75,1000.0,0.5066,3.87,0.4518,0.0548,0.42,42.6,MARGINAL
1786165666,2026-08-08 05:07:46 UTC,BTC,BTC_USDT_20261225,138.8,65009.3,65009.4,65009.4,1000.0,66064.1,66113.0,66057.72,1000.0,1.6126,4.24,0.9505,0.6621,1.74,81.8,GO
1786165666,2026-08-08 05:07:46 UTC,ETH,ETH_USDT_20260925,47.8,1917.07,1917.08,1917.08,1000.0,1922.3,1923.85,1922.15,1000.0,0.2646,2.02,0.4518,-0.1872,-1.43,81.6,NO-GO
1786165666,2026-08-08 05:07:46 UTC,ETH,ETH_USDT_20261225,138.8,1917.07,1917.08,1917.08,1000.0,1935.1,1936.65,1934.95,1000.0,0.9323,2.45,0.9505,-0.0182,-0.05,141.5,NO-GO
1786165696,2026-08-08 05:08:16 UTC,BTC,BTC_USDT_20260925,47.8,65009.3,65009.4,65009.4,1000.0,65358.8,65393.6,65339.42,1000.0,0.5076,3.88,0.4518,0.0558,0.43,42.5,MARGINAL
1786165696,2026-08-08 05:08:16 UTC,BTC,BTC_USDT_20261225,138.8,65009.3,65009.4,65009.4,1000.0,66064.1,66113.0,66057.72,1000.0,1.6126,4.24,0.9505,0.6621,1.74,81.8,GO
1786165696,2026-08-08 05:08:16 UTC,ETH,ETH_USDT_20260925,47.8,1917.38,1917.39,1917.39,1000.0,1922.7,1923.85,1922.55,1000.0,0.2693,2.06,0.4518,-0.1826,-1.39,80.2,NO-GO
1786165696,2026-08-08 05:08:16 UTC,ETH,ETH_USDT_20261225,138.8,1917.38,1917.39,1917.39,1000.0,1935.45,1937.05,1935.3,1000.0,0.9342,2.46,0.9505,-0.0162,-0.04,141.2,NO-GO
1786165726,2026-08-08 05:08:46 UTC,BTC,BTC_USDT_20260925,47.8,65009.3,65009.4,65009.4,1000.0,65345.0,65393.6,65338.75,1000.0,0.5066,3.87,0.4518,0.0548,0.42,42.6,MARGINAL
1786165726,2026-08-08 05:08:46 UTC,BTC,BTC_USDT_20261225,138.8,65009.3,65009.4,65009.4,1000.0,66064.1,66113.0,66057.72,1000.0,1.6126,4.24,0.9505,0.6621,1.74,81.8,GO
1786165726,2026-08-08 05:08:46 UTC,ETH,ETH_USDT_20260925,47.8,1917.48,1917.49,1917.49,1000.0,1922.7,1923.85,1922.55,1000.0,0.264,2.02,0.4518,-0.1878,-1.43,81.8,NO-GO
1786165726,2026-08-08 05:08:46 UTC,ETH,ETH_USDT_20261225,138.8,1917.48,1917.49,1917.49,1000.0,1935.45,1937.05,1935.3,1000.0,0.929,2.44,0.9505,-0.0215,-0.06,142.0,NO-GO
1786165756,2026-08-08 05:09:16 UTC,BTC,BTC_USDT_20260925,47.8,65009.3,65009.4,65009.4,1000.0,65345.0,65393.6,65338.75,1000.0,0.5066,3.87,0.4518,0.0548,0.42,42.6,MARGINAL
1786165756,2026-08-08 05:09:16 UTC,BTC,BTC_USDT_20261225,138.8,65009.3,65009.4,65009.4,1000.0,66064.1,66113.0,66057.72,1000.0,1.6126,4.24,0.9505,0.6621,1.74,81.8,GO
1786165756,2026-08-08 05:09:16 UTC,ETH,ETH_USDT_20260925,47.8,1917.18,1917.19,1917.19,1000.0,1922.3,1923.85,1922.15,1000.0,0.2589,1.98,0.4518,-0.193,-1.47,83.4,NO-GO
1786165756,2026-08-08 05:09:16 UTC,ETH,ETH_USDT_20261225,138.8,1917.18,1917.19,1917.19,1000.0,1935.1,1936.55,1934.9,1000.0,0.9239,2.43,0.9505,-0.0265,-0.07,142.8,NO-GO
1786165786,2026-08-08 05:09:46 UTC,BTC,BTC_USDT_20260925,47.8,65009.3,65009.4,65009.4,1000.0,65345.0,65393.6,65338.75,1000.0,0.5066,3.87,0.4518,0.0548,0.42,42.6,MARGINAL
1786165786,2026-08-08 05:09:46 UTC,BTC,BTC_USDT_20261225,138.8,65009.3,65009.4,65009.4,1000.0,66064.1,66113.0,66057.72,1000.0,1.6126,4.24,0.9505,0.6621,1.74,81.8,GO
1786165786,2026-08-08 05:09:46 UTC,ETH,ETH_USDT_20260925,47.8,1917.18,1917.19,1917.19,1000.0,1922.3,1923.5,1922.15,1000.0,0.2589,1.98,0.4518,-0.193,-1.47,83.4,NO-GO
1786165786,2026-08-08 05:09:46 UTC,ETH,ETH_USDT_20261225,138.8,1917.18,1917.19,1917.19,1000.0,1935.1,1936.55,1934.9,1000.0,0.9239,2.43,0.9505,-0.0265,-0.07,142.8,NO-GO
1786165816,2026-08-08 05:10:16 UTC,BTC,BTC_USDT_20260925,47.8,65004.8,65004.9,65004.9,1000.0,65345.0,65393.6,65338.75,1000.0,0.5136,3.92,0.4518,0.0618,0.47,42.0,MARGINAL
1786165816,2026-08-08 05:10:16 UTC,BTC,BTC_USDT_20261225,138.8,65004.8,65004.9,65004.9,1000.0,66064.1,66113.0,66057.72,1000.0,1.6196,4.26,0.9505,0.6691,1.76,81.4,GO
1786165816,2026-08-08 05:10:16 UTC,ETH,ETH_USDT_20260925,47.8,1917.02,1917.03,1917.03,1000.0,1922.3,1923.5,1922.15,1000.0,0.2672,2.04,0.4518,-0.1846,-1.41,80.8,NO-GO
1786165816,2026-08-08 05:10:16 UTC,ETH,ETH_USDT_20261225,138.8,1917.02,1917.03,1917.03,1000.0,1935.1,1936.55,1934.9,1000.0,0.9324,2.45,0.9505,-0.0181,-0.05,141.5,NO-GO
1786165846,2026-08-08 05:10:46 UTC,BTC,BTC_USDT_20260925,47.8,65001.7,65001.8,65001.8,1000.0,65369.3,65393.6,65338.96,1000.0,0.5187,3.96,0.4518,0.0669,0.51,41.6,MARGINAL
1786165846,2026-08-08 05:10:46 UTC,BTC,BTC_USDT_20261225,138.8,65001.7,65001.8,65001.8,1000.0,66064.1,66113.0,66057.72,1000.0,1.6244,4.27,0.9505,0.674,1.77,81.2,GO
1786165846,2026-08-08 05:10:46 UTC,ETH,ETH_USDT_20260925,47.8,1917.02,1917.03,1917.03,1000.0,1922.3,1923.5,1922.15,1000.0,0.2672,2.04,0.4518,-0.1846,-1.41,80.8,NO-GO
1786165846,2026-08-08 05:10:46 UTC,ETH,ETH_USDT_20261225,138.8,1917.02,1917.03,1917.03,1000.0,1935.1,1936.55,1934.9,1000.0,0.9324,2.45,0.9505,-0.0181,-0.05,141.5,NO-GO
1786165876,2026-08-08 05:11:16 UTC,BTC,BTC_USDT_20260925,47.8,65001.7,65001.8,65001.8,1000.0,65345.0,65393.6,65338.75,1000.0,0.5184,3.96,0.4518,0.0665,0.51,41.6,MARGINAL
1786165876,2026-08-08 05:11:16 UTC,BTC,BTC_USDT_20261225,138.8,65001.7,65001.8,65001.8,1000.0,66064.1,66113.0,66057.72,1000.0,1.6244,4.27,0.9505,0.674,1.77,81.2,GO
1786165876,2026-08-08 05:11:16 UTC,ETH,ETH_USDT_20260925,47.8,1916.95,1916.96,1916.96,1000.0,1922.3,1923.5,1922.15,1000.0,0.2709,2.07,0.4518,-0.1809,-1.38,79.7,NO-GO
1786165876,2026-08-08 05:11:16 UTC,ETH,ETH_USDT_20261225,138.8,1916.95,1916.96,1916.96,1000.0,1935.1,1936.55,1934.9,1000.0,0.9361,2.46,0.9505,-0.0144,-0.04,140.9,NO-GO
1786165906,2026-08-08 05:11:46 UTC,BTC,BTC_USDT_20260925,47.8,65001.7,65001.8,65001.8,1000.0,65345.0,65393.6,65338.75,1000.0,0.5184,3.96,0.4518,0.0666,0.51,41.6,MARGINAL
1786165906,2026-08-08 05:11:46 UTC,BTC,BTC_USDT_20261225,138.8,65001.7,65001.8,65001.8,1000.0,66064.1,66113.0,66057.72,1000.0,1.6244,4.27,0.9505,0.674,1.77,81.2,GO
1786165906,2026-08-08 05:11:46 UTC,ETH,ETH_USDT_20260925,47.8,1916.95,1916.96,1916.96,1000.0,1922.3,1923.5,1922.15,1000.0,0.2709,2.07,0.4518,-0.1809,-1.38,79.7,NO-GO
1786165906,2026-08-08 05:11:46 UTC,ETH,ETH_USDT_20261225,138.8,1916.95,1916.96,1916.96,1000.0,1935.1,1936.55,1934.9,1000.0,0.9361,2.46,0.9505,-0.0144,-0.04,140.9,NO-GO
1786165936,2026-08-08 05:12:16 UTC,BTC,BTC_USDT_20260925,47.8,65001.7,65001.8,65001.8,1000.0,65345.0,65367.4,65338.75,1000.0,0.5184,3.96,0.4518,0.0666,0.51,41.6,MARGINAL
1786165936,2026-08-08 05:12:16 UTC,BTC,BTC_USDT_20261225,138.8,65001.7,65001.8,65001.8,1000.0,66064.1,66113.0,66057.72,1000.0,1.6244,4.27,0.9505,0.674,1.77,81.2,GO
1786165936,2026-08-08 05:12:16 UTC,ETH,ETH_USDT_20260925,47.8,1917.16,1917.17,1917.17,1000.0,1922.3,1923.85,1922.15,1000.0,0.2599,1.99,0.4518,-0.1919,-1.47,83.1,NO-GO
1786165936,2026-08-08 05:12:16 UTC,ETH,ETH_USDT_20261225,138.8,1917.16,1917.17,1917.17,1000.0,1935.1,1936.55,1934.9,1000.0,0.925,2.43,0.9505,-0.0255,-0.07,142.6,NO-GO
1786165966,2026-08-08 05:12:46 UTC,BTC,BTC_USDT_20260925,47.8,65001.7,65001.8,65001.8,1000.0,65345.0,65366.9,65338.75,1000.0,0.5184,3.96,0.4518,0.0666,0.51,41.6,MARGINAL
1786165966,2026-08-08 05:12:46 UTC,BTC,BTC_USDT_20261225,138.8,65001.7,65001.8,65001.8,1000.0,66064.1,66113.0,66057.72,1000.0,1.6244,4.27,0.9505,0.674,1.77,81.2,GO
1786165966,2026-08-08 05:12:46 UTC,ETH,ETH_USDT_20260925,47.8,1917.09,1917.1,1917.1,1000.0,1922.3,1923.85,1922.15,1000.0,0.2636,2.01,0.4518,-0.1883,-1.44,81.9,NO-GO
1786165966,2026-08-08 05:12:46 UTC,ETH,ETH_USDT_20261225,138.8,1917.09,1917.1,1917.1,1000.0,1935.1,1936.55,1934.9,1000.0,0.9287,2.44,0.9505,-0.0218,-0.06,142.0,NO-GO
1786165996,2026-08-08 05:13:16 UTC,BTC,BTC_USDT_20260925,47.8,64995.7,64995.8,64995.8,1000.0,65332.0,65379.9,65327.65,1000.0,0.5106,3.9,0.4518,0.0587,0.45,42.3,MARGINAL
1786165996,2026-08-08 05:13:16 UTC,BTC,BTC_USDT_20261225,138.8,64995.7,64995.8,64995.8,1000.0,66050.6,66100.1,66047.22,1000.0,1.6177,4.25,0.9505,0.6672,1.75,81.5,GO
1786165996,2026-08-08 05:13:16 UTC,ETH,ETH_USDT_20260925,47.8,1916.93,1916.94,1916.94,1000.0,1922.3,1923.45,1922.15,1000.0,0.2719,2.08,0.4518,-0.1799,-1.37,79.4,NO-GO
1786165996,2026-08-08 05:13:16 UTC,ETH,ETH_USDT_20261225,138.8,1916.93,1916.94,1916.94,1000.0,1935.1,1936.25,1934.9,1000.0,0.9371,2.46,0.9505,-0.0133,-0.04,140.8,NO-GO
1786166026,2026-08-08 05:13:46 UTC,BTC,BTC_USDT_20260925,47.8,64995.7,64995.8,64995.8,1000.0,65332.0,65379.9,65327.65,1000.0,0.5106,3.9,0.4518,0.0587,0.45,42.3,MARGINAL
1786166026,2026-08-08 05:13:46 UTC,BTC,BTC_USDT_20261225,138.8,64995.7,64995.8,64995.8,1000.0,66050.6,66100.1,66047.22,1000.0,1.6177,4.25,0.9504,0.6672,1.75,81.5,GO
1786166026,2026-08-08 05:13:46 UTC,ETH,ETH_USDT_20260925,47.8,1916.93,1916.94,1916.94,1000.0,1922.3,1923.45,1922.15,1000.0,0.2719,2.08,0.4518,-0.1799,-1.37,79.4,NO-GO
1786166026,2026-08-08 05:13:46 UTC,ETH,ETH_USDT_20261225,138.8,1916.93,1916.94,1916.94,1000.0,1935.1,1936.25,1934.9,1000.0,0.9371,2.46,0.9504,-0.0133,-0.04,140.8,NO-GO
1786166056,2026-08-08 05:14:16 UTC,BTC,BTC_USDT_20260925,47.8,64993.3,64993.4,64993.4,1000.0,65332.0,65379.9,65327.65,1000.0,0.5143,3.93,0.4518,0.0625,0.48,42.0,MARGINAL
1786166056,2026-08-08 05:14:16 UTC,BTC,BTC_USDT_20261225,138.8,64993.3,64993.4,64993.4,1000.0,66050.6,66100.1,66047.22,1000.0,1.6214,4.26,0.9504,0.671,1.76,81.4,GO
1786166056,2026-08-08 05:14:16 UTC,ETH,ETH_USDT_20260925,47.8,1916.93,1916.94,1916.94,1000.0,1922.3,1923.45,1922.15,1000.0,0.2719,2.08,0.4518,-0.1799,-1.37,79.4,NO-GO
1786166056,2026-08-08 05:14:16 UTC,ETH,ETH_USDT_20261225,138.8,1916.93,1916.94,1916.94,1000.0,1935.1,1936.25,1934.9,1000.0,0.9371,2.46,0.9504,-0.0133,-0.04,140.8,NO-GO
1786166086,2026-08-08 05:14:46 UTC,BTC,BTC_USDT_20260925,47.8,64993.3,64993.4,64993.4,1000.0,65332.0,65379.9,65327.65,1000.0,0.5143,3.93,0.4518,0.0625,0.48,42.0,MARGINAL
1786166086,2026-08-08 05:14:46 UTC,BTC,BTC_USDT_20261225,138.8,64993.3,64993.4,64993.4,1000.0,66050.6,66100.1,66047.22,1000.0,1.6214,4.26,0.9504,0.671,1.76,81.4,GO
1786166086,2026-08-08 05:14:46 UTC,ETH,ETH_USDT_20260925,47.8,1916.8,1916.81,1916.81,1000.0,1922.3,1923.45,1922.15,1000.0,0.2787,2.13,0.4518,-0.1731,-1.32,77.5,NO-GO
1786166086,2026-08-08 05:14:46 UTC,ETH,ETH_USDT_20261225,138.8,1916.8,1916.81,1916.81,1000.0,1935.1,1936.25,1934.9,1000.0,0.944,2.48,0.9504,-0.0065,-0.02,139.7,NO-GO
1786166116,2026-08-08 05:15:16 UTC,BTC,BTC_USDT_20260925,47.8,64993.3,64993.4,64993.4,1000.0,65332.0,65379.9,65327.65,1000.0,0.5143,3.93,0.4518,0.0625,0.48,42.0,MARGINAL
1786166116,2026-08-08 05:15:16 UTC,BTC,BTC_USDT_20261225,138.8,64993.3,64993.4,64993.4,1000.0,66050.6,66100.1,66047.22,1000.0,1.6214,4.26,0.9504,0.671,1.76,81.4,GO
1786166116,2026-08-08 05:15:16 UTC,ETH,ETH_USDT_20260925,47.8,1916.8,1916.81,1916.81,1000.0,1922.3,1923.45,1922.15,1000.0,0.2787,2.13,0.4518,-0.1731,-1.32,77.4,NO-GO
1786166116,2026-08-08 05:15:16 UTC,ETH,ETH_USDT_20261225,138.8,1916.8,1916.81,1916.81,1000.0,1935.1,1936.25,1934.9,1000.0,0.944,2.48,0.9504,-0.0065,-0.02,139.7,NO-GO
1786166146,2026-08-08 05:15:46 UTC,BTC,BTC_USDT_20260925,47.8,64999.5,64999.6,65000.66,1000.0,65332.0,65373.4,65327.65,1000.0,0.5031,3.84,0.4518,0.0512,0.39,42.9,MARGINAL
1786166146,2026-08-08 05:15:46 UTC,BTC,BTC_USDT_20261225,138.8,64999.5,64999.6,65000.66,1000.0,66050.6,66100.1,66047.22,1000.0,1.6101,4.23,0.9504,0.6596,1.73,81.9,GO
1786166146,2026-08-08 05:15:46 UTC,ETH,ETH_USDT_20260925,47.8,1916.8,1916.81,1916.81,1000.0,1922.3,1923.45,1922.15,1000.0,0.2787,2.13,0.4518,-0.1731,-1.32,77.4,NO-GO
1786166146,2026-08-08 05:15:46 UTC,ETH,ETH_USDT_20261225,138.8,1916.8,1916.81,1916.81,1000.0,1935.1,1936.25,1934.9,1000.0,0.944,2.48,0.9504,-0.0065,-0.02,139.7,NO-GO
1786166176,2026-08-08 05:16:16 UTC,BTC,BTC_USDT_20260925,47.8,65000.1,65000.2,65000.2,1000.0,65346.4,65393.6,65340.11,1000.0,0.5229,3.99,0.4518,0.0711,0.54,41.3,MARGINAL
1786166176,2026-08-08 05:16:16 UTC,BTC,BTC_USDT_20261225,138.8,65000.1,65000.2,65000.2,1000.0,66064.0,66113.0,66057.62,1000.0,1.6268,4.28,0.9504,0.6764,1.78,81.1,GO
1786166176,2026-08-08 05:16:16 UTC,ETH,ETH_USDT_20260925,47.8,1916.87,1916.88,1916.88,1000.0,1922.3,1923.45,1922.15,1000.0,0.2751,2.1,0.4518,-0.1767,-1.35,78.5,NO-GO
1786166176,2026-08-08 05:16:16 UTC,ETH,ETH_USDT_20261225,138.8,1916.87,1916.88,1916.88,1000.0,1935.1,1936.25,1934.9,1000.0,0.9403,2.47,0.9504,-0.0102,-0.03,140.3,NO-GO
1786166206,2026-08-08 05:16:46 UTC,BTC,BTC_USDT_20260925,47.8,65000.1,65000.2,65000.2,1000.0,65346.4,65393.6,65340.11,1000.0,0.5229,3.99,0.4518,0.0711,0.54,41.3,MARGINAL
1786166206,2026-08-08 05:16:46 UTC,BTC,BTC_USDT_20261225,138.8,65000.1,65000.2,65000.2,1000.0,66064.0,66113.0,66057.62,1000.0,1.6268,4.28,0.9504,0.6764,1.78,81.1,GO
1786166206,2026-08-08 05:16:46 UTC,ETH,ETH_USDT_20260925,47.8,1916.87,1916.88,1916.88,1000.0,1922.3,1923.45,1922.15,1000.0,0.2751,2.1,0.4518,-0.1767,-1.35,78.5,NO-GO
1786166206,2026-08-08 05:16:46 UTC,ETH,ETH_USDT_20261225,138.8,1916.87,1916.88,1916.88,1000.0,1935.1,1936.25,1934.9,1000.0,0.9403,2.47,0.9504,-0.0102,-0.03,140.3,NO-GO
1786166236,2026-08-08 05:17:16 UTC,BTC,BTC_USDT_20260925,47.8,65000.6,65000.7,65000.7,1000.0,65346.4,65393.6,65340.11,1000.0,0.5222,3.99,0.4518,0.0704,0.54,41.3,MARGINAL
1786166236,2026-08-08 05:17:16 UTC,BTC,BTC_USDT_20261225,138.8,65000.6,65000.7,65000.7,1000.0,66064.0,66113.0,66057.62,1000.0,1.626,4.28,0.9504,0.6756,1.78,81.1,GO
1786166236,2026-08-08 05:17:16 UTC,ETH,ETH_USDT_20260925,47.8,1916.2,1916.21,1916.21,1000.0,1921.65,1923.1,1921.45,1000.0,0.2737,2.09,0.4518,-0.1781,-1.36,78.9,NO-GO
1786166236,2026-08-08 05:17:16 UTC,ETH,ETH_USDT_20261225,138.8,1916.2,1916.21,1916.21,1000.0,1934.3,1935.65,1934.15,1000.0,0.9364,2.46,0.9504,-0.0141,-0.04,140.9,NO-GO
